<?xml version="1.0" encoding="UTF-8"?>
<system>
	<pattern name="Factory Method" />
	<pattern name="Prototype" />
	<pattern name="Singleton" />
	<pattern name="(Object)Adapter" />
	<pattern name="Command" />
	<pattern name="Composite" />
	<pattern name="Decorator" />
	<pattern name="Observer" />
	<pattern name="State" />
	<pattern name="Strategy" />
	<pattern name="Bridge">
		<instance>
			<role name="Abstraction" element="bridge.Stack" />
			<role name="Implementor" element="bridge.StackImp" />
			<role name="implementor" element="bridge.Stack::imp:bridge.StackImp" />
			<role name="Operation()" element="bridge.Stack::push(int):void" />
			<role name="Operation()" element="bridge.Stack::pop():int" />
			<role name="Operation()" element="bridge.Stack::isEmpty():boolean" />
		</instance>
	</pattern>
	<pattern name="Template Method" />
	<pattern name="Visitor" />
	<pattern name="Proxy" />
	<pattern name="Proxy2" />
	<pattern name="Chain of Responsibility" />
</system>

