<?xml version="1.0" encoding="UTF-8"?>
<system>
	<pattern name="Factory Method" />
	<pattern name="Prototype" />
	<pattern name="Singleton" />
	<pattern name="(Object)Adapter" />
	<pattern name="Command">
		<instance>
			<role name="Receiver" element="command.Fan" />
			<role name="ConcreteCommand" element="command.FanOffCommand" />
			<role name="receiver" element="command.FanOffCommand::myFan:command.Fan" />
			<role name="Execute()" element="command.FanOffCommand::execute():void" />
		</instance>
		<instance>
			<role name="Receiver" element="command.Fan" />
			<role name="ConcreteCommand" element="command.FanOnCommand" />
			<role name="receiver" element="command.FanOnCommand::myFan:command.Fan" />
			<role name="Execute()" element="command.FanOnCommand::execute():void" />
		</instance>
		<instance>
			<role name="Receiver" element="command.Light" />
			<role name="ConcreteCommand" element="command.LightOffCommand" />
			<role name="receiver" element="command.LightOffCommand::myLight:command.Light" />
			<role name="Execute()" element="command.LightOffCommand::execute():void" />
		</instance>
		<instance>
			<role name="Receiver" element="command.Light" />
			<role name="ConcreteCommand" element="command.LightOnCommand" />
			<role name="receiver" element="command.LightOnCommand::myLight:command.Light" />
			<role name="Execute()" element="command.LightOnCommand::execute():void" />
		</instance>
	</pattern>
	<pattern name="Composite" />
	<pattern name="Decorator" />
	<pattern name="Observer" />
	<pattern name="State">
		<instance>
			<role name="Context" element="command.Switch" />
			<role name="State" element="command.Command" />
			<role name="state" element="command.Switch::UpCommand:command.Command" />
			<role name="state" element="command.Switch::DownCommand:command.Command" />
			<role name="Request()" element="command.Switch::flipUp():void" />
			<role name="Request()" element="command.Switch::flipDown():void" />
		</instance>
	</pattern>
	<pattern name="Strategy" />
	<pattern name="Bridge" />
	<pattern name="Template Method" />
	<pattern name="Visitor" />
	<pattern name="Proxy" />
	<pattern name="Proxy2" />
	<pattern name="Chain of Responsibility" />
</system>

