<?xml version="1.0" encoding="UTF-8"?>
<system>
	<pattern name="Factory Method" />
	<pattern name="Prototype">
		<instance>
			<role name="Client" element="prototype.PrototypesModule" />
			<role name="Prototype" element="prototype.Prototype" />
			<role name="prototype" element="prototype.PrototypesModule::prototypes:prototype.Prototype[]" />
			<role name="Operation()" element="prototype.PrototypesModule::findAndClone(java.lang.String):java.lang.Object" />
		</instance>
	</pattern>
	<pattern name="Singleton" />
	<pattern name="(Object)Adapter" />
	<pattern name="Command" />
	<pattern name="Composite" />
	<pattern name="Decorator" />
	<pattern name="Observer">
		<instance>
			<role name="Observer" element="prototype.Prototype" />
			<role name="Subject" element="prototype.PrototypesModule" />
			<role name="Notify()" element="prototype.PrototypesModule::findAndClone(java.lang.String):java.lang.Object" />
		</instance>
	</pattern>
	<pattern name="State">
		<instance>
			<role name="Context" element="prototype.PrototypesModule" />
			<role name="State" element="prototype.Prototype" />
			<role name="state" element="prototype.PrototypesModule::prototypes:prototype.Prototype[]" />
			<role name="Request()" element="prototype.PrototypesModule::findAndClone(java.lang.String):java.lang.Object" />
		</instance>
	</pattern>
	<pattern name="Strategy" />
	<pattern name="Bridge" />
	<pattern name="Template Method" />
	<pattern name="Visitor" />
	<pattern name="Proxy" />
	<pattern name="Proxy2" />
	<pattern name="Chain of Responsibility" />
</system>

