<?xml version="1.0" encoding="UTF-8"?>
<system>
	<pattern name="Factory Method" />
	<pattern name="Prototype" />
	<pattern name="Singleton" />
	<pattern name="(Object)Adapter" />
	<pattern name="Command" />
	<pattern name="Composite" />
	<pattern name="Decorator" />
	<pattern name="Observer" />
	<pattern name="State" />
	<pattern name="Strategy">
		<instance>
			<role name="Context" element="strategy.StrategyDemo" />
			<role name="Strategy" element="strategy.Strategy" />
			<role name="strategy" element="strategy.StrategyDemo::strat:strategy.Strategy" />
			<role name="ContextInterface()" element="strategy.StrategyDemo::main(java.lang.String[]):void" />
		</instance>
	</pattern>
	<pattern name="Bridge" />
	<pattern name="Template Method">
		<instance>
			<role name="AbstractClass" element="strategy.TemplateMethod1" />
			<role name="TemplateMethod()" element="strategy.TemplateMethod1::solve():void" />
		</instance>
		<instance>
			<role name="AbstractClass" element="strategy.TemplateMethod2" />
			<role name="TemplateMethod()" element="strategy.TemplateMethod2::solve():void" />
		</instance>
	</pattern>
	<pattern name="Visitor" />
	<pattern name="Proxy" />
	<pattern name="Proxy2" />
	<pattern name="Chain of Responsibility" />
</system>

