<?xml version="1.0" encoding="UTF-8"?>
<system>
	<pattern name="Factory Method" />
	<pattern name="Prototype" />
	<pattern name="Singleton" />
	<pattern name="(Object)Adapter" />
	<pattern name="Command" />
	<pattern name="Composite">
		<instance>
			<role name="Component" element="visitor.Component" />
			<role name="Composite" element="visitor.Composite" />
			<role name="Operation()" element="visitor.Composite::traverse():void" />
			<role name="Operation()" element="visitor.Composite::accept(visitor.Visitor):void" />
		</instance>
	</pattern>
	<pattern name="Decorator" />
	<pattern name="Observer" />
	<pattern name="State" />
	<pattern name="Strategy" />
	<pattern name="Bridge" />
	<pattern name="Template Method" />
	<pattern name="Visitor">
		<instance>
			<role name="ConcreteElement" element="visitor.Composite" />
			<role name="Visitor" element="visitor.Visitor" />
			<role name="Accept()" element="visitor.Composite::accept(visitor.Visitor):void" />
		</instance>
		<instance>
			<role name="ConcreteElement" element="visitor.Leaf" />
			<role name="Visitor" element="visitor.Visitor" />
			<role name="Accept()" element="visitor.Leaf::accept(visitor.Visitor):void" />
		</instance>
	</pattern>
	<pattern name="Proxy" />
	<pattern name="Proxy2" />
	<pattern name="Chain of Responsibility" />
</system>

