<?xml version="1.0" encoding="UTF-8"?>
<system>
	<pattern name="Factory Method" />
	<pattern name="Prototype" />
	<pattern name="Singleton" />
	<pattern name="(Object)Adapter" />
	<pattern name="Command" />
	<pattern name="Composite" />
	<pattern name="Decorator" />
	<pattern name="Observer" />
	<pattern name="State">
		<instance>
			<role name="Context" element="com.shashi.servlets.AdminAddTrain" />
			<role name="State" element="com.shashi.service.TrainService" />
			<role name="state" element="com.shashi.servlets.AdminAddTrain::trainService:com.shashi.service.TrainService" />
			<role name="Request()" element="com.shashi.servlets.AdminAddTrain::doPost(javax.servlet.http.HttpServletRequest, javax.servlet.http.HttpServletResponse):void" />
		</instance>
		<instance>
			<role name="Context" element="com.shashi.servlets.AdminCancleTrain" />
			<role name="State" element="com.shashi.service.TrainService" />
			<role name="state" element="com.shashi.servlets.AdminCancleTrain::trainService:com.shashi.service.TrainService" />
			<role name="Request()" element="com.shashi.servlets.AdminCancleTrain::doPost(javax.servlet.http.HttpServletRequest, javax.servlet.http.HttpServletResponse):void" />
		</instance>
		<instance>
			<role name="Context" element="com.shashi.servlets.AdminSearchTrain" />
			<role name="State" element="com.shashi.service.TrainService" />
			<role name="state" element="com.shashi.servlets.AdminSearchTrain::trainService:com.shashi.service.TrainService" />
			<role name="Request()" element="com.shashi.servlets.AdminSearchTrain::doPost(javax.servlet.http.HttpServletRequest, javax.servlet.http.HttpServletResponse):void" />
		</instance>
		<instance>
			<role name="Context" element="com.shashi.servlets.AdminTrainUpdate" />
			<role name="State" element="com.shashi.service.TrainService" />
			<role name="state" element="com.shashi.servlets.AdminTrainUpdate::trainService:com.shashi.service.TrainService" />
			<role name="Request()" element="com.shashi.servlets.AdminTrainUpdate::doPost(javax.servlet.http.HttpServletRequest, javax.servlet.http.HttpServletResponse):void" />
		</instance>
		<instance>
			<role name="Context" element="com.shashi.servlets.AdminViewLinkFwd" />
			<role name="State" element="com.shashi.service.TrainService" />
			<role name="state" element="com.shashi.servlets.AdminViewLinkFwd::trainService:com.shashi.service.TrainService" />
			<role name="Request()" element="com.shashi.servlets.AdminViewLinkFwd::doGet(javax.servlet.http.HttpServletRequest, javax.servlet.http.HttpServletResponse):void" />
		</instance>
		<instance>
			<role name="Context" element="com.shashi.servlets.AdminViewTrainFwd" />
			<role name="State" element="com.shashi.service.TrainService" />
			<role name="state" element="com.shashi.servlets.AdminViewTrainFwd::trainService:com.shashi.service.TrainService" />
			<role name="Request()" element="com.shashi.servlets.AdminViewTrainFwd::doGet(javax.servlet.http.HttpServletRequest, javax.servlet.http.HttpServletResponse):void" />
		</instance>
		<instance>
			<role name="Context" element="com.shashi.servlets.BookTrains" />
			<role name="State" element="com.shashi.service.TrainService" />
			<role name="state" element="com.shashi.servlets.BookTrains::trainService:com.shashi.service.TrainService" />
			<role name="Request()" element="com.shashi.servlets.BookTrains::doPost(javax.servlet.http.HttpServletRequest, javax.servlet.http.HttpServletResponse):void" />
		</instance>
		<instance>
			<role name="Context" element="com.shashi.servlets.FareEnq" />
			<role name="State" element="com.shashi.service.TrainService" />
			<role name="state" element="com.shashi.servlets.FareEnq::trainService:com.shashi.service.TrainService" />
			<role name="Request()" element="com.shashi.servlets.FareEnq::doPost(javax.servlet.http.HttpServletRequest, javax.servlet.http.HttpServletResponse):void" />
		</instance>
		<instance>
			<role name="Context" element="com.shashi.servlets.TrainBwStn" />
			<role name="State" element="com.shashi.service.TrainService" />
			<role name="state" element="com.shashi.servlets.TrainBwStn::trainService:com.shashi.service.TrainService" />
			<role name="Request()" element="com.shashi.servlets.TrainBwStn::doPost(javax.servlet.http.HttpServletRequest, javax.servlet.http.HttpServletResponse):void" />
		</instance>
		<instance>
			<role name="Context" element="com.shashi.servlets.UpdateTrainSchedule" />
			<role name="State" element="com.shashi.service.TrainService" />
			<role name="state" element="com.shashi.servlets.UpdateTrainSchedule::trainService:com.shashi.service.TrainService" />
			<role name="Request()" element="com.shashi.servlets.UpdateTrainSchedule::doPost(javax.servlet.http.HttpServletRequest, javax.servlet.http.HttpServletResponse):void" />
		</instance>
		<instance>
			<role name="Context" element="com.shashi.servlets.UserAvailServlet" />
			<role name="State" element="com.shashi.service.TrainService" />
			<role name="state" element="com.shashi.servlets.UserAvailServlet::trainService:com.shashi.service.TrainService" />
			<role name="Request()" element="com.shashi.servlets.UserAvailServlet::doPost(javax.servlet.http.HttpServletRequest, javax.servlet.http.HttpServletResponse):void" />
		</instance>
		<instance>
			<role name="Context" element="com.shashi.servlets.UserSearchTrain" />
			<role name="State" element="com.shashi.service.TrainService" />
			<role name="state" element="com.shashi.servlets.UserSearchTrain::trainService:com.shashi.service.TrainService" />
			<role name="Request()" element="com.shashi.servlets.UserSearchTrain::doPost(javax.servlet.http.HttpServletRequest, javax.servlet.http.HttpServletResponse):void" />
		</instance>
		<instance>
			<role name="Context" element="com.shashi.servlets.UserViewLinkGet" />
			<role name="State" element="com.shashi.service.TrainService" />
			<role name="state" element="com.shashi.servlets.UserViewLinkGet::trainService:com.shashi.service.TrainService" />
			<role name="Request()" element="com.shashi.servlets.UserViewLinkGet::doGet(javax.servlet.http.HttpServletRequest, javax.servlet.http.HttpServletResponse):void" />
		</instance>
		<instance>
			<role name="Context" element="com.shashi.servlets.UserViewTrainFwd" />
			<role name="State" element="com.shashi.service.TrainService" />
			<role name="state" element="com.shashi.servlets.UserViewTrainFwd::trainService:com.shashi.service.TrainService" />
			<role name="Request()" element="com.shashi.servlets.UserViewTrainFwd::doGet(javax.servlet.http.HttpServletRequest, javax.servlet.http.HttpServletResponse):void" />
		</instance>
		<instance>
			<role name="Context" element="com.shashi.servlets.ChangeUserPwd" />
			<role name="State" element="com.shashi.service.UserService" />
			<role name="state" element="com.shashi.servlets.ChangeUserPwd::userService:com.shashi.service.UserService" />
			<role name="Request()" element="com.shashi.servlets.ChangeUserPwd::doPost(javax.servlet.http.HttpServletRequest, javax.servlet.http.HttpServletResponse):void" />
		</instance>
		<instance>
			<role name="Context" element="com.shashi.servlets.UpdateUserProfile" />
			<role name="State" element="com.shashi.service.UserService" />
			<role name="state" element="com.shashi.servlets.UpdateUserProfile::userService:com.shashi.service.UserService" />
			<role name="Request()" element="com.shashi.servlets.UpdateUserProfile::doPost(javax.servlet.http.HttpServletRequest, javax.servlet.http.HttpServletResponse):void" />
		</instance>
		<instance>
			<role name="Context" element="com.shashi.servlets.UserRegServlet" />
			<role name="State" element="com.shashi.service.UserService" />
			<role name="state" element="com.shashi.servlets.UserRegServlet::userService:com.shashi.service.UserService" />
			<role name="Request()" element="com.shashi.servlets.UserRegServlet::doPost(javax.servlet.http.HttpServletRequest, javax.servlet.http.HttpServletResponse):void" />
		</instance>
		<instance>
			<role name="Context" element="com.shashi.servlets.BookTrains" />
			<role name="State" element="com.shashi.service.BookingService" />
			<role name="state" element="com.shashi.servlets.BookTrains::bookingService:com.shashi.service.BookingService" />
			<role name="Request()" element="com.shashi.servlets.BookTrains::doPost(javax.servlet.http.HttpServletRequest, javax.servlet.http.HttpServletResponse):void" />
		</instance>
		<instance>
			<role name="Context" element="com.shashi.servlets.TicketBookingHistory" />
			<role name="State" element="com.shashi.service.BookingService" />
			<role name="state" element="com.shashi.servlets.TicketBookingHistory::bookingService:com.shashi.service.BookingService" />
			<role name="Request()" element="com.shashi.servlets.TicketBookingHistory::doGet(javax.servlet.http.HttpServletRequest, javax.servlet.http.HttpServletResponse):void" />
		</instance>
	</pattern>
	<pattern name="Strategy" />
	<pattern name="Bridge" />
	<pattern name="Template Method" />
	<pattern name="Visitor" />
	<pattern name="Proxy" />
	<pattern name="Proxy2" />
	<pattern name="Chain of Responsibility" />
</system>

