<?xml version="1.0" encoding="UTF-8"?>
<system>
	<pattern name="Factory Method" />
	<pattern name="Prototype" />
	<pattern name="Singleton" />
	<pattern name="(Object)Adapter">
		<instance>
			<role name="Adaptee" element="object.structure.Sound" />
			<role name="Adapter" element="game.frame.Dashboard" />
			<role name="adaptee" element="game.frame.Dashboard::backSound:object.structure.Sound" />
			<role name="Request()" element="game.frame.Dashboard::resume():void" />
			<role name="Request()" element="game.frame.Dashboard::keyPressed(int):void" />
		</instance>
		<instance>
			<role name="Adaptee" element="object.structure.Sound" />
			<role name="Adapter" element="game.frame.Menu" />
			<role name="adaptee" element="game.frame.Menu::selectionSound:object.structure.Sound" />
			<role name="Request()" element="game.frame.Menu::keyPressed(int):void" />
		</instance>
		<instance>
			<role name="Adaptee" element="object.structure.Sound" />
			<role name="Adapter" element="game.frame.NewUser" />
			<role name="adaptee" element="game.frame.NewUser::typingSound:object.structure.Sound" />
			<role name="adaptee" element="game.frame.NewUser::errorSound:object.structure.Sound" />
			<role name="Request()" element="game.frame.NewUser::keyPressed(int):void" />
			<role name="Request()" element="game.frame.NewUser::mouseClickd(int, int):void" />
		</instance>
		<instance>
			<role name="Adaptee" element="object.structure.Sound" />
			<role name="Adapter" element="game.frame.Pause" />
			<role name="adaptee" element="game.frame.Pause::selectionSound:object.structure.Sound" />
			<role name="Request()" element="game.frame.Pause::keyPressed(int):void" />
		</instance>
		<instance>
			<role name="Adaptee" element="object.structure.Sound" />
			<role name="Adapter" element="game.frame.Training" />
			<role name="adaptee" element="game.frame.Training::selectionSound:object.structure.Sound" />
			<role name="Request()" element="game.frame.Training::keyPressed(int):void" />
		</instance>
		<instance>
			<role name="Adaptee" element="object.structure.Sound" />
			<role name="Adapter" element="game.level.Blood" />
			<role name="adaptee" element="game.level.Blood::backSound:object.structure.Sound" />
			<role name="Request()" element="game.level.Blood::resume():void" />
			<role name="Request()" element="game.level.Blood::keyPressed(int):void" />
		</instance>
		<instance>
			<role name="Adaptee" element="object.structure.Sound" />
			<role name="Adapter" element="game.level.Breast" />
			<role name="adaptee" element="game.level.Breast::backSound:object.structure.Sound" />
			<role name="Request()" element="game.level.Breast::resume():void" />
			<role name="Request()" element="game.level.Breast::keyPressed(int):void" />
		</instance>
		<instance>
			<role name="Adaptee" element="object.structure.Sound" />
			<role name="Adapter" element="game.level.Lung" />
			<role name="adaptee" element="game.level.Lung::backSound:object.structure.Sound" />
			<role name="Request()" element="game.level.Lung::resume():void" />
			<role name="Request()" element="game.level.Lung::keyPressed(int):void" />
		</instance>
		<instance>
			<role name="Adaptee" element="object.structure.Square" />
			<role name="Adapter" element="game.frame.NewUser" />
			<role name="adaptee" element="game.frame.NewUser::cancelBt:object.structure.Square" />
			<role name="adaptee" element="game.frame.NewUser::createBt:object.structure.Square" />
			<role name="Request()" element="game.frame.NewUser::draw(java.awt.Graphics2D):void" />
			<role name="Request()" element="game.frame.NewUser::mouseClickd(int, int):void" />
		</instance>
		<instance>
			<role name="Adaptee" element="object.structure.Cell" />
			<role name="Adapter" element="game.level.Blood" />
			<role name="adaptee" element="game.level.Blood::cell_status:object.structure.Cell[]" />
			<role name="Request()" element="game.level.Blood::update():void" />
		</instance>
	</pattern>
	<pattern name="Command" />
	<pattern name="Composite" />
	<pattern name="Decorator" />
	<pattern name="Observer" />
	<pattern name="State">
		<instance>
			<role name="Context" element="game.operator.GameManager" />
			<role name="State" element="game.frame.Window" />
			<role name="state" element="game.operator.GameManager::currentWindow:game.frame.Window" />
			<role name="state" element="game.operator.GameManager::releasedWindow:game.frame.Window" />
			<role name="Request()" element="game.operator.GameManager::loadReleased():void" />
			<role name="Request()" element="game.operator.GameManager::update():void" />
			<role name="Request()" element="game.operator.GameManager::draw(java.awt.Graphics2D):void" />
			<role name="Request()" element="game.operator.GameManager::keyPressed(int):void" />
			<role name="Request()" element="game.operator.GameManager::mouseClicked(int, int):void" />
		</instance>
	</pattern>
	<pattern name="Strategy" />
	<pattern name="Bridge" />
	<pattern name="Template Method" />
	<pattern name="Visitor" />
	<pattern name="Proxy" />
	<pattern name="Proxy2" />
	<pattern name="Chain of Responsibility" />
</system>

