<?xml version="1.0" encoding="UTF-8"?>
<system>
	<pattern name="Factory Method" />
	<pattern name="Prototype" />
	<pattern name="Singleton">
		<instance>
			<role name="Singleton" element="site.ycsb.measurements.Measurements" />
			<role name="uniqueInstance" element="site.ycsb.measurements.Measurements::singleton:site.ycsb.measurements.Measurements" />
		</instance>
	</pattern>
	<pattern name="(Object)Adapter">
		<instance>
			<role name="Adaptee" element="site.ycsb.TimeseriesDB$AggregationOperation" />
			<role name="Adapter" element="site.ycsb.TimeseriesDB" />
			<role name="adaptee" element="site.ycsb.TimeseriesDB::downsamplingFunction:site.ycsb.TimeseriesDB$AggregationOperation" />
			<role name="Request()" element="site.ycsb.TimeseriesDB::scan(java.lang.String, java.lang.String, int, java.util.Set, java.util.Vector):site.ycsb.Status" />
		</instance>
		<instance>
			<role name="Adaptee" element="site.ycsb.measurements.Measurements" />
			<role name="Adapter" element="site.ycsb.DBWrapper" />
			<role name="adaptee" element="site.ycsb.DBWrapper::measurements:site.ycsb.measurements.Measurements" />
			<role name="Request()" element="site.ycsb.DBWrapper::read(java.lang.String, java.lang.String, java.util.Set, java.util.Map):site.ycsb.Status" />
			<role name="Request()" element="site.ycsb.DBWrapper::scan(java.lang.String, java.lang.String, int, java.util.Set, java.util.Vector):site.ycsb.Status" />
			<role name="Request()" element="site.ycsb.DBWrapper::update(java.lang.String, java.lang.String, java.util.Map):site.ycsb.Status" />
			<role name="Request()" element="site.ycsb.DBWrapper::insert(java.lang.String, java.lang.String, java.util.Map):site.ycsb.Status" />
			<role name="Request()" element="site.ycsb.DBWrapper::delete(java.lang.String, java.lang.String):site.ycsb.Status" />
		</instance>
		<instance>
			<role name="Adaptee" element="site.ycsb.generator.DiscreteGenerator" />
			<role name="Adapter" element="site.ycsb.workloads.CoreWorkload" />
			<role name="adaptee" element="site.ycsb.workloads.CoreWorkload::operationchooser:site.ycsb.generator.DiscreteGenerator" />
			<role name="Request()" element="site.ycsb.workloads.CoreWorkload::doTransaction(site.ycsb.DB, java.lang.Object):boolean" />
		</instance>
		<instance>
			<role name="Adaptee" element="site.ycsb.generator.DiscreteGenerator" />
			<role name="Adapter" element="site.ycsb.workloads.TimeSeriesWorkload" />
			<role name="adaptee" element="site.ycsb.workloads.TimeSeriesWorkload::operationchooser:site.ycsb.generator.DiscreteGenerator" />
			<role name="Request()" element="site.ycsb.workloads.TimeSeriesWorkload::doTransaction(site.ycsb.DB, java.lang.Object):boolean" />
		</instance>
		<instance>
			<role name="Adaptee" element="site.ycsb.generator.NumberGenerator" />
			<role name="Adapter" element="site.ycsb.workloads.CoreWorkload" />
			<role name="adaptee" element="site.ycsb.workloads.CoreWorkload::keysequence:site.ycsb.generator.NumberGenerator" />
			<role name="Request()" element="site.ycsb.workloads.CoreWorkload::doInsert(site.ycsb.DB, java.lang.Object):boolean" />
		</instance>
	</pattern>
	<pattern name="Command" />
	<pattern name="Composite" />
	<pattern name="Decorator">
		<instance>
			<role name="Component" element="site.ycsb.DB" />
			<role name="Decorator" element="site.ycsb.DBWrapper" />
			<role name="component" element="site.ycsb.DBWrapper::db:site.ycsb.DB" />
			<role name="Operation()" element="site.ycsb.DBWrapper::read(java.lang.String, java.lang.String, java.util.Set, java.util.Map):site.ycsb.Status" />
			<role name="Operation()" element="site.ycsb.DBWrapper::scan(java.lang.String, java.lang.String, int, java.util.Set, java.util.Vector):site.ycsb.Status" />
			<role name="Operation()" element="site.ycsb.DBWrapper::update(java.lang.String, java.lang.String, java.util.Map):site.ycsb.Status" />
			<role name="Operation()" element="site.ycsb.DBWrapper::insert(java.lang.String, java.lang.String, java.util.Map):site.ycsb.Status" />
			<role name="Operation()" element="site.ycsb.DBWrapper::delete(java.lang.String, java.lang.String):site.ycsb.Status" />
		</instance>
		<instance>
			<role name="Component" element="site.ycsb.measurements.OneMeasurement" />
			<role name="Decorator" element="site.ycsb.measurements.TwoInOneMeasurement" />
			<role name="component" element="site.ycsb.measurements.TwoInOneMeasurement::thing1:site.ycsb.measurements.OneMeasurement" />
			<role name="component" element="site.ycsb.measurements.TwoInOneMeasurement::thing2:site.ycsb.measurements.OneMeasurement" />
			<role name="Operation()" element="site.ycsb.measurements.TwoInOneMeasurement::measure(int):void" />
			<role name="Operation()" element="site.ycsb.measurements.TwoInOneMeasurement::exportMeasurements(site.ycsb.measurements.exporter.MeasurementsExporter):void" />
			<role name="Operation()" element="site.ycsb.measurements.TwoInOneMeasurement::getSummary():java.lang.String" />
		</instance>
	</pattern>
	<pattern name="Observer" />
	<pattern name="State">
		<instance>
			<role name="Context" element="site.ycsb.ClientThread" />
			<role name="State" element="site.ycsb.Workload" />
			<role name="state" element="site.ycsb.ClientThread::workload:site.ycsb.Workload" />
			<role name="Request()" element="site.ycsb.ClientThread::run():void" />
		</instance>
		<instance>
			<role name="Context" element="site.ycsb.db.JdbcDBClient" />
			<role name="State" element="site.ycsb.db.flavors.DBFlavor" />
			<role name="state" element="site.ycsb.db.JdbcDBClient::dbFlavor:site.ycsb.db.flavors.DBFlavor" />
			<role name="Request()" element="site.ycsb.db.JdbcDBClient::createAndCacheInsertStatement(site.ycsb.db.StatementType, java.lang.String):java.sql.PreparedStatement" />
			<role name="Request()" element="site.ycsb.db.JdbcDBClient::createAndCacheReadStatement(site.ycsb.db.StatementType, java.lang.String):java.sql.PreparedStatement" />
			<role name="Request()" element="site.ycsb.db.JdbcDBClient::createAndCacheDeleteStatement(site.ycsb.db.StatementType, java.lang.String):java.sql.PreparedStatement" />
			<role name="Request()" element="site.ycsb.db.JdbcDBClient::createAndCacheUpdateStatement(site.ycsb.db.StatementType, java.lang.String):java.sql.PreparedStatement" />
			<role name="Request()" element="site.ycsb.db.JdbcDBClient::createAndCacheScanStatement(site.ycsb.db.StatementType, java.lang.String):java.sql.PreparedStatement" />
		</instance>
	</pattern>
	<pattern name="Strategy" />
	<pattern name="Bridge" />
	<pattern name="Template Method">
		<instance>
			<role name="AbstractClass" element="site.ycsb.ByteIterator" />
			<role name="TemplateMethod()" element="site.ycsb.ByteIterator::nextBuf(byte[], int):int" />
			<role name="TemplateMethod()" element="site.ycsb.ByteIterator::toArray():byte[]" />
		</instance>
		<instance>
			<role name="AbstractClass" element="site.ycsb.generator.Generator" />
			<role name="TemplateMethod()" element="site.ycsb.generator.Generator::nextString():java.lang.String" />
			<role name="TemplateMethod()" element="site.ycsb.generator.Generator::lastString():java.lang.String" />
		</instance>
		<instance>
			<role name="AbstractClass" element="site.ycsb.TimeseriesDB" />
			<role name="TemplateMethod()" element="site.ycsb.TimeseriesDB::read(java.lang.String, java.lang.String, java.util.Set, java.util.Map):site.ycsb.Status" />
			<role name="TemplateMethod()" element="site.ycsb.TimeseriesDB::scan(java.lang.String, java.lang.String, int, java.util.Set, java.util.Vector):site.ycsb.Status" />
			<role name="TemplateMethod()" element="site.ycsb.TimeseriesDB::insert(java.lang.String, java.lang.String, java.util.Map):site.ycsb.Status" />
		</instance>
	</pattern>
	<pattern name="Visitor" />
	<pattern name="Proxy" />
	<pattern name="Proxy2" />
	<pattern name="Chain of Responsibility" />
</system>

