<?xml version="1.0" encoding="UTF-8"?>
<system>
	<pattern name="Factory Method" />
	<pattern name="Prototype" />
	<pattern name="Singleton">
		<instance>
			<role name="Singleton" element="com.jfoenix.controls.JFXDialog$$Lambda$2" />
			<role name="uniqueInstance" element="com.jfoenix.controls.JFXDialog$$Lambda$2::instance:com.jfoenix.controls.JFXDialog$$Lambda$2" />
		</instance>
		<instance>
			<role name="Singleton" element="com.jfoenix.controls.JFXDialog$$Lambda$3" />
			<role name="uniqueInstance" element="com.jfoenix.controls.JFXDialog$$Lambda$3::instance:com.jfoenix.controls.JFXDialog$$Lambda$3" />
		</instance>
		<instance>
			<role name="Singleton" element="com.jfoenix.controls.JFXDialog$$Lambda$5" />
			<role name="uniqueInstance" element="com.jfoenix.controls.JFXDialog$$Lambda$5::instance:com.jfoenix.controls.JFXDialog$$Lambda$5" />
		</instance>
		<instance>
			<role name="Singleton" element="com.jfoenix.controls.JFXDialog$$Lambda$6" />
			<role name="uniqueInstance" element="com.jfoenix.controls.JFXDialog$$Lambda$6::instance:com.jfoenix.controls.JFXDialog$$Lambda$6" />
		</instance>
		<instance>
			<role name="Singleton" element="com.jfoenix.controls.JFXDialog$$Lambda$9" />
			<role name="uniqueInstance" element="com.jfoenix.controls.JFXDialog$$Lambda$9::instance:com.jfoenix.controls.JFXDialog$$Lambda$9" />
		</instance>
		<instance>
			<role name="Singleton" element="com.jfoenix.controls.JFXDrawer$$Lambda$23" />
			<role name="uniqueInstance" element="com.jfoenix.controls.JFXDrawer$$Lambda$23::instance:com.jfoenix.controls.JFXDrawer$$Lambda$23" />
		</instance>
		<instance>
			<role name="Singleton" element="com.jfoenix.controls.JFXDrawer$$Lambda$5" />
			<role name="uniqueInstance" element="com.jfoenix.controls.JFXDrawer$$Lambda$5::instance:com.jfoenix.controls.JFXDrawer$$Lambda$5" />
		</instance>
		<instance>
			<role name="Singleton" element="com.jfoenix.controls.JFXDrawer$$Lambda$6" />
			<role name="uniqueInstance" element="com.jfoenix.controls.JFXDrawer$$Lambda$6::instance:com.jfoenix.controls.JFXDrawer$$Lambda$6" />
		</instance>
		<instance>
			<role name="Singleton" element="com.jfoenix.controls.JFXDrawer$$Lambda$7" />
			<role name="uniqueInstance" element="com.jfoenix.controls.JFXDrawer$$Lambda$7::instance:com.jfoenix.controls.JFXDrawer$$Lambda$7" />
		</instance>
		<instance>
			<role name="Singleton" element="com.jfoenix.controls.JFXDrawer$$Lambda$8" />
			<role name="uniqueInstance" element="com.jfoenix.controls.JFXDrawer$$Lambda$8::instance:com.jfoenix.controls.JFXDrawer$$Lambda$8" />
		</instance>
		<instance>
			<role name="Singleton" element="com.jfoenix.controls.JFXListCell$$Lambda$2" />
			<role name="uniqueInstance" element="com.jfoenix.controls.JFXListCell$$Lambda$2::instance:com.jfoenix.controls.JFXListCell$$Lambda$2" />
		</instance>
		<instance>
			<role name="Singleton" element="com.jfoenix.controls.JFXListCell$$Lambda$5" />
			<role name="uniqueInstance" element="com.jfoenix.controls.JFXListCell$$Lambda$5::instance:com.jfoenix.controls.JFXListCell$$Lambda$5" />
		</instance>
		<instance>
			<role name="Singleton" element="com.jfoenix.controls.JFXListView$$Lambda$8" />
			<role name="uniqueInstance" element="com.jfoenix.controls.JFXListView$$Lambda$8::instance:com.jfoenix.controls.JFXListView$$Lambda$8" />
		</instance>
		<instance>
			<role name="Singleton" element="com.jfoenix.controls.JFXNodesList$$Lambda$5" />
			<role name="uniqueInstance" element="com.jfoenix.controls.JFXNodesList$$Lambda$5::instance:com.jfoenix.controls.JFXNodesList$$Lambda$5" />
		</instance>
		<instance>
			<role name="Singleton" element="com.jfoenix.controls.JFXNodesList$$Lambda$6" />
			<role name="uniqueInstance" element="com.jfoenix.controls.JFXNodesList$$Lambda$6::instance:com.jfoenix.controls.JFXNodesList$$Lambda$6" />
		</instance>
		<instance>
			<role name="Singleton" element="com.jfoenix.controls.JFXPopup$$Lambda$2" />
			<role name="uniqueInstance" element="com.jfoenix.controls.JFXPopup$$Lambda$2::instance:com.jfoenix.controls.JFXPopup$$Lambda$2" />
		</instance>
		<instance>
			<role name="Singleton" element="com.jfoenix.controls.JFXPopup$$Lambda$5" />
			<role name="uniqueInstance" element="com.jfoenix.controls.JFXPopup$$Lambda$5::instance:com.jfoenix.controls.JFXPopup$$Lambda$5" />
		</instance>
		<instance>
			<role name="Singleton" element="com.jfoenix.controls.JFXRippler$RippleGenerator$$Lambda$5" />
			<role name="uniqueInstance" element="com.jfoenix.controls.JFXRippler$RippleGenerator$$Lambda$5::instance:com.jfoenix.controls.JFXRippler$RippleGenerator$$Lambda$5" />
		</instance>
		<instance>
			<role name="Singleton" element="com.jfoenix.controls.JFXTreeTableView$$Lambda$1" />
			<role name="uniqueInstance" element="com.jfoenix.controls.JFXTreeTableView$$Lambda$1::instance:com.jfoenix.controls.JFXTreeTableView$$Lambda$1" />
		</instance>
		<instance>
			<role name="Singleton" element="com.jfoenix.controls.JFXTreeTableView$$Lambda$2" />
			<role name="uniqueInstance" element="com.jfoenix.controls.JFXTreeTableView$$Lambda$2::instance:com.jfoenix.controls.JFXTreeTableView$$Lambda$2" />
		</instance>
		<instance>
			<role name="Singleton" element="com.jfoenix.controls.JFXTreeTableView$$Lambda$8" />
			<role name="uniqueInstance" element="com.jfoenix.controls.JFXTreeTableView$$Lambda$8::instance:com.jfoenix.controls.JFXTreeTableView$$Lambda$8" />
		</instance>
		<instance>
			<role name="Singleton" element="com.jfoenix.controls.JFXTreeTableView$$Lambda$9" />
			<role name="uniqueInstance" element="com.jfoenix.controls.JFXTreeTableView$$Lambda$9::instance:com.jfoenix.controls.JFXTreeTableView$$Lambda$9" />
		</instance>
		<instance>
			<role name="Singleton" element="com.jfoenix.controls.RecursiveTreeItem$$Lambda$1" />
			<role name="uniqueInstance" element="com.jfoenix.controls.RecursiveTreeItem$$Lambda$1::instance:com.jfoenix.controls.RecursiveTreeItem$$Lambda$1" />
		</instance>
		<instance>
			<role name="Singleton" element="com.jfoenix.controls.RecursiveTreeItem$$Lambda$2" />
			<role name="uniqueInstance" element="com.jfoenix.controls.RecursiveTreeItem$$Lambda$2::instance:com.jfoenix.controls.RecursiveTreeItem$$Lambda$2" />
		</instance>
		<instance>
			<role name="Singleton" element="com.jfoenix.controls.RecursiveTreeItem$$Lambda$6" />
			<role name="uniqueInstance" element="com.jfoenix.controls.RecursiveTreeItem$$Lambda$6::instance:com.jfoenix.controls.RecursiveTreeItem$$Lambda$6" />
		</instance>
	</pattern>
	<pattern name="(Object)Adapter">
		<instance>
			<role name="Adaptee" element="com.jfoenix.controls.JFXTextField" />
			<role name="Adapter" element="com.jfoenix.controls.cells.editors.DoubleTextFieldEditorBuilder" />
			<role name="adaptee" element="com.jfoenix.controls.cells.editors.DoubleTextFieldEditorBuilder::textField:com.jfoenix.controls.JFXTextField" />
			<role name="Request()" element="com.jfoenix.controls.cells.editors.DoubleTextFieldEditorBuilder::validateValue():void" />
		</instance>
		<instance>
			<role name="Adaptee" element="com.jfoenix.controls.JFXTextField" />
			<role name="Adapter" element="com.jfoenix.controls.cells.editors.IntegerTextFieldEditorBuilder" />
			<role name="adaptee" element="com.jfoenix.controls.cells.editors.IntegerTextFieldEditorBuilder::textField:com.jfoenix.controls.JFXTextField" />
			<role name="Request()" element="com.jfoenix.controls.cells.editors.IntegerTextFieldEditorBuilder::validateValue():void" />
		</instance>
	</pattern>
	<pattern name="Command" />
	<pattern name="Composite" />
	<pattern name="Decorator" />
	<pattern name="Observer" />
	<pattern name="State">
		<instance>
			<role name="Context" element="com.jfoenix.controls.cells.editors.base.GenericEditableTreeTableCell" />
			<role name="State" element="com.jfoenix.controls.cells.editors.base.EditorNodeBuilder" />
			<role name="state" element="com.jfoenix.controls.cells.editors.base.GenericEditableTreeTableCell::builder:com.jfoenix.controls.cells.editors.base.EditorNodeBuilder" />
			<role name="Request()" element="com.jfoenix.controls.cells.editors.base.GenericEditableTreeTableCell::commitHelper(boolean):void" />
			<role name="Request()" element="com.jfoenix.controls.cells.editors.base.GenericEditableTreeTableCell::startEdit():void" />
			<role name="Request()" element="com.jfoenix.controls.cells.editors.base.GenericEditableTreeTableCell::cancelEdit():void" />
			<role name="Request()" element="com.jfoenix.controls.cells.editors.base.GenericEditableTreeTableCell::updateItem(T, boolean):void" />
			<role name="Request()" element="com.jfoenix.controls.cells.editors.base.GenericEditableTreeTableCell::createEditorNode():void" />
		</instance>
	</pattern>
	<pattern name="Strategy" />
	<pattern name="Bridge" />
	<pattern name="Template Method">
		<instance>
			<role name="AbstractClass" element="com.jfoenix.animation.JFXNodesAnimation" />
			<role name="TemplateMethod()" element="com.jfoenix.animation.JFXNodesAnimation::animate():void" />
			<role name="TemplateMethod()" element="com.jfoenix.animation.JFXNodesAnimation::lambda$animate$2(javafx.event.ActionEvent):void" />
		</instance>
		<instance>
			<role name="AbstractClass" element="com.jfoenix.validation.base.ValidatorBase" />
			<role name="TemplateMethod()" element="com.jfoenix.validation.base.ValidatorBase::validate():void" />
		</instance>
	</pattern>
	<pattern name="Visitor" />
	<pattern name="Proxy" />
	<pattern name="Proxy2" />
	<pattern name="Chain of Responsibility" />
</system>

