<?xml version="1.0" encoding="UTF-8"?>
<system>
	<pattern name="Factory Method" />
	<pattern name="Prototype" />
	<pattern name="Singleton" />
	<pattern name="(Object)Adapter">
		<instance>
			<role name="Adaptee" element="project.ayushandrishi.com.healthstartswithadiet.Transition" />
			<role name="Adapter" element="project.ayushandrishi.com.healthstartswithadiet.RandomTransitionGenerator" />
			<role name="adaptee" element="project.ayushandrishi.com.healthstartswithadiet.RandomTransitionGenerator::mLastGenTrans:project.ayushandrishi.com.healthstartswithadiet.Transition" />
			<role name="Request()" element="project.ayushandrishi.com.healthstartswithadiet.RandomTransitionGenerator::generateNextTransition(android.graphics.RectF, android.graphics.RectF):project.ayushandrishi.com.healthstartswithadiet.Transition" />
		</instance>
	</pattern>
	<pattern name="Command" />
	<pattern name="Composite" />
	<pattern name="Decorator" />
	<pattern name="Observer" />
	<pattern name="State">
		<instance>
			<role name="Context" element="project.ayushandrishi.com.healthstartswithadiet.KenBurnsView" />
			<role name="State" element="project.ayushandrishi.com.healthstartswithadiet.KenBurnsView$TransitionListener" />
			<role name="state" element="project.ayushandrishi.com.healthstartswithadiet.KenBurnsView::mTransitionListener:project.ayushandrishi.com.healthstartswithadiet.KenBurnsView$TransitionListener" />
			<role name="Request()" element="project.ayushandrishi.com.healthstartswithadiet.KenBurnsView::fireTransitionStart(project.ayushandrishi.com.healthstartswithadiet.Transition):void" />
			<role name="Request()" element="project.ayushandrishi.com.healthstartswithadiet.KenBurnsView::fireTransitionEnd(project.ayushandrishi.com.healthstartswithadiet.Transition):void" />
		</instance>
		<instance>
			<role name="Context" element="project.ayushandrishi.com.healthstartswithadiet.KenBurnsView" />
			<role name="State" element="project.ayushandrishi.com.healthstartswithadiet.TransitionGenerator" />
			<role name="state" element="project.ayushandrishi.com.healthstartswithadiet.KenBurnsView::mTransGen:project.ayushandrishi.com.healthstartswithadiet.TransitionGenerator" />
			<role name="Request()" element="project.ayushandrishi.com.healthstartswithadiet.KenBurnsView::startNewTransition():void" />
		</instance>
	</pattern>
	<pattern name="Strategy" />
	<pattern name="Bridge" />
	<pattern name="Template Method" />
	<pattern name="Visitor" />
	<pattern name="Proxy" />
	<pattern name="Proxy2" />
	<pattern name="Chain of Responsibility" />
</system>

