<?xml version="1.0" encoding="UTF-8"?>
<system>
	<pattern name="Factory Method" />
	<pattern name="Prototype" />
	<pattern name="Singleton">
		<instance>
			<role name="Singleton" element="org.ansj.domain.PersonNatureAttr" />
			<role name="uniqueInstance" element="org.ansj.domain.PersonNatureAttr::NULL:org.ansj.domain.PersonNatureAttr" />
		</instance>
	</pattern>
	<pattern name="(Object)Adapter">
		<instance>
			<role name="Adapter" element="org.ansj.recognition.impl.ExtractingRecognition" />
			<role name="Adaptee" element="org.ansj.app.extracting.Extracting" />
			<role name="adaptee" element="org.ansj.recognition.impl.ExtractingRecognition::extracting:org.ansj.app.extracting.Extracting" />
			<role name="Request()" element="org.ansj.recognition.impl.ExtractingRecognition::recognition(org.ansj.domain.Result):void" />
		</instance>
	</pattern>
	<pattern name="Command" />
	<pattern name="Composite" />
	<pattern name="Decorator" />
	<pattern name="Observer" />
	<pattern name="State" />
	<pattern name="Strategy" />
	<pattern name="Bridge" />
	<pattern name="Template Method">
		<instance>
			<role name="AbstractClass" element="org.ansj.splitWord.Analysis" />
			<role name="TemplateMethod()" element="org.ansj.splitWord.Analysis::analysisStr(java.lang.String):java.util.List" />
		</instance>
		<instance>
			<role name="AbstractClass" element="org.ansj.app.crf.Model" />
			<role name="TemplateMethod()" element="org.ansj.app.crf.Model::load(java.lang.String):org.ansj.app.crf.Model" />
			<role name="TemplateMethod()" element="org.ansj.app.crf.Model::load(java.lang.Class, java.io.InputStream):org.ansj.app.crf.Model" />
		</instance>
		<instance>
			<role name="AbstractClass" element="org.ansj.dic.PathToStream" />
			<role name="TemplateMethod()" element="org.ansj.dic.PathToStream::stream(java.lang.String):java.io.InputStream" />
		</instance>
	</pattern>
	<pattern name="Visitor" />
	<pattern name="Proxy" />
	<pattern name="Proxy2" />
	<pattern name="Chain of Responsibility" />
</system>

