<?xml version="1.0" encoding="UTF-8"?>
<system>
	<pattern name="Factory Method">
		<instance>
			<role name="Creator" element="org.jboss.shrinkwrap.api.Archive" />
			<role name="FactoryMethod()" element="org.jboss.shrinkwrap.api.Archive::shallowCopy(org.jboss.shrinkwrap.api.Filter):org.jboss.shrinkwrap.api.Archive" />
		</instance>
		<instance>
			<role name="Creator" element="org.jboss.shrinkwrap.api.container.LibraryContainer" />
			<role name="FactoryMethod()" element="org.jboss.shrinkwrap.api.container.LibraryContainer::addAsLibraries(java.util.Collection):org.jboss.shrinkwrap.api.Archive" />
			<role name="FactoryMethod()" element="org.jboss.shrinkwrap.api.container.LibraryContainer::addAsLibraries(org.jboss.shrinkwrap.api.Archive):org.jboss.shrinkwrap.api.Archive" />
		</instance>
		<instance>
			<role name="Creator" element="org.jboss.shrinkwrap.impl.base.importer.tar.TarImporterBase" />
			<role name="FactoryMethod()" element="org.jboss.shrinkwrap.impl.base.importer.tar.TarImporterBase::getInputStreamForRawStream(java.io.InputStream):org.jboss.shrinkwrap.impl.base.io.tar.TarInputStream" />
		</instance>
	</pattern>
	<pattern name="Prototype" />
	<pattern name="Singleton">
		<instance>
			<role name="Singleton" element="org.jboss.shrinkwrap.api.ArchivePaths$RootPathWrapper" />
			<role name="uniqueInstance" element="org.jboss.shrinkwrap.api.ArchivePaths$RootPathWrapper::INSTANCE:org.jboss.shrinkwrap.api.ArchivePaths$RootPathWrapper" />
		</instance>
		<instance>
			<role name="Singleton" element="org.jboss.shrinkwrap.impl.base.container.ContainerBase$GetTcclAction" />
			<role name="uniqueInstance" element="org.jboss.shrinkwrap.impl.base.container.ContainerBase$GetTcclAction::INSTANCE:org.jboss.shrinkwrap.impl.base.container.ContainerBase$GetTcclAction" />
		</instance>
		<instance>
			<role name="Singleton" element="org.jboss.shrinkwrap.api.asset.EmptyAsset" />
			<role name="uniqueInstance" element="org.jboss.shrinkwrap.api.asset.EmptyAsset::INSTANCE:org.jboss.shrinkwrap.api.asset.EmptyAsset" />
		</instance>
		<instance>
			<role name="Singleton" element="org.jboss.shrinkwrap.api.SecurityActions$GetTcclAction" />
			<role name="uniqueInstance" element="org.jboss.shrinkwrap.api.SecurityActions$GetTcclAction::INSTANCE:org.jboss.shrinkwrap.api.SecurityActions$GetTcclAction" />
		</instance>
		<instance>
			<role name="Singleton" element="org.jboss.shrinkwrap.api.ShrinkWrap$DefaultDomainWrapper" />
			<role name="uniqueInstance" element="org.jboss.shrinkwrap.api.ShrinkWrap$DefaultDomainWrapper::SINGLETON:org.jboss.shrinkwrap.api.ShrinkWrap$DefaultDomainWrapper" />
		</instance>
		<instance>
			<role name="Singleton" element="org.jboss.shrinkwrap.api.formatter.SimpleFormatter" />
			<role name="uniqueInstance" element="org.jboss.shrinkwrap.api.formatter.SimpleFormatter::INSTANCE:org.jboss.shrinkwrap.api.formatter.SimpleFormatter" />
		</instance>
		<instance>
			<role name="Singleton" element="org.jboss.shrinkwrap.api.formatter.VerboseFormatter" />
			<role name="uniqueInstance" element="org.jboss.shrinkwrap.api.formatter.VerboseFormatter::INSTANCE:org.jboss.shrinkwrap.api.formatter.VerboseFormatter" />
		</instance>
	</pattern>
	<pattern name="(Object)Adapter">
		<instance>
			<role name="Adaptee" element="org.jboss.shrinkwrap.api.Configuration" />
			<role name="Adapter" element="org.jboss.shrinkwrap.impl.base.ArchiveBase" />
			<role name="adaptee" element="org.jboss.shrinkwrap.impl.base.ArchiveBase::configuration:org.jboss.shrinkwrap.api.Configuration" />
			<role name="Request()" element="org.jboss.shrinkwrap.impl.base.ArchiveBase::getAsType(, org.jboss.shrinkwrap.api.ArchivePath):org.jboss.shrinkwrap.api.Archive" />
		</instance>
		<instance>
			<role name="Adaptee" element="org.jboss.shrinkwrap.api.nio2.file.SeekableInMemoryByteChannel" />
			<role name="Adapter" element="org.jboss.shrinkwrap.api.asset.MemoryAsset" />
			<role name="adaptee" element="org.jboss.shrinkwrap.api.asset.MemoryAsset::delegate:org.jboss.shrinkwrap.api.nio2.file.SeekableInMemoryByteChannel" />
			<role name="Request()" element="org.jboss.shrinkwrap.api.asset.MemoryAsset::openStream():java.io.InputStream" />
		</instance>
	</pattern>
	<pattern name="Command" />
	<pattern name="Composite" />
	<pattern name="Decorator">
		<instance>
			<role name="Component" element="org.jboss.shrinkwrap.api.formatter.Formatter" />
			<role name="Decorator" element="org.jboss.shrinkwrap.api.formatter.Formatters" />
			<role name="component" element="org.jboss.shrinkwrap.api.formatter.Formatters::formatter:org.jboss.shrinkwrap.api.formatter.Formatter" />
			<role name="Operation()" element="org.jboss.shrinkwrap.api.formatter.Formatters::format(org.jboss.shrinkwrap.api.Archive):java.lang.String" />
		</instance>
	</pattern>
	<pattern name="Observer" />
	<pattern name="State">
		<instance>
			<role name="State" element="org.jboss.shrinkwrap.api.Archive" />
			<role name="Context" element="org.jboss.shrinkwrap.impl.base.nio2.file.ShrinkWrapFileAttributes" />
			<role name="state" element="org.jboss.shrinkwrap.impl.base.nio2.file.ShrinkWrapFileAttributes::archive:org.jboss.shrinkwrap.api.Archive" />
			<role name="Request()" element="org.jboss.shrinkwrap.impl.base.nio2.file.ShrinkWrapFileAttributes::isDirectory():boolean" />
		</instance>
		<instance>
			<role name="State" element="org.jboss.shrinkwrap.api.Archive" />
			<role name="Context" element="org.jboss.shrinkwrap.impl.base.nio2.file.ShrinkWrapFileSystem" />
			<role name="state" element="org.jboss.shrinkwrap.impl.base.nio2.file.ShrinkWrapFileSystem::archive:org.jboss.shrinkwrap.api.Archive" />
			<role name="Request()" element="org.jboss.shrinkwrap.impl.base.nio2.file.ShrinkWrapFileSystem::toString():java.lang.String" />
		</instance>
		<instance>
			<role name="State" element="org.jboss.shrinkwrap.api.Archive" />
			<role name="Context" element="org.jboss.shrinkwrap.impl.base.nio2.file.ShrinkWrapFileStore" />
			<role name="state" element="org.jboss.shrinkwrap.impl.base.nio2.file.ShrinkWrapFileStore::archive:org.jboss.shrinkwrap.api.Archive" />
			<role name="Request()" element="org.jboss.shrinkwrap.impl.base.nio2.file.ShrinkWrapFileStore::name():java.lang.String" />
			<role name="Request()" element="org.jboss.shrinkwrap.impl.base.nio2.file.ShrinkWrapFileStore::getUsedSpace():long" />
			<role name="Request()" element="org.jboss.shrinkwrap.impl.base.nio2.file.ShrinkWrapFileStore::toString():java.lang.String" />
		</instance>
		<instance>
			<role name="State" element="org.jboss.shrinkwrap.impl.base.io.tar.TarProgressDisplay" />
			<role name="Context" element="org.jboss.shrinkwrap.impl.base.io.tar.TarArchive" />
			<role name="state" element="org.jboss.shrinkwrap.impl.base.io.tar.TarArchive::progressDisplay:org.jboss.shrinkwrap.impl.base.io.tar.TarProgressDisplay" />
			<role name="Request()" element="org.jboss.shrinkwrap.impl.base.io.tar.TarArchive::listContents():void" />
			<role name="Request()" element="org.jboss.shrinkwrap.impl.base.io.tar.TarArchive::extractEntry(java.io.File, org.jboss.shrinkwrap.impl.base.io.tar.TarEntry):void" />
			<role name="Request()" element="org.jboss.shrinkwrap.impl.base.io.tar.TarArchive::writeEntry(org.jboss.shrinkwrap.impl.base.io.tar.TarEntry, boolean):void" />
		</instance>
		<instance>
			<role name="Context" element="org.jboss.shrinkwrap.impl.base.serialization.ZipSerializableViewImpl" />
			<role name="State" element="org.jboss.shrinkwrap.api.Archive" />
			<role name="state" element="org.jboss.shrinkwrap.impl.base.serialization.ZipSerializableViewImpl::archive:org.jboss.shrinkwrap.api.Archive" />
			<role name="Request()" element="org.jboss.shrinkwrap.impl.base.serialization.ZipSerializableViewImpl::writeObject(java.io.ObjectOutputStream):void" />
		</instance>
		<instance>
			<role name="Context" element="org.jboss.shrinkwrap.impl.base.NodeImpl" />
			<role name="State" element="org.jboss.shrinkwrap.api.ArchivePath" />
			<role name="state" element="org.jboss.shrinkwrap.impl.base.NodeImpl::path:org.jboss.shrinkwrap.api.ArchivePath" />
			<role name="Request()" element="org.jboss.shrinkwrap.impl.base.NodeImpl::toString():java.lang.String" />
		</instance>
		<instance>
			<role name="Context" element="org.jboss.shrinkwrap.impl.base.URLPackageScanner" />
			<role name="State" element="org.jboss.shrinkwrap.impl.base.URLPackageScanner$Callback" />
			<role name="state" element="org.jboss.shrinkwrap.impl.base.URLPackageScanner::callback:org.jboss.shrinkwrap.impl.base.URLPackageScanner$Callback" />
			<role name="Request()" element="org.jboss.shrinkwrap.impl.base.URLPackageScanner::foundClass(java.lang.String, java.lang.String):void" />
		</instance>
		<instance>
			<role name="State" element="org.jboss.shrinkwrap.impl.base.io.tar.TarInputStream$EntryFactory" />
			<role name="Context" element="org.jboss.shrinkwrap.impl.base.io.tar.TarInputStream" />
			<role name="state" element="org.jboss.shrinkwrap.impl.base.io.tar.TarInputStream::eFactory:org.jboss.shrinkwrap.impl.base.io.tar.TarInputStream$EntryFactory" />
			<role name="Request()" element="org.jboss.shrinkwrap.impl.base.io.tar.TarInputStream::getNextEntry():org.jboss.shrinkwrap.impl.base.io.tar.TarEntry" />
		</instance>
	</pattern>
	<pattern name="Strategy" />
	<pattern name="Bridge">
		<instance>
			<role name="Abstraction" element="org.jboss.shrinkwrap.impl.base.exporter.AbstractOnDemandInputStream" />
			<role name="Implementor" element="org.jboss.shrinkwrap.api.ArchivePath" />
			<role name="implementor" element="org.jboss.shrinkwrap.impl.base.exporter.AbstractOnDemandInputStream::currentPath:org.jboss.shrinkwrap.api.ArchivePath" />
			<role name="Operation()" element="org.jboss.shrinkwrap.impl.base.exporter.AbstractOnDemandInputStream::read():int" />
		</instance>
	</pattern>
	<pattern name="Template Method">
		<instance>
			<role name="AbstractClass" element="org.jboss.shrinkwrap.impl.base.exporter.AbstractExporterDelegate" />
			<role name="TemplateMethod()" element="org.jboss.shrinkwrap.impl.base.exporter.AbstractExporterDelegate::export():java.lang.Object" />
			<role name="TemplateMethod()" element="org.jboss.shrinkwrap.impl.base.exporter.AbstractExporterDelegate::processNode(org.jboss.shrinkwrap.api.Node):void" />
		</instance>
		<instance>
			<role name="AbstractClass" element="org.jboss.shrinkwrap.impl.base.exporter.AbstractOnDemandInputStream" />
			<role name="TemplateMethod()" element="org.jboss.shrinkwrap.impl.base.exporter.AbstractOnDemandInputStream::read():int" />
			<role name="TemplateMethod()" element="org.jboss.shrinkwrap.impl.base.exporter.AbstractOnDemandInputStream::startAsset(java.lang.String, org.jboss.shrinkwrap.api.asset.Asset):void" />
			<role name="TemplateMethod()" element="org.jboss.shrinkwrap.impl.base.exporter.AbstractOnDemandInputStream::endAsset():void" />
		</instance>
		<instance>
			<role name="AbstractClass" element="org.jboss.shrinkwrap.impl.base.ArchiveBase" />
			<role name="TemplateMethod()" element="org.jboss.shrinkwrap.impl.base.ArchiveBase::filter(org.jboss.shrinkwrap.api.Filter):org.jboss.shrinkwrap.api.Archive" />
			<role name="TemplateMethod()" element="org.jboss.shrinkwrap.impl.base.ArchiveBase::covariantReturn():org.jboss.shrinkwrap.api.Archive" />
		</instance>
		<instance>
			<role name="AbstractClass" element="org.jboss.shrinkwrap.impl.base.container.ContainerBase" />
			<role name="TemplateMethod()" element="org.jboss.shrinkwrap.impl.base.container.ContainerBase::addAsManifestResource(java.io.File, org.jboss.shrinkwrap.api.ArchivePath):org.jboss.shrinkwrap.api.Archive" />
			<role name="TemplateMethod()" element="org.jboss.shrinkwrap.impl.base.container.ContainerBase::addAsManifestResource(org.jboss.shrinkwrap.api.asset.Asset, org.jboss.shrinkwrap.api.ArchivePath):org.jboss.shrinkwrap.api.Archive" />
			<role name="TemplateMethod()" element="org.jboss.shrinkwrap.impl.base.container.ContainerBase::addAsResource(java.io.File, org.jboss.shrinkwrap.api.ArchivePath):org.jboss.shrinkwrap.api.Archive" />
			<role name="TemplateMethod()" element="org.jboss.shrinkwrap.impl.base.container.ContainerBase::addAsResource(org.jboss.shrinkwrap.api.asset.Asset, org.jboss.shrinkwrap.api.ArchivePath):org.jboss.shrinkwrap.api.Archive" />
			<role name="TemplateMethod()" element="org.jboss.shrinkwrap.impl.base.container.ContainerBase::addClasses(java.lang.Class):org.jboss.shrinkwrap.api.Archive" />
			<role name="TemplateMethod()" element="org.jboss.shrinkwrap.impl.base.container.ContainerBase::deleteClass(java.lang.String):org.jboss.shrinkwrap.api.Archive" />
			<role name="TemplateMethod()" element="org.jboss.shrinkwrap.impl.base.container.ContainerBase::deleteClasses(java.lang.Class):org.jboss.shrinkwrap.api.Archive" />
			<role name="TemplateMethod()" element="org.jboss.shrinkwrap.impl.base.container.ContainerBase::addAsLibrary(org.jboss.shrinkwrap.api.Archive):org.jboss.shrinkwrap.api.Archive" />
			<role name="TemplateMethod()" element="org.jboss.shrinkwrap.impl.base.container.ContainerBase::addAsLibrary(org.jboss.shrinkwrap.api.asset.Asset, org.jboss.shrinkwrap.api.ArchivePath):org.jboss.shrinkwrap.api.Archive" />
		</instance>
		<instance>
			<role name="AbstractClass" element="org.jboss.shrinkwrap.impl.base.container.EnterpriseContainerBase" />
			<role name="TemplateMethod()" element="org.jboss.shrinkwrap.impl.base.container.EnterpriseContainerBase::addAsApplicationResource(org.jboss.shrinkwrap.api.asset.Asset, org.jboss.shrinkwrap.api.ArchivePath):org.jboss.shrinkwrap.api.Archive" />
			<role name="TemplateMethod()" element="org.jboss.shrinkwrap.impl.base.container.EnterpriseContainerBase::addAsModule(org.jboss.shrinkwrap.api.Archive):org.jboss.shrinkwrap.api.Archive" />
			<role name="TemplateMethod()" element="org.jboss.shrinkwrap.impl.base.container.EnterpriseContainerBase::addAsModule(org.jboss.shrinkwrap.api.asset.Asset, org.jboss.shrinkwrap.api.ArchivePath):org.jboss.shrinkwrap.api.Archive" />
		</instance>
		<instance>
			<role name="AbstractClass" element="org.jboss.shrinkwrap.impl.base.importer.tar.TarImporterBase" />
			<role name="TemplateMethod()" element="org.jboss.shrinkwrap.impl.base.importer.tar.TarImporterBase::covarientReturn():org.jboss.shrinkwrap.api.importer.StreamImporter" />
			<role name="TemplateMethod()" element="org.jboss.shrinkwrap.impl.base.importer.tar.TarImporterBase::importFrom(java.io.InputStream, org.jboss.shrinkwrap.api.Filter):org.jboss.shrinkwrap.api.importer.StreamImporter" />
			<role name="TemplateMethod()" element="org.jboss.shrinkwrap.impl.base.importer.tar.TarImporterBase::getInputStreamForFile(java.io.File):org.jboss.shrinkwrap.impl.base.io.tar.TarInputStream" />
		</instance>
		<instance>
			<role name="AbstractClass" element="org.jboss.shrinkwrap.impl.base.container.WebContainerBase" />
			<role name="TemplateMethod()" element="org.jboss.shrinkwrap.impl.base.container.WebContainerBase::addAsWebResource(org.jboss.shrinkwrap.api.asset.Asset, org.jboss.shrinkwrap.api.ArchivePath):org.jboss.shrinkwrap.api.Archive" />
			<role name="TemplateMethod()" element="org.jboss.shrinkwrap.impl.base.container.WebContainerBase::addAsWebInfResource(org.jboss.shrinkwrap.api.asset.Asset, org.jboss.shrinkwrap.api.ArchivePath):org.jboss.shrinkwrap.api.Archive" />
			<role name="TemplateMethod()" element="org.jboss.shrinkwrap.impl.base.container.WebContainerBase::addAsServiceProvider(java.lang.Class, java.lang.Class):org.jboss.shrinkwrap.api.Archive" />
			<role name="TemplateMethod()" element="org.jboss.shrinkwrap.impl.base.container.WebContainerBase::addAsServiceProvider(java.lang.String, java.lang.String[]):org.jboss.shrinkwrap.api.Archive" />
		</instance>
	</pattern>
	<pattern name="Visitor" />
	<pattern name="Proxy" />
	<pattern name="Proxy2" />
	<pattern name="Chain of Responsibility" />
</system>

