<?xml version="1.0" encoding="UTF-8"?>
<system>
	<pattern name="Factory Method" />
	<pattern name="Prototype" />
	<pattern name="Singleton">
		<instance>
			<role name="Singleton" element="org.stringtemplate.v4.STGroup" />
			<role name="uniqueInstance" element="org.stringtemplate.v4.STGroup::defaultGroup:org.stringtemplate.v4.STGroup" />
		</instance>
	</pattern>
	<pattern name="(Object)Adapter" />
	<pattern name="Command" />
	<pattern name="Composite" />
	<pattern name="Decorator" />
	<pattern name="Observer" />
	<pattern name="State">
		<instance>
			<role name="Context" element="org.stringtemplate.v4.misc.ErrorManager" />
			<role name="State" element="org.stringtemplate.v4.STErrorListener" />
			<role name="state" element="org.stringtemplate.v4.misc.ErrorManager::listener:org.stringtemplate.v4.STErrorListener" />
			<role name="Request()" element="org.stringtemplate.v4.misc.ErrorManager::compileTimeError(org.stringtemplate.v4.misc.ErrorType, org.antlr.runtime.Token, org.antlr.runtime.Token):void" />
			<role name="Request()" element="org.stringtemplate.v4.misc.ErrorManager::lexerError(java.lang.String, java.lang.String, org.antlr.runtime.Token, org.antlr.runtime.RecognitionException):void" />
			<role name="Request()" element="org.stringtemplate.v4.misc.ErrorManager::compileTimeError(org.stringtemplate.v4.misc.ErrorType, org.antlr.runtime.Token, org.antlr.runtime.Token, java.lang.Object):void" />
			<role name="Request()" element="org.stringtemplate.v4.misc.ErrorManager::compileTimeError(org.stringtemplate.v4.misc.ErrorType, org.antlr.runtime.Token, org.antlr.runtime.Token, java.lang.Object, java.lang.Object):void" />
			<role name="Request()" element="org.stringtemplate.v4.misc.ErrorManager::groupSyntaxError(org.stringtemplate.v4.misc.ErrorType, java.lang.String, org.antlr.runtime.RecognitionException, java.lang.String):void" />
			<role name="Request()" element="org.stringtemplate.v4.misc.ErrorManager::groupLexerError(org.stringtemplate.v4.misc.ErrorType, java.lang.String, org.antlr.runtime.RecognitionException, java.lang.String):void" />
			<role name="Request()" element="org.stringtemplate.v4.misc.ErrorManager::runTimeError(org.stringtemplate.v4.Interpreter, org.stringtemplate.v4.InstanceScope, org.stringtemplate.v4.misc.ErrorType):void" />
			<role name="Request()" element="org.stringtemplate.v4.misc.ErrorManager::runTimeError(org.stringtemplate.v4.Interpreter, org.stringtemplate.v4.InstanceScope, org.stringtemplate.v4.misc.ErrorType, java.lang.Object):void" />
			<role name="Request()" element="org.stringtemplate.v4.misc.ErrorManager::runTimeError(org.stringtemplate.v4.Interpreter, org.stringtemplate.v4.InstanceScope, org.stringtemplate.v4.misc.ErrorType, java.lang.Throwable, java.lang.Object):void" />
			<role name="Request()" element="org.stringtemplate.v4.misc.ErrorManager::runTimeError(org.stringtemplate.v4.Interpreter, org.stringtemplate.v4.InstanceScope, org.stringtemplate.v4.misc.ErrorType, java.lang.Object, java.lang.Object):void" />
			<role name="Request()" element="org.stringtemplate.v4.misc.ErrorManager::runTimeError(org.stringtemplate.v4.Interpreter, org.stringtemplate.v4.InstanceScope, org.stringtemplate.v4.misc.ErrorType, java.lang.Object, java.lang.Object, java.lang.Object):void" />
			<role name="Request()" element="org.stringtemplate.v4.misc.ErrorManager::IOError(org.stringtemplate.v4.ST, org.stringtemplate.v4.misc.ErrorType, java.lang.Throwable):void" />
			<role name="Request()" element="org.stringtemplate.v4.misc.ErrorManager::IOError(org.stringtemplate.v4.ST, org.stringtemplate.v4.misc.ErrorType, java.lang.Throwable, java.lang.Object):void" />
			<role name="Request()" element="org.stringtemplate.v4.misc.ErrorManager::internalError(org.stringtemplate.v4.ST, java.lang.String, java.lang.Throwable):void" />
		</instance>
	</pattern>
	<pattern name="Strategy" />
	<pattern name="Bridge" />
	<pattern name="Template Method" />
	<pattern name="Visitor" />
	<pattern name="Proxy" />
	<pattern name="Proxy2" />
	<pattern name="Chain of Responsibility" />
</system>

