<?xml version="1.0" encoding="UTF-8"?>
<system>
	<pattern name="Factory Method" />
	<pattern name="Prototype">
		<instance>
			<role name="Client" element="com.googlecode.javaewah.EWAHCompressedBitmap" />
			<role name="Prototype" element="com.googlecode.javaewah.Buffer" />
			<role name="prototype" element="com.googlecode.javaewah.EWAHCompressedBitmap::buffer:com.googlecode.javaewah.Buffer" />
			<role name="Operation()" element="com.googlecode.javaewah.EWAHCompressedBitmap::clone():com.googlecode.javaewah.EWAHCompressedBitmap" />
		</instance>
		<instance>
			<role name="Client" element="com.googlecode.javaewah32.EWAHCompressedBitmap32" />
			<role name="Prototype" element="com.googlecode.javaewah32.Buffer32" />
			<role name="prototype" element="com.googlecode.javaewah32.EWAHCompressedBitmap32::buffer:com.googlecode.javaewah32.Buffer32" />
			<role name="Operation()" element="com.googlecode.javaewah32.EWAHCompressedBitmap32::clone():com.googlecode.javaewah32.EWAHCompressedBitmap32" />
		</instance>
		<instance>
			<role name="Client" element="com.googlecode.javaewah.BufferedIterator" />
			<role name="Prototype" element="com.googlecode.javaewah.CloneableIterator" />
			<role name="prototype" element="com.googlecode.javaewah.BufferedIterator::masterIterator:com.googlecode.javaewah.CloneableIterator" />
			<role name="Operation()" element="com.googlecode.javaewah.BufferedIterator::clone():com.googlecode.javaewah.BufferedIterator" />
		</instance>
		<instance>
			<role name="Client" element="com.googlecode.javaewah32.BufferedIterator32" />
			<role name="Prototype" element="com.googlecode.javaewah.CloneableIterator" />
			<role name="prototype" element="com.googlecode.javaewah32.BufferedIterator32::masterIterator:com.googlecode.javaewah.CloneableIterator" />
			<role name="Operation()" element="com.googlecode.javaewah32.BufferedIterator32::clone():com.googlecode.javaewah32.BufferedIterator32" />
		</instance>
	</pattern>
	<pattern name="Singleton" />
	<pattern name="(Object)Adapter">
		<instance>
			<role name="Adaptee" element="com.googlecode.javaewah.RunningLengthWord" />
			<role name="Adapter" element="com.googlecode.javaewah.EWAHCompressedBitmap" />
			<role name="adaptee" element="com.googlecode.javaewah.EWAHCompressedBitmap::rlw:com.googlecode.javaewah.RunningLengthWord" />
			<role name="Request()" element="com.googlecode.javaewah.EWAHCompressedBitmap::addStreamOfLiteralWords(com.googlecode.javaewah.Buffer, int, int):void" />
			<role name="Request()" element="com.googlecode.javaewah.EWAHCompressedBitmap::addStreamOfNegatedLiteralWords(com.googlecode.javaewah.Buffer, int, int):void" />
			<role name="Request()" element="com.googlecode.javaewah.EWAHCompressedBitmap::setSizeInBitsWithinLastWord(int):void" />
			<role name="Request()" element="com.googlecode.javaewah.EWAHCompressedBitmap::not():void" />
		</instance>
		<instance>
			<role name="Adaptee" element="com.googlecode.javaewah32.RunningLengthWord32" />
			<role name="Adapter" element="com.googlecode.javaewah32.EWAHCompressedBitmap32" />
			<role name="adaptee" element="com.googlecode.javaewah32.EWAHCompressedBitmap32::rlw:com.googlecode.javaewah32.RunningLengthWord32" />
			<role name="Request()" element="com.googlecode.javaewah32.EWAHCompressedBitmap32::addStreamOfLiteralWords(com.googlecode.javaewah32.Buffer32, int, int):void" />
			<role name="Request()" element="com.googlecode.javaewah32.EWAHCompressedBitmap32::addStreamOfNegatedLiteralWords(com.googlecode.javaewah32.Buffer32, int, int):void" />
			<role name="Request()" element="com.googlecode.javaewah32.EWAHCompressedBitmap32::setSizeInBitsWithinLastWord(int):void" />
			<role name="Request()" element="com.googlecode.javaewah32.EWAHCompressedBitmap32::not():void" />
		</instance>
		<instance>
			<role name="Adaptee" element="com.googlecode.javaewah.BufferedRunningLengthWord" />
			<role name="Adapter" element="com.googlecode.javaewah.IteratingBufferedRunningLengthWord" />
			<role name="adaptee" element="com.googlecode.javaewah.IteratingBufferedRunningLengthWord::brlw:com.googlecode.javaewah.BufferedRunningLengthWord" />
			<role name="Request()" element="com.googlecode.javaewah.IteratingBufferedRunningLengthWord::discardFirstWords(long):void" />
			<role name="Request()" element="com.googlecode.javaewah.IteratingBufferedRunningLengthWord::discardLiteralWords(long):void" />
			<role name="Request()" element="com.googlecode.javaewah.IteratingBufferedRunningLengthWord::discardRunningWords():void" />
			<role name="Request()" element="com.googlecode.javaewah.IteratingBufferedRunningLengthWord::next():boolean" />
			<role name="Request()" element="com.googlecode.javaewah.IteratingBufferedRunningLengthWord::size():long" />
		</instance>
		<instance>
			<role name="Adaptee" element="com.googlecode.javaewah.EWAHIterator" />
			<role name="Adapter" element="com.googlecode.javaewah.IteratingBufferedRunningLengthWord" />
			<role name="adaptee" element="com.googlecode.javaewah.IteratingBufferedRunningLengthWord::iterator:com.googlecode.javaewah.EWAHIterator" />
			<role name="Request()" element="com.googlecode.javaewah.IteratingBufferedRunningLengthWord::discardFirstWords(long):void" />
			<role name="Request()" element="com.googlecode.javaewah.IteratingBufferedRunningLengthWord::discardLiteralWords(long):void" />
			<role name="Request()" element="com.googlecode.javaewah.IteratingBufferedRunningLengthWord::next():boolean" />
		</instance>
		<instance>
			<role name="Adaptee" element="com.googlecode.javaewah32.BufferedRunningLengthWord32" />
			<role name="Adapter" element="com.googlecode.javaewah32.IteratingBufferedRunningLengthWord32" />
			<role name="adaptee" element="com.googlecode.javaewah32.IteratingBufferedRunningLengthWord32::brlw:com.googlecode.javaewah32.BufferedRunningLengthWord32" />
			<role name="Request()" element="com.googlecode.javaewah32.IteratingBufferedRunningLengthWord32::discardFirstWords(int):void" />
			<role name="Request()" element="com.googlecode.javaewah32.IteratingBufferedRunningLengthWord32::discardLiteralWords(int):void" />
			<role name="Request()" element="com.googlecode.javaewah32.IteratingBufferedRunningLengthWord32::discardRunningWords():void" />
			<role name="Request()" element="com.googlecode.javaewah32.IteratingBufferedRunningLengthWord32::next():boolean" />
			<role name="Request()" element="com.googlecode.javaewah32.IteratingBufferedRunningLengthWord32::size():int" />
		</instance>
		<instance>
			<role name="Adaptee" element="com.googlecode.javaewah32.EWAHIterator32" />
			<role name="Adapter" element="com.googlecode.javaewah32.IteratingBufferedRunningLengthWord32" />
			<role name="adaptee" element="com.googlecode.javaewah32.IteratingBufferedRunningLengthWord32::iterator:com.googlecode.javaewah32.EWAHIterator32" />
			<role name="Request()" element="com.googlecode.javaewah32.IteratingBufferedRunningLengthWord32::discardFirstWords(int):void" />
			<role name="Request()" element="com.googlecode.javaewah32.IteratingBufferedRunningLengthWord32::discardLiteralWords(int):void" />
			<role name="Request()" element="com.googlecode.javaewah32.IteratingBufferedRunningLengthWord32::next():boolean" />
		</instance>
		<instance>
			<role name="Adaptee" element="com.googlecode.javaewah.Buffer" />
			<role name="Adapter" element="com.googlecode.javaewah.EWAHCompressedBitmap" />
			<role name="adaptee" element="com.googlecode.javaewah.EWAHCompressedBitmap::buffer:com.googlecode.javaewah.Buffer" />
			<role name="Request()" element="com.googlecode.javaewah.EWAHCompressedBitmap::addStreamOfLiteralWords(com.googlecode.javaewah.Buffer, int, int):void" />
			<role name="Request()" element="com.googlecode.javaewah.EWAHCompressedBitmap::addStreamOfNegatedLiteralWords(com.googlecode.javaewah.Buffer, int, int):void" />
			<role name="Request()" element="com.googlecode.javaewah.EWAHCompressedBitmap::clear():void" />
			<role name="Request()" element="com.googlecode.javaewah.EWAHCompressedBitmap::setSizeInBitsWithinLastWord(int):void" />
			<role name="Request()" element="com.googlecode.javaewah.EWAHCompressedBitmap::not():void" />
			<role name="Request()" element="com.googlecode.javaewah.EWAHCompressedBitmap::sizeInBytes():int" />
		</instance>
		<instance>
			<role name="Adaptee" element="com.googlecode.javaewah32.Buffer32" />
			<role name="Adapter" element="com.googlecode.javaewah32.EWAHCompressedBitmap32" />
			<role name="adaptee" element="com.googlecode.javaewah32.EWAHCompressedBitmap32::buffer:com.googlecode.javaewah32.Buffer32" />
			<role name="Request()" element="com.googlecode.javaewah32.EWAHCompressedBitmap32::addStreamOfLiteralWords(com.googlecode.javaewah32.Buffer32, int, int):void" />
			<role name="Request()" element="com.googlecode.javaewah32.EWAHCompressedBitmap32::addStreamOfNegatedLiteralWords(com.googlecode.javaewah32.Buffer32, int, int):void" />
			<role name="Request()" element="com.googlecode.javaewah32.EWAHCompressedBitmap32::clear():void" />
			<role name="Request()" element="com.googlecode.javaewah32.EWAHCompressedBitmap32::setSizeInBitsWithinLastWord(int):void" />
			<role name="Request()" element="com.googlecode.javaewah32.EWAHCompressedBitmap32::not():void" />
			<role name="Request()" element="com.googlecode.javaewah32.EWAHCompressedBitmap32::sizeInBytes():int" />
		</instance>
		<instance>
			<role name="Adaptee" element="com.googlecode.javaewah.CloneableIterator" />
			<role name="Adapter" element="com.googlecode.javaewah.BufferedIterator" />
			<role name="adaptee" element="com.googlecode.javaewah.BufferedIterator::masterIterator:com.googlecode.javaewah.CloneableIterator" />
			<role name="Request()" element="com.googlecode.javaewah.BufferedIterator::next():boolean" />
		</instance>
		<instance>
			<role name="Adaptee" element="com.googlecode.javaewah.CloneableIterator" />
			<role name="Adapter" element="com.googlecode.javaewah32.BufferedIterator32" />
			<role name="adaptee" element="com.googlecode.javaewah32.BufferedIterator32::masterIterator:com.googlecode.javaewah.CloneableIterator" />
			<role name="Request()" element="com.googlecode.javaewah32.BufferedIterator32::next():boolean" />
		</instance>
		<instance>
			<role name="Adaptee" element="com.googlecode.javaewah.Buffer" />
			<role name="Adapter" element="com.googlecode.javaewah.IteratingBufferedRunningLengthWord" />
			<role name="adaptee" element="com.googlecode.javaewah.IteratingBufferedRunningLengthWord::buffer:com.googlecode.javaewah.Buffer" />
			<role name="Request()" element="com.googlecode.javaewah.IteratingBufferedRunningLengthWord::getLiteralWordAt(int):long" />
		</instance>
		<instance>
			<role name="Adaptee" element="com.googlecode.javaewah32.Buffer32" />
			<role name="Adapter" element="com.googlecode.javaewah32.IteratingBufferedRunningLengthWord32" />
			<role name="adaptee" element="com.googlecode.javaewah32.IteratingBufferedRunningLengthWord32::buffer:com.googlecode.javaewah32.Buffer32" />
			<role name="Request()" element="com.googlecode.javaewah32.IteratingBufferedRunningLengthWord32::getLiteralWordAt(int):int" />
		</instance>
	</pattern>
	<pattern name="Command" />
	<pattern name="Composite" />
	<pattern name="Decorator" />
	<pattern name="Observer" />
	<pattern name="State">
		<instance>
			<role name="Context" element="com.googlecode.javaewah.EWAHCompressedBitmap$1" />
			<role name="State" element="com.googlecode.javaewah.IntIterator" />
			<role name="state" element="com.googlecode.javaewah.EWAHCompressedBitmap$1::under:com.googlecode.javaewah.IntIterator" />
			<role name="Request()" element="com.googlecode.javaewah.EWAHCompressedBitmap$1::hasNext():boolean" />
			<role name="Request()" element="com.googlecode.javaewah.EWAHCompressedBitmap$1::next():java.lang.Integer" />
		</instance>
		<instance>
			<role name="Context" element="com.googlecode.javaewah.IteratorUtil$1" />
			<role name="State" element="com.googlecode.javaewah.IntIterator" />
			<role name="state" element="com.googlecode.javaewah.IteratorUtil$1::under:com.googlecode.javaewah.IntIterator" />
			<role name="Request()" element="com.googlecode.javaewah.IteratorUtil$1::hasNext():boolean" />
			<role name="Request()" element="com.googlecode.javaewah.IteratorUtil$1::next():java.lang.Integer" />
		</instance>
		<instance>
			<role name="Context" element="com.googlecode.javaewah32.EWAHCompressedBitmap32$1" />
			<role name="State" element="com.googlecode.javaewah.IntIterator" />
			<role name="state" element="com.googlecode.javaewah32.EWAHCompressedBitmap32$1::under:com.googlecode.javaewah.IntIterator" />
			<role name="Request()" element="com.googlecode.javaewah32.EWAHCompressedBitmap32$1::hasNext():boolean" />
			<role name="Request()" element="com.googlecode.javaewah32.EWAHCompressedBitmap32$1::next():java.lang.Integer" />
		</instance>
		<instance>
			<role name="Context" element="com.googlecode.javaewah32.IteratorUtil32$1" />
			<role name="State" element="com.googlecode.javaewah.IntIterator" />
			<role name="state" element="com.googlecode.javaewah32.IteratorUtil32$1::under:com.googlecode.javaewah.IntIterator" />
			<role name="Request()" element="com.googlecode.javaewah32.IteratorUtil32$1::hasNext():boolean" />
			<role name="Request()" element="com.googlecode.javaewah32.IteratorUtil32$1::next():java.lang.Integer" />
		</instance>
		<instance>
			<role name="Context" element="com.googlecode.javaewah.EWAHCompressedBitmap" />
			<role name="State" element="com.googlecode.javaewah.Buffer" />
			<role name="state" element="com.googlecode.javaewah.EWAHCompressedBitmap::buffer:com.googlecode.javaewah.Buffer" />
			<role name="Request()" element="com.googlecode.javaewah.EWAHCompressedBitmap::insertEmptyWord(boolean):void" />
			<role name="Request()" element="com.googlecode.javaewah.EWAHCompressedBitmap::insertLiteralWord(long):void" />
			<role name="Request()" element="com.googlecode.javaewah.EWAHCompressedBitmap::addStreamOfLiteralWords(com.googlecode.javaewah.Buffer, int, int):void" />
			<role name="Request()" element="com.googlecode.javaewah.EWAHCompressedBitmap::addStreamOfNegatedLiteralWords(com.googlecode.javaewah.Buffer, int, int):void" />
			<role name="Request()" element="com.googlecode.javaewah.EWAHCompressedBitmap::and(com.googlecode.javaewah.EWAHCompressedBitmap):com.googlecode.javaewah.EWAHCompressedBitmap" />
			<role name="Request()" element="com.googlecode.javaewah.EWAHCompressedBitmap::andNot(com.googlecode.javaewah.EWAHCompressedBitmap):com.googlecode.javaewah.EWAHCompressedBitmap" />
			<role name="Request()" element="com.googlecode.javaewah.EWAHCompressedBitmap::clear():void" />
			<role name="Request()" element="com.googlecode.javaewah.EWAHCompressedBitmap::clone():com.googlecode.javaewah.EWAHCompressedBitmap" />
			<role name="Request()" element="com.googlecode.javaewah.EWAHCompressedBitmap::serialize(java.io.DataOutput):void" />
			<role name="Request()" element="com.googlecode.javaewah.EWAHCompressedBitmap::deserialize(java.io.DataInput):void" />
			<role name="Request()" element="com.googlecode.javaewah.EWAHCompressedBitmap::fastaddStreamOfEmptyWords(boolean, long):void" />
			<role name="Request()" element="com.googlecode.javaewah.EWAHCompressedBitmap::hashCode():int" />
			<role name="Request()" element="com.googlecode.javaewah.EWAHCompressedBitmap::not():void" />
			<role name="Request()" element="com.googlecode.javaewah.EWAHCompressedBitmap::or(com.googlecode.javaewah.EWAHCompressedBitmap):com.googlecode.javaewah.EWAHCompressedBitmap" />
			<role name="Request()" element="com.googlecode.javaewah.EWAHCompressedBitmap::getFirstSetBit():int" />
			<role name="Request()" element="com.googlecode.javaewah.EWAHCompressedBitmap::extendAndSet(int, boolean):void" />
			<role name="Request()" element="com.googlecode.javaewah.EWAHCompressedBitmap::locateAndSet(int, boolean):void" />
			<role name="Request()" element="com.googlecode.javaewah.EWAHCompressedBitmap::setInRunningLength(boolean, int, int, int, long, boolean, long):void" />
			<role name="Request()" element="com.googlecode.javaewah.EWAHCompressedBitmap::setInLiteralWords(boolean, int, int, int, long, boolean, long):void" />
			<role name="Request()" element="com.googlecode.javaewah.EWAHCompressedBitmap::mergeLiteralWordInNextRunningLength(boolean, long, int, int):boolean" />
			<role name="Request()" element="com.googlecode.javaewah.EWAHCompressedBitmap::setSizeInBitsWithinLastWord(int):void" />
			<role name="Request()" element="com.googlecode.javaewah.EWAHCompressedBitmap::setSizeInBits(int, boolean):boolean" />
			<role name="Request()" element="com.googlecode.javaewah.EWAHCompressedBitmap::sizeInBytes():int" />
			<role name="Request()" element="com.googlecode.javaewah.EWAHCompressedBitmap::toDebugString():java.lang.String" />
			<role name="Request()" element="com.googlecode.javaewah.EWAHCompressedBitmap::swap(com.googlecode.javaewah.EWAHCompressedBitmap):void" />
			<role name="Request()" element="com.googlecode.javaewah.EWAHCompressedBitmap::trim():void" />
			<role name="Request()" element="com.googlecode.javaewah.EWAHCompressedBitmap::xor(com.googlecode.javaewah.EWAHCompressedBitmap):com.googlecode.javaewah.EWAHCompressedBitmap" />
			<role name="Request()" element="com.googlecode.javaewah.EWAHCompressedBitmap::compose(com.googlecode.javaewah.EWAHCompressedBitmap):com.googlecode.javaewah.EWAHCompressedBitmap" />
			<role name="Request()" element="com.googlecode.javaewah.EWAHCompressedBitmap::calculateInitialSize(com.googlecode.javaewah.EWAHCompressedBitmap[]):int" />
			<role name="Request()" element="com.googlecode.javaewah.EWAHCompressedBitmap::shift(int):com.googlecode.javaewah.EWAHCompressedBitmap" />
		</instance>
		<instance>
			<role name="Context" element="com.googlecode.javaewah32.EWAHCompressedBitmap32" />
			<role name="State" element="com.googlecode.javaewah32.Buffer32" />
			<role name="state" element="com.googlecode.javaewah32.EWAHCompressedBitmap32::buffer:com.googlecode.javaewah32.Buffer32" />
			<role name="Request()" element="com.googlecode.javaewah32.EWAHCompressedBitmap32::insertEmptyWord(boolean):void" />
			<role name="Request()" element="com.googlecode.javaewah32.EWAHCompressedBitmap32::insertLiteralWord(int):void" />
			<role name="Request()" element="com.googlecode.javaewah32.EWAHCompressedBitmap32::addStreamOfLiteralWords(com.googlecode.javaewah32.Buffer32, int, int):void" />
			<role name="Request()" element="com.googlecode.javaewah32.EWAHCompressedBitmap32::addStreamOfNegatedLiteralWords(com.googlecode.javaewah32.Buffer32, int, int):void" />
			<role name="Request()" element="com.googlecode.javaewah32.EWAHCompressedBitmap32::and(com.googlecode.javaewah32.EWAHCompressedBitmap32):com.googlecode.javaewah32.EWAHCompressedBitmap32" />
			<role name="Request()" element="com.googlecode.javaewah32.EWAHCompressedBitmap32::andNot(com.googlecode.javaewah32.EWAHCompressedBitmap32):com.googlecode.javaewah32.EWAHCompressedBitmap32" />
			<role name="Request()" element="com.googlecode.javaewah32.EWAHCompressedBitmap32::clear():void" />
			<role name="Request()" element="com.googlecode.javaewah32.EWAHCompressedBitmap32::clone():com.googlecode.javaewah32.EWAHCompressedBitmap32" />
			<role name="Request()" element="com.googlecode.javaewah32.EWAHCompressedBitmap32::serialize(java.io.DataOutput):void" />
			<role name="Request()" element="com.googlecode.javaewah32.EWAHCompressedBitmap32::deserialize(java.io.DataInput):void" />
			<role name="Request()" element="com.googlecode.javaewah32.EWAHCompressedBitmap32::fastaddStreamOfEmptyWords(boolean, int):void" />
			<role name="Request()" element="com.googlecode.javaewah32.EWAHCompressedBitmap32::hashCode():int" />
			<role name="Request()" element="com.googlecode.javaewah32.EWAHCompressedBitmap32::not():void" />
			<role name="Request()" element="com.googlecode.javaewah32.EWAHCompressedBitmap32::or(com.googlecode.javaewah32.EWAHCompressedBitmap32):com.googlecode.javaewah32.EWAHCompressedBitmap32" />
			<role name="Request()" element="com.googlecode.javaewah32.EWAHCompressedBitmap32::getFirstSetBit():int" />
			<role name="Request()" element="com.googlecode.javaewah32.EWAHCompressedBitmap32::extendAndSet(int, boolean):void" />
			<role name="Request()" element="com.googlecode.javaewah32.EWAHCompressedBitmap32::locateAndSet(int, boolean):void" />
			<role name="Request()" element="com.googlecode.javaewah32.EWAHCompressedBitmap32::setInRunningLength(boolean, int, int, int, int, boolean, int):void" />
			<role name="Request()" element="com.googlecode.javaewah32.EWAHCompressedBitmap32::setInLiteralWords(boolean, int, int, int, int, boolean, int):void" />
			<role name="Request()" element="com.googlecode.javaewah32.EWAHCompressedBitmap32::mergeLiteralWordInNextRunningLength(boolean, int, int, int):boolean" />
			<role name="Request()" element="com.googlecode.javaewah32.EWAHCompressedBitmap32::setSizeInBitsWithinLastWord(int):void" />
			<role name="Request()" element="com.googlecode.javaewah32.EWAHCompressedBitmap32::setSizeInBits(int, boolean):boolean" />
			<role name="Request()" element="com.googlecode.javaewah32.EWAHCompressedBitmap32::sizeInBytes():int" />
			<role name="Request()" element="com.googlecode.javaewah32.EWAHCompressedBitmap32::toDebugString():java.lang.String" />
			<role name="Request()" element="com.googlecode.javaewah32.EWAHCompressedBitmap32::swap(com.googlecode.javaewah32.EWAHCompressedBitmap32):void" />
			<role name="Request()" element="com.googlecode.javaewah32.EWAHCompressedBitmap32::trim():void" />
			<role name="Request()" element="com.googlecode.javaewah32.EWAHCompressedBitmap32::xor(com.googlecode.javaewah32.EWAHCompressedBitmap32):com.googlecode.javaewah32.EWAHCompressedBitmap32" />
			<role name="Request()" element="com.googlecode.javaewah32.EWAHCompressedBitmap32::compose(com.googlecode.javaewah32.EWAHCompressedBitmap32):com.googlecode.javaewah32.EWAHCompressedBitmap32" />
			<role name="Request()" element="com.googlecode.javaewah32.EWAHCompressedBitmap32::calculateInitialSize(com.googlecode.javaewah32.EWAHCompressedBitmap32[]):int" />
			<role name="Request()" element="com.googlecode.javaewah32.EWAHCompressedBitmap32::shift(int):com.googlecode.javaewah32.EWAHCompressedBitmap32" />
		</instance>
		<instance>
			<role name="Context" element="com.googlecode.javaewah.BufferedIterator" />
			<role name="State" element="com.googlecode.javaewah.CloneableIterator" />
			<role name="state" element="com.googlecode.javaewah.BufferedIterator::masterIterator:com.googlecode.javaewah.CloneableIterator" />
			<role name="Request()" element="com.googlecode.javaewah.BufferedIterator::next():boolean" />
			<role name="Request()" element="com.googlecode.javaewah.BufferedIterator::clone():com.googlecode.javaewah.BufferedIterator" />
		</instance>
		<instance>
			<role name="Context" element="com.googlecode.javaewah32.BufferedIterator32" />
			<role name="State" element="com.googlecode.javaewah.CloneableIterator" />
			<role name="state" element="com.googlecode.javaewah32.BufferedIterator32::masterIterator:com.googlecode.javaewah.CloneableIterator" />
			<role name="Request()" element="com.googlecode.javaewah32.BufferedIterator32::next():boolean" />
			<role name="Request()" element="com.googlecode.javaewah32.BufferedIterator32::clone():com.googlecode.javaewah32.BufferedIterator32" />
		</instance>
		<instance>
			<role name="Context" element="com.googlecode.javaewah.IntIteratorOverIteratingRLW" />
			<role name="State" element="com.googlecode.javaewah.IteratingRLW" />
			<role name="state" element="com.googlecode.javaewah.IntIteratorOverIteratingRLW::parent:com.googlecode.javaewah.IteratingRLW" />
			<role name="Request()" element="com.googlecode.javaewah.IntIteratorOverIteratingRLW::moveToNext():boolean" />
			<role name="Request()" element="com.googlecode.javaewah.IntIteratorOverIteratingRLW::setupForCurrentRunningLengthWord():void" />
			<role name="Request()" element="com.googlecode.javaewah.IntIteratorOverIteratingRLW::literalHasNext():boolean" />
		</instance>
		<instance>
			<role name="Context" element="com.googlecode.javaewah32.IntIteratorOverIteratingRLW32" />
			<role name="State" element="com.googlecode.javaewah32.IteratingRLW32" />
			<role name="state" element="com.googlecode.javaewah32.IntIteratorOverIteratingRLW32::parent:com.googlecode.javaewah32.IteratingRLW32" />
			<role name="Request()" element="com.googlecode.javaewah32.IntIteratorOverIteratingRLW32::moveToNext():boolean" />
			<role name="Request()" element="com.googlecode.javaewah32.IntIteratorOverIteratingRLW32::setupForCurrentRunningLengthWord():void" />
			<role name="Request()" element="com.googlecode.javaewah32.IntIteratorOverIteratingRLW32::literalHasNext():boolean" />
		</instance>
		<instance>
			<role name="Context" element="com.googlecode.javaewah.ClearIntIterator" />
			<role name="State" element="com.googlecode.javaewah.Buffer" />
			<role name="state" element="com.googlecode.javaewah.ClearIntIterator::buffer:com.googlecode.javaewah.Buffer" />
			<role name="Request()" element="com.googlecode.javaewah.ClearIntIterator::literalHasNext():boolean" />
		</instance>
		<instance>
			<role name="Context" element="com.googlecode.javaewah.IntIteratorImpl" />
			<role name="State" element="com.googlecode.javaewah.Buffer" />
			<role name="state" element="com.googlecode.javaewah.IntIteratorImpl::buffer:com.googlecode.javaewah.Buffer" />
			<role name="Request()" element="com.googlecode.javaewah.IntIteratorImpl::literalHasNext():boolean" />
		</instance>
		<instance>
			<role name="Context" element="com.googlecode.javaewah.ReverseIntIterator" />
			<role name="State" element="com.googlecode.javaewah.Buffer" />
			<role name="state" element="com.googlecode.javaewah.ReverseIntIterator::buffer:com.googlecode.javaewah.Buffer" />
			<role name="Request()" element="com.googlecode.javaewah.ReverseIntIterator::setRLW(com.googlecode.javaewah.RunningLengthWord):void" />
			<role name="Request()" element="com.googlecode.javaewah.ReverseIntIterator::literalHasNext():boolean" />
		</instance>
		<instance>
			<role name="Context" element="com.googlecode.javaewah32.ClearIntIterator32" />
			<role name="State" element="com.googlecode.javaewah32.Buffer32" />
			<role name="state" element="com.googlecode.javaewah32.ClearIntIterator32::buffer:com.googlecode.javaewah32.Buffer32" />
			<role name="Request()" element="com.googlecode.javaewah32.ClearIntIterator32::literalHasNext():boolean" />
		</instance>
		<instance>
			<role name="Context" element="com.googlecode.javaewah32.IntIteratorImpl32" />
			<role name="State" element="com.googlecode.javaewah32.Buffer32" />
			<role name="state" element="com.googlecode.javaewah32.IntIteratorImpl32::buffer:com.googlecode.javaewah32.Buffer32" />
			<role name="Request()" element="com.googlecode.javaewah32.IntIteratorImpl32::literalHasNext():boolean" />
		</instance>
		<instance>
			<role name="Context" element="com.googlecode.javaewah32.ReverseIntIterator32" />
			<role name="State" element="com.googlecode.javaewah32.Buffer32" />
			<role name="state" element="com.googlecode.javaewah32.ReverseIntIterator32::buffer:com.googlecode.javaewah32.Buffer32" />
			<role name="Request()" element="com.googlecode.javaewah32.ReverseIntIterator32::setRLW(com.googlecode.javaewah32.RunningLengthWord32):void" />
			<role name="Request()" element="com.googlecode.javaewah32.ReverseIntIterator32::literalHasNext():boolean" />
		</instance>
		<instance>
			<role name="Context" element="com.googlecode.javaewah.ChunkIteratorImpl" />
			<role name="State" element="com.googlecode.javaewah.Buffer" />
			<role name="state" element="com.googlecode.javaewah.ChunkIteratorImpl::buffer:com.googlecode.javaewah.Buffer" />
			<role name="Request()" element="com.googlecode.javaewah.ChunkIteratorImpl::literalHasNext():boolean" />
		</instance>
		<instance>
			<role name="Context" element="com.googlecode.javaewah32.ChunkIteratorImpl32" />
			<role name="State" element="com.googlecode.javaewah32.Buffer32" />
			<role name="state" element="com.googlecode.javaewah32.ChunkIteratorImpl32::buffer:com.googlecode.javaewah32.Buffer32" />
			<role name="Request()" element="com.googlecode.javaewah32.ChunkIteratorImpl32::literalHasNext():boolean" />
		</instance>
		<instance>
			<role name="State" element="com.googlecode.javaewah.Buffer" />
			<role name="Context" element="com.googlecode.javaewah.IteratingBufferedRunningLengthWord" />
			<role name="state" element="com.googlecode.javaewah.IteratingBufferedRunningLengthWord::buffer:com.googlecode.javaewah.Buffer" />
			<role name="Request()" element="com.googlecode.javaewah.IteratingBufferedRunningLengthWord::getLiteralWordAt(int):long" />
		</instance>
		<instance>
			<role name="State" element="com.googlecode.javaewah32.Buffer32" />
			<role name="Context" element="com.googlecode.javaewah32.IteratingBufferedRunningLengthWord32" />
			<role name="state" element="com.googlecode.javaewah32.IteratingBufferedRunningLengthWord32::buffer:com.googlecode.javaewah32.Buffer32" />
			<role name="Request()" element="com.googlecode.javaewah32.IteratingBufferedRunningLengthWord32::getLiteralWordAt(int):int" />
		</instance>
	</pattern>
	<pattern name="Strategy" />
	<pattern name="Bridge" />
	<pattern name="Template Method" />
	<pattern name="Visitor" />
	<pattern name="Proxy">
		<instance>
			<role name="Proxy" element="com.googlecode.javaewah.BufferedIterator" />
			<role name="RealSubject" element="com.googlecode.javaewah.IteratingBufferedRunningLengthWord" />
			<role name="Request()" element="com.googlecode.javaewah.BufferedIterator::discardFirstWords(long):void" />
			<role name="Request()" element="com.googlecode.javaewah.BufferedIterator::discardLiteralWords(long):void" />
			<role name="Request()" element="com.googlecode.javaewah.BufferedIterator::discardRunningWords():void" />
			<role name="Request()" element="com.googlecode.javaewah.BufferedIterator::next():boolean" />
			<role name="Request()" element="com.googlecode.javaewah.BufferedIterator::getLiteralWordAt(int):long" />
			<role name="Request()" element="com.googlecode.javaewah.BufferedIterator::getNumberOfLiteralWords():int" />
			<role name="Request()" element="com.googlecode.javaewah.BufferedIterator::getRunningBit():boolean" />
			<role name="Request()" element="com.googlecode.javaewah.BufferedIterator::getRunningLength():long" />
			<role name="Request()" element="com.googlecode.javaewah.BufferedIterator::size():long" />
		</instance>
		<instance>
			<role name="Proxy" element="com.googlecode.javaewah32.BufferedIterator32" />
			<role name="RealSubject" element="com.googlecode.javaewah32.IteratingBufferedRunningLengthWord32" />
			<role name="Request()" element="com.googlecode.javaewah32.BufferedIterator32::discardFirstWords(int):void" />
			<role name="Request()" element="com.googlecode.javaewah32.BufferedIterator32::discardLiteralWords(int):void" />
			<role name="Request()" element="com.googlecode.javaewah32.BufferedIterator32::discardRunningWords():void" />
			<role name="Request()" element="com.googlecode.javaewah32.BufferedIterator32::next():boolean" />
			<role name="Request()" element="com.googlecode.javaewah32.BufferedIterator32::getLiteralWordAt(int):int" />
			<role name="Request()" element="com.googlecode.javaewah32.BufferedIterator32::getNumberOfLiteralWords():int" />
			<role name="Request()" element="com.googlecode.javaewah32.BufferedIterator32::getRunningBit():boolean" />
			<role name="Request()" element="com.googlecode.javaewah32.BufferedIterator32::getRunningLength():int" />
			<role name="Request()" element="com.googlecode.javaewah32.BufferedIterator32::size():int" />
		</instance>
	</pattern>
	<pattern name="Proxy2" />
	<pattern name="Chain of Responsibility" />
</system>

