<?xml version="1.0" encoding="UTF-8"?>
<system>
	<pattern name="Factory Method">
		<instance>
			<role name="Creator" element="de.saumya.mojo.tests.AbstractTestMojo" />
			<role name="FactoryMethod()" element="de.saumya.mojo.tests.AbstractTestMojo::newTestScriptFactory():de.saumya.mojo.tests.TestScriptFactory" />
		</instance>
	</pattern>
	<pattern name="Prototype" />
	<pattern name="Singleton" />
	<pattern name="(Object)Adapter">
		<instance>
			<role name="Adaptee" element="de.saumya.mojo.tests.TestResultManager" />
			<role name="Adapter" element="de.saumya.mojo.minitest.MinispecMojo" />
			<role name="adaptee" element="de.saumya.mojo.minitest.MinispecMojo::resultManager:de.saumya.mojo.tests.TestResultManager" />
			<role name="Request()" element="de.saumya.mojo.minitest.MinispecMojo::runIt(de.saumya.mojo.ruby.script.ScriptFactory, de.saumya.mojo.jruby.JRubyVersion$Mode, de.saumya.mojo.jruby.JRubyVersion, de.saumya.mojo.tests.TestScriptFactory):de.saumya.mojo.tests.JRubyRun$Result" />
		</instance>
		<instance>
			<role name="Adaptee" element="de.saumya.mojo.tests.TestResultManager" />
			<role name="Adapter" element="de.saumya.mojo.minitest.MinitestMojo" />
			<role name="adaptee" element="de.saumya.mojo.minitest.MinitestMojo::resultManager:de.saumya.mojo.tests.TestResultManager" />
			<role name="Request()" element="de.saumya.mojo.minitest.MinitestMojo::runIt(de.saumya.mojo.ruby.script.ScriptFactory, de.saumya.mojo.jruby.JRubyVersion$Mode, de.saumya.mojo.jruby.JRubyVersion, de.saumya.mojo.tests.TestScriptFactory):de.saumya.mojo.tests.JRubyRun$Result" />
		</instance>
		<instance>
			<role name="Adaptee" element="de.saumya.mojo.tests.TestResultManager" />
			<role name="Adapter" element="de.saumya.mojo.runit.RUnitMojo" />
			<role name="adaptee" element="de.saumya.mojo.runit.RUnitMojo::resultManager:de.saumya.mojo.tests.TestResultManager" />
			<role name="Request()" element="de.saumya.mojo.runit.RUnitMojo::runIt(de.saumya.mojo.ruby.script.ScriptFactory, de.saumya.mojo.jruby.JRubyVersion$Mode, de.saumya.mojo.jruby.JRubyVersion, de.saumya.mojo.tests.TestScriptFactory):de.saumya.mojo.tests.JRubyRun$Result" />
		</instance>
		<instance>
			<role name="Adaptee" element="de.saumya.mojo.ruby.Logger" />
			<role name="Adapter" element="de.saumya.mojo.ruby.script.AntLauncher" />
			<role name="adaptee" element="de.saumya.mojo.ruby.script.AntLauncher::logger:de.saumya.mojo.ruby.Logger" />
			<role name="Request()" element="de.saumya.mojo.ruby.script.AntLauncher::doExecute(java.io.File, java.util.List, java.io.OutputStream):void" />
		</instance>
		<instance>
			<role name="Adaptee" element="de.saumya.mojo.ruby.script.ScriptFactory" />
			<role name="Adapter" element="de.saumya.mojo.ruby.script.AntLauncher" />
			<role name="adaptee" element="de.saumya.mojo.ruby.script.AntLauncher::factory:de.saumya.mojo.ruby.script.ScriptFactory" />
			<role name="Request()" element="de.saumya.mojo.ruby.script.AntLauncher::doExecute(java.io.File, java.util.List, java.io.OutputStream):void" />
		</instance>
		<instance>
			<role name="Adaptee" element="de.saumya.mojo.gems.gem.GemPackager" />
			<role name="Adapter" element="de.saumya.mojo.gems.DefaultMavenArtifactConverter" />
			<role name="adaptee" element="de.saumya.mojo.gems.DefaultMavenArtifactConverter::gemPackager:de.saumya.mojo.gems.gem.GemPackager" />
			<role name="Request()" element="de.saumya.mojo.gems.DefaultMavenArtifactConverter::createGemStubFromArtifact(de.saumya.mojo.gems.MavenArtifact, java.io.File):de.saumya.mojo.gems.GemArtifact" />
			<role name="Request()" element="de.saumya.mojo.gems.DefaultMavenArtifactConverter::createGemFromArtifact(de.saumya.mojo.gems.MavenArtifact, java.io.File):de.saumya.mojo.gems.GemArtifact" />
		</instance>
		<instance>
			<role name="Adaptee" element="de.saumya.mojo.gems.spec.GemSpecificationIO" />
			<role name="Adapter" element="de.saumya.mojo.gems.DefaultMavenArtifactConverter" />
			<role name="adaptee" element="de.saumya.mojo.gems.DefaultMavenArtifactConverter::gemSpecificationIO:de.saumya.mojo.gems.spec.GemSpecificationIO" />
			<role name="Request()" element="de.saumya.mojo.gems.DefaultMavenArtifactConverter::createGemspecFromArtifact(de.saumya.mojo.gems.MavenArtifact, java.io.File):java.io.File" />
		</instance>
		<instance>
			<role name="Adaptee" element="de.saumya.mojo.gems.spec.GemSpecificationIO" />
			<role name="Adapter" element="de.saumya.mojo.gems.gem.DefaultGemPackager" />
			<role name="adaptee" element="de.saumya.mojo.gems.gem.DefaultGemPackager::gemSpecificationIO:de.saumya.mojo.gems.spec.GemSpecificationIO" />
			<role name="Request()" element="de.saumya.mojo.gems.gem.DefaultGemPackager::createGem(de.saumya.mojo.gems.gem.Gem, java.io.File):java.io.File" />
		</instance>
	</pattern>
	<pattern name="Command" />
	<pattern name="Composite" />
	<pattern name="Decorator" />
	<pattern name="Observer" />
	<pattern name="State">
		<instance>
			<role name="State" element="de.saumya.mojo.ruby.rails.RailsManager" />
			<role name="Context" element="de.saumya.mojo.ruby.rails.RailsService" />
			<role name="state" element="de.saumya.mojo.ruby.rails.RailsService::manager:de.saumya.mojo.ruby.rails.RailsManager" />
			<role name="Request()" element="de.saumya.mojo.ruby.rails.RailsService::resetState():void" />
			<role name="Request()" element="de.saumya.mojo.ruby.rails.RailsService::createNew(java.lang.String, java.lang.String, java.lang.String[]):void" />
			<role name="Request()" element="de.saumya.mojo.ruby.rails.RailsService::rake(java.lang.String):void" />
			<role name="Request()" element="de.saumya.mojo.ruby.rails.RailsService::generate(java.lang.String, java.lang.String[]):void" />
		</instance>
		<instance>
			<role name="Context" element="de.saumya.mojo.ruby.gems.GemsInstaller" />
			<role name="State" element="de.saumya.mojo.ruby.gems.GemManager" />
			<role name="state" element="de.saumya.mojo.ruby.gems.GemsInstaller::manager:de.saumya.mojo.ruby.gems.GemManager" />
			<role name="Request()" element="de.saumya.mojo.ruby.gems.GemsInstaller::installGem(java.lang.String, java.lang.String, java.lang.Object, org.apache.maven.artifact.repository.ArtifactRepository, java.util.List):org.apache.maven.project.MavenProject" />
			<role name="Request()" element="de.saumya.mojo.ruby.gems.GemsInstaller::installGems(org.apache.maven.project.MavenProject, java.util.Collection, org.apache.maven.artifact.repository.ArtifactRepository, java.util.List, java.lang.String):void" />
		</instance>
		<instance>
			<role name="Context" element="de.saumya.mojo.gems.GemspecConverter" />
			<role name="State" element="de.saumya.mojo.ruby.Logger" />
			<role name="state" element="de.saumya.mojo.gems.GemspecConverter::log:de.saumya.mojo.ruby.Logger" />
			<role name="Request()" element="de.saumya.mojo.gems.GemspecConverter::updateMetadata(java.util.List, java.lang.String):void" />
		</instance>
		<instance>
			<role name="Context" element="de.saumya.mojo.ruby.script.AntLogAdapter" />
			<role name="State" element="de.saumya.mojo.ruby.Logger" />
			<role name="state" element="de.saumya.mojo.ruby.script.AntLogAdapter::logger:de.saumya.mojo.ruby.Logger" />
			<role name="Request()" element="de.saumya.mojo.ruby.script.AntLogAdapter::log(org.apache.tools.ant.BuildEvent):void" />
		</instance>
		<instance>
			<role name="Context" element="de.saumya.mojo.ruby.script.AntLauncher" />
			<role name="State" element="de.saumya.mojo.ruby.Logger" />
			<role name="state" element="de.saumya.mojo.ruby.script.AntLauncher::logger:de.saumya.mojo.ruby.Logger" />
			<role name="Request()" element="de.saumya.mojo.ruby.script.AntLauncher::doExecute(java.io.File, java.util.List, java.io.OutputStream):void" />
		</instance>
		<instance>
			<role name="Context" element="de.saumya.mojo.ruby.script.EmbeddedLauncher" />
			<role name="State" element="de.saumya.mojo.ruby.Logger" />
			<role name="state" element="de.saumya.mojo.ruby.script.EmbeddedLauncher::logger:de.saumya.mojo.ruby.Logger" />
			<role name="Request()" element="de.saumya.mojo.ruby.script.EmbeddedLauncher::doExecute(java.io.File, java.io.File, java.util.List, boolean):void" />
		</instance>
		<instance>
			<role name="Context" element="de.saumya.mojo.gems.DefaultMavenArtifactConverter" />
			<role name="State" element="de.saumya.mojo.gems.gem.GemPackager" />
			<role name="state" element="de.saumya.mojo.gems.DefaultMavenArtifactConverter::gemPackager:de.saumya.mojo.gems.gem.GemPackager" />
			<role name="Request()" element="de.saumya.mojo.gems.DefaultMavenArtifactConverter::createGemStubFromArtifact(de.saumya.mojo.gems.MavenArtifact, java.io.File):de.saumya.mojo.gems.GemArtifact" />
			<role name="Request()" element="de.saumya.mojo.gems.DefaultMavenArtifactConverter::createGemFromArtifact(de.saumya.mojo.gems.MavenArtifact, java.io.File):de.saumya.mojo.gems.GemArtifact" />
		</instance>
		<instance>
			<role name="Context" element="de.saumya.mojo.ruby.script.ScriptFactory" />
			<role name="State" element="de.saumya.mojo.ruby.Logger" />
			<role name="state" element="de.saumya.mojo.ruby.script.ScriptFactory::logger:de.saumya.mojo.ruby.Logger" />
			<role name="Request()" element="de.saumya.mojo.ruby.script.ScriptFactory::getVersion():de.saumya.mojo.ruby.script.JRubyVersion" />
		</instance>
		<instance>
			<role name="Context" element="de.saumya.mojo.gems.DefaultMavenArtifactConverter" />
			<role name="State" element="de.saumya.mojo.gems.spec.GemSpecificationIO" />
			<role name="state" element="de.saumya.mojo.gems.DefaultMavenArtifactConverter::gemSpecificationIO:de.saumya.mojo.gems.spec.GemSpecificationIO" />
			<role name="Request()" element="de.saumya.mojo.gems.DefaultMavenArtifactConverter::createGemspecFromArtifact(de.saumya.mojo.gems.MavenArtifact, java.io.File):java.io.File" />
		</instance>
		<instance>
			<role name="Context" element="de.saumya.mojo.gems.gem.DefaultGemPackager" />
			<role name="State" element="de.saumya.mojo.gems.spec.GemSpecificationIO" />
			<role name="state" element="de.saumya.mojo.gems.gem.DefaultGemPackager::gemSpecificationIO:de.saumya.mojo.gems.spec.GemSpecificationIO" />
			<role name="Request()" element="de.saumya.mojo.gems.gem.DefaultGemPackager::createGem(de.saumya.mojo.gems.gem.Gem, java.io.File):java.io.File" />
		</instance>
	</pattern>
	<pattern name="Strategy" />
	<pattern name="Bridge">
		<instance>
			<role name="Abstraction" element="de.saumya.mojo.gem.AbstractGemMojo" />
			<role name="Implementor" element="de.saumya.mojo.ruby.gems.GemManager" />
			<role name="implementor" element="de.saumya.mojo.gem.AbstractGemMojo::manager:de.saumya.mojo.ruby.gems.GemManager" />
			<role name="Operation()" element="de.saumya.mojo.gem.AbstractGemMojo::setupNativeSupport():java.io.File" />
		</instance>
	</pattern>
	<pattern name="Template Method">
		<instance>
			<role name="AbstractClass" element="de.saumya.mojo.gem.AbstractGemMojo" />
			<role name="TemplateMethod()" element="de.saumya.mojo.gem.AbstractGemMojo::executeJRuby():void" />
		</instance>
		<instance>
			<role name="AbstractClass" element="de.saumya.mojo.jruby.AbstractJRubyMojo" />
			<role name="TemplateMethod()" element="de.saumya.mojo.jruby.AbstractJRubyMojo::execute():void" />
		</instance>
		<instance>
			<role name="AbstractClass" element="de.saumya.mojo.ruby.script.AbstractLauncher" />
			<role name="TemplateMethod()" element="de.saumya.mojo.ruby.script.AbstractLauncher::execute(java.util.List):void" />
			<role name="TemplateMethod()" element="de.saumya.mojo.ruby.script.AbstractLauncher::execute(java.util.List, java.io.File):void" />
			<role name="TemplateMethod()" element="de.saumya.mojo.ruby.script.AbstractLauncher::execute(java.util.List, java.io.OutputStream):void" />
			<role name="TemplateMethod()" element="de.saumya.mojo.ruby.script.AbstractLauncher::executeIn(java.io.File, java.util.List):void" />
			<role name="TemplateMethod()" element="de.saumya.mojo.ruby.script.AbstractLauncher::executeIn(java.io.File, java.util.List, java.io.File):void" />
			<role name="TemplateMethod()" element="de.saumya.mojo.ruby.script.AbstractLauncher::executeIn(java.io.File, java.util.List, java.io.OutputStream):void" />
		</instance>
		<instance>
			<role name="AbstractClass" element="de.saumya.mojo.tests.AbstractMavenTestScriptFactory" />
			<role name="TemplateMethod()" element="de.saumya.mojo.tests.AbstractMavenTestScriptFactory::getFullScript():java.lang.String" />
			<role name="TemplateMethod()" element="de.saumya.mojo.tests.AbstractMavenTestScriptFactory::getCoreScript():java.lang.String" />
		</instance>
		<instance>
			<role name="AbstractClass" element="de.saumya.mojo.runit.AbstractRunitMavenTestScriptFactory" />
			<role name="TemplateMethod()" element="de.saumya.mojo.runit.AbstractRunitMavenTestScriptFactory::getRunnerScript(java.lang.StringBuilder):void" />
		</instance>
		<instance>
			<role name="AbstractClass" element="de.saumya.mojo.tests.AbstractTestMojo" />
			<role name="TemplateMethod()" element="de.saumya.mojo.tests.AbstractTestMojo::executeWithGems():void" />
			<role name="TemplateMethod()" element="de.saumya.mojo.tests.AbstractTestMojo::runIt(de.saumya.mojo.tests.JRubyRun, de.saumya.mojo.tests.TestScriptFactory):void" />
		</instance>
		<instance>
			<role name="AbstractClass" element="de.saumya.mojo.tests.AbstractTestScriptFactory" />
			<role name="TemplateMethod()" element="de.saumya.mojo.tests.AbstractTestScriptFactory::getScriptFile():java.io.File" />
		</instance>
	</pattern>
	<pattern name="Visitor" />
	<pattern name="Proxy" />
	<pattern name="Proxy2" />
	<pattern name="Chain of Responsibility" />
</system>

