<?xml version="1.0" encoding="UTF-8"?>
<system>
	<pattern name="Factory Method" />
	<pattern name="Prototype" />
	<pattern name="Singleton" />
	<pattern name="(Object)Adapter" />
	<pattern name="Command" />
	<pattern name="Composite" />
	<pattern name="Decorator" />
	<pattern name="Observer" />
	<pattern name="State" />
	<pattern name="Strategy" />
	<pattern name="Bridge" />
	<pattern name="Template Method" />
	<pattern name="Visitor" />
	<pattern name="Proxy">
		<instance>
			<role name="Proxy" element="com.nammari.googleplus.HorizontalGooglePlusLayout" />
			<role name="RealSubject" element="com.nammari.googleplus.ScrollerHandler" />
			<role name="Request()" element="com.nammari.googleplus.HorizontalGooglePlusLayout::saveState(android.os.Bundle):void" />
			<role name="Request()" element="com.nammari.googleplus.HorizontalGooglePlusLayout::restoreState(android.os.Bundle):void" />
			<role name="Request()" element="com.nammari.googleplus.HorizontalGooglePlusLayout::didAniamtionPlayedOnChild(int):boolean" />
		</instance>
		<instance>
			<role name="Proxy" element="com.nammari.googleplus.VerticalGooglePlusLayout" />
			<role name="RealSubject" element="com.nammari.googleplus.ScrollerHandler" />
			<role name="Request()" element="com.nammari.googleplus.VerticalGooglePlusLayout::saveState(android.os.Bundle):void" />
			<role name="Request()" element="com.nammari.googleplus.VerticalGooglePlusLayout::restoreState(android.os.Bundle):void" />
			<role name="Request()" element="com.nammari.googleplus.VerticalGooglePlusLayout::didAniamtionPlayedOnChild(int):boolean" />
		</instance>
	</pattern>
	<pattern name="Proxy2" />
	<pattern name="Chain of Responsibility" />
</system>

