<?xml version="1.0" encoding="UTF-8"?>
<system>
	<pattern name="Factory Method">
		<instance>
			<role name="Creator" element="ninja.servlet.async.AsyncStrategyFactory" />
			<role name="FactoryMethod()" element="ninja.servlet.async.AsyncStrategyFactory::createStrategy(javax.servlet.http.HttpServletRequest, ninja.utils.ResultHandler):ninja.servlet.async.AsyncStrategy" />
		</instance>
		<instance>
			<role name="Creator" element="ninja.uploads.FileItemProvider" />
			<role name="FactoryMethod()" element="ninja.uploads.FileItemProvider::create(org.apache.commons.fileupload.FileItemStream):ninja.uploads.FileItem" />
		</instance>
	</pattern>
	<pattern name="Prototype" />
	<pattern name="Singleton" />
	<pattern name="(Object)Adapter">
		<instance>
			<role name="Adaptee" element="ninja.params.ParamParsers" />
			<role name="Adapter" element="ninja.utils.FakeContext" />
			<role name="adaptee" element="ninja.utils.FakeContext::paramParsers:ninja.params.ParamParsers" />
			<role name="Request()" element="ninja.utils.FakeContext::getParameterAs(, java.lang.Class, T):java.lang.Object" />
		</instance>
		<instance>
			<role name="Adaptee" element="ninja.utils.NinjaMode" />
			<role name="Adapter" element="ninja.utils.NinjaPropertiesImpl" />
			<role name="adaptee" element="ninja.utils.NinjaPropertiesImpl::ninjaMode:ninja.utils.NinjaMode" />
			<role name="Request()" element="ninja.utils.NinjaPropertiesImpl::isProd():boolean" />
			<role name="Request()" element="ninja.utils.NinjaPropertiesImpl::isDev():boolean" />
			<role name="Request()" element="ninja.utils.NinjaPropertiesImpl::isTest():boolean" />
		</instance>
		<instance>
			<role name="Adapter" element="ninja.params.ParsingArrayExtractor" />
			<role name="Adaptee" element="ninja.params.ParamParsers$ArrayParamParser" />
			<role name="adaptee" element="ninja.params.ParsingArrayExtractor::parser:ninja.params.ParamParsers$ArrayParamParser" />
			<role name="Request()" element="ninja.params.ParsingArrayExtractor::extract(ninja.Context):java.lang.Object" />
		</instance>
		<instance>
			<role name="Adaptee" element="ninja.utils.CookieEncryption" />
			<role name="Adapter" element="ninja.session.SessionImpl" />
			<role name="adaptee" element="ninja.session.SessionImpl::encryption:ninja.utils.CookieEncryption" />
			<role name="Request()" element="ninja.session.SessionImpl::init(ninja.Context):void" />
			<role name="Request()" element="ninja.session.SessionImpl::save(ninja.Context):void" />
		</instance>
		<instance>
			<role name="Adaptee" element="ninja.utils.Crypto" />
			<role name="Adapter" element="ninja.session.SessionImpl" />
			<role name="adaptee" element="ninja.session.SessionImpl::crypto:ninja.utils.Crypto" />
			<role name="Request()" element="ninja.session.SessionImpl::init(ninja.Context):void" />
			<role name="Request()" element="ninja.session.SessionImpl::save(ninja.Context):void" />
		</instance>
		<instance>
			<role name="Adapter" element="ninja.lifecycle.LifecycleServiceImpl" />
			<role name="Adaptee" element="ninja.lifecycle.LifecycleRegister" />
			<role name="adaptee" element="ninja.lifecycle.LifecycleServiceImpl::lifecycleRegister:ninja.lifecycle.LifecycleRegister" />
			<role name="Request()" element="ninja.lifecycle.LifecycleServiceImpl::start():void" />
			<role name="Request()" element="ninja.lifecycle.LifecycleServiceImpl::stop():void" />
			<role name="Request()" element="ninja.lifecycle.LifecycleServiceImpl::isStarted():boolean" />
		</instance>
		<instance>
			<role name="Adaptee" element="ninja.template.TemplateEngineHelper" />
			<role name="Adapter" element="ninja.template.TemplateEngineFreemarker" />
			<role name="adaptee" element="ninja.template.TemplateEngineFreemarker::templateEngineHelper:ninja.template.TemplateEngineHelper" />
			<role name="Request()" element="ninja.template.TemplateEngineFreemarker::invoke(ninja.Context, ninja.Result):void" />
		</instance>
		<instance>
			<role name="Adaptee" element="ninja.utils.NinjaProperties" />
			<role name="Adapter" element="conf.Routes" />
			<role name="adaptee" element="conf.Routes::ninjaProperties:ninja.utils.NinjaProperties" />
			<role name="Request()" element="conf.Routes::init(ninja.Router):void" />
		</instance>
		<instance>
			<role name="Adaptee" element="ninja.standalone.NinjaConsole$ConsoleBootstrap" />
			<role name="Adapter" element="ninja.standalone.NinjaConsole" />
			<role name="adaptee" element="ninja.standalone.NinjaConsole::bootstrap:ninja.standalone.NinjaConsole$ConsoleBootstrap" />
			<role name="Request()" element="ninja.standalone.NinjaConsole::doStart():void" />
			<role name="Request()" element="ninja.standalone.NinjaConsole::doShutdown():void" />
		</instance>
		<instance>
			<role name="Adaptee" element="ninja.utils.NinjaProperties" />
			<role name="Adapter" element="ninja.migrations.flyway.MigrationEngineFlyway" />
			<role name="adaptee" element="ninja.migrations.flyway.MigrationEngineFlyway::ninjaProperties:ninja.utils.NinjaProperties" />
			<role name="Request()" element="ninja.migrations.flyway.MigrationEngineFlyway::migrate():void" />
		</instance>
		<instance>
			<role name="Adaptee" element="ninja.params.ControllerMethodInvoker" />
			<role name="Adapter" element="ninja.FilterChainEnd" />
			<role name="adaptee" element="ninja.FilterChainEnd::controllerMethodInvoker:ninja.params.ControllerMethodInvoker" />
			<role name="Request()" element="ninja.FilterChainEnd::next(ninja.Context):ninja.Result" />
		</instance>
		<instance>
			<role name="Adaptee" element="ninja.utils.NinjaProperties" />
			<role name="Adapter" element="ninja.i18n.LangImpl" />
			<role name="adaptee" element="ninja.i18n.LangImpl::ninjaProperties:ninja.utils.NinjaProperties" />
			<role name="Request()" element="ninja.i18n.LangImpl::isLanguageDirectlySupportedByThisApplication(java.lang.String):boolean" />
		</instance>
		<instance>
			<role name="Adaptee" element="ninja.postoffice.commonsmail.CommonsmailHelper" />
			<role name="Adapter" element="ninja.postoffice.commonsmail.PostofficeCommonsmailImpl" />
			<role name="adaptee" element="ninja.postoffice.commonsmail.PostofficeCommonsmailImpl::commonsmailHelper:ninja.postoffice.commonsmail.CommonsmailHelper" />
			<role name="Request()" element="ninja.postoffice.commonsmail.PostofficeCommonsmailImpl::send(ninja.postoffice.Mail):void" />
		</instance>
		<instance>
			<role name="Adaptee" element="ninja.utils.NinjaProperties" />
			<role name="Adapter" element="ninja.utils.HttpCacheToolkitImpl" />
			<role name="adaptee" element="ninja.utils.HttpCacheToolkitImpl::ninjaProperties:ninja.utils.NinjaProperties" />
			<role name="Request()" element="ninja.utils.HttpCacheToolkitImpl::addEtag(ninja.Context, ninja.Result, java.lang.Long):void" />
		</instance>
		<instance>
			<role name="Adaptee" element="ninja.validation.Validation" />
			<role name="Adapter" element="ninja.utils.FakeContext" />
			<role name="adaptee" element="ninja.utils.FakeContext::validation:ninja.validation.Validation" />
			<role name="Request()" element="ninja.utils.FakeContext::getParameterAs(, java.lang.Class, T):java.lang.Object" />
		</instance>
		<instance>
			<role name="Adaptee" element="ninja.UsernamePasswordValidator" />
			<role name="Adapter" element="ninja.BasicAuthFilter" />
			<role name="adaptee" element="ninja.BasicAuthFilter::credentialsValidator:ninja.UsernamePasswordValidator" />
			<role name="Request()" element="ninja.BasicAuthFilter::filter(ninja.FilterChain, ninja.Context):ninja.Result" />
		</instance>
		<instance>
			<role name="Adaptee" element="ninja.i18n.Lang" />
			<role name="Adapter" element="ninja.i18n.MessagesImpl" />
			<role name="adaptee" element="ninja.i18n.MessagesImpl::lang:ninja.i18n.Lang" />
			<role name="Request()" element="ninja.i18n.MessagesImpl::get(java.lang.String, ninja.Context, java.util.Optional, java.lang.Object[]):java.util.Optional" />
			<role name="Request()" element="ninja.i18n.MessagesImpl::getAll(ninja.Context, java.util.Optional):java.util.Map" />
			<role name="Request()" element="ninja.i18n.MessagesImpl::getWithDefault(java.lang.String, java.lang.String, ninja.Context, java.util.Optional, java.lang.Object[]):java.lang.String" />
		</instance>
		<instance>
			<role name="Adaptee" element="ninja.i18n.Lang" />
			<role name="Adapter" element="ninja.template.TemplateEngineFreemarker" />
			<role name="adaptee" element="ninja.template.TemplateEngineFreemarker::lang:ninja.i18n.Lang" />
			<role name="Request()" element="ninja.template.TemplateEngineFreemarker::invoke(ninja.Context, ninja.Result):void" />
		</instance>
		<instance>
			<role name="Adapter" element="ninja.params.ParsingArgumentExtractor" />
			<role name="Adaptee" element="ninja.params.ParamParser" />
			<role name="adaptee" element="ninja.params.ParsingArgumentExtractor::parser:ninja.params.ParamParser" />
			<role name="Request()" element="ninja.params.ParsingArgumentExtractor::extract(ninja.Context):java.lang.Object" />
			<role name="Request()" element="ninja.params.ParsingArgumentExtractor::getExtractedType():java.lang.Class" />
		</instance>
		<instance>
			<role name="Adaptee" element="ninja.i18n.Messages" />
			<role name="Adapter" element="ninja.template.TemplateEngineFreemarker" />
			<role name="adaptee" element="ninja.template.TemplateEngineFreemarker::messages:ninja.i18n.Messages" />
			<role name="Request()" element="ninja.template.TemplateEngineFreemarker::invoke(ninja.Context, ninja.Result):void" />
		</instance>
		<instance>
			<role name="Adaptee" element="ninja.utils.ResultHandler" />
			<role name="Adapter" element="ninja.servlet.async.Servlet3AsyncStrategy" />
			<role name="adaptee" element="ninja.servlet.async.Servlet3AsyncStrategy::resultHandler:ninja.utils.ResultHandler" />
			<role name="Request()" element="ninja.servlet.async.Servlet3AsyncStrategy::returnResultAsync(ninja.Result, ninja.Context):void" />
		</instance>
		<instance>
			<role name="Adaptee" element="ninja.utils.Clock" />
			<role name="Adapter" element="ninja.session.SessionImpl" />
			<role name="adaptee" element="ninja.session.SessionImpl::time:ninja.utils.Clock" />
			<role name="Request()" element="ninja.session.SessionImpl::setExpiryTime(java.lang.Long):void" />
		</instance>
	</pattern>
	<pattern name="Command" />
	<pattern name="Composite" />
	<pattern name="Decorator">
		<instance>
			<role name="Component" element="ninja.params.ArgumentExtractor" />
			<role name="Decorator" element="ninja.params.OptionalArgumentExtractor" />
			<role name="component" element="ninja.params.OptionalArgumentExtractor::wrapped:ninja.params.ArgumentExtractor" />
			<role name="Operation()" element="ninja.params.OptionalArgumentExtractor::getFieldName():java.lang.String" />
		</instance>
		<instance>
			<role name="Component" element="ninja.params.ArgumentExtractor" />
			<role name="Decorator" element="ninja.params.ParsingArgumentExtractor" />
			<role name="component" element="ninja.params.ParsingArgumentExtractor::wrapped:ninja.params.ArgumentExtractor" />
			<role name="Operation()" element="ninja.params.ParsingArgumentExtractor::extract(ninja.Context):java.lang.Object" />
			<role name="Operation()" element="ninja.params.ParsingArgumentExtractor::getFieldName():java.lang.String" />
		</instance>
		<instance>
			<role name="Component" element="ninja.params.ArgumentExtractor" />
			<role name="Decorator" element="ninja.params.ParsingArrayExtractor" />
			<role name="component" element="ninja.params.ParsingArrayExtractor::wrapped:ninja.params.ArgumentExtractor" />
			<role name="Operation()" element="ninja.params.ParsingArrayExtractor::extract(ninja.Context):java.lang.Object" />
			<role name="Operation()" element="ninja.params.ParsingArrayExtractor::getFieldName():java.lang.String" />
		</instance>
		<instance>
			<role name="Component" element="ninja.params.ArgumentExtractor" />
			<role name="Decorator" element="ninja.params.ValidatingArgumentExtractor" />
			<role name="component" element="ninja.params.ValidatingArgumentExtractor::wrapped:ninja.params.ArgumentExtractor" />
			<role name="Operation()" element="ninja.params.ValidatingArgumentExtractor::extract(ninja.Context):java.lang.Object" />
			<role name="Operation()" element="ninja.params.ValidatingArgumentExtractor::getExtractedType():java.lang.Class" />
			<role name="Operation()" element="ninja.params.ValidatingArgumentExtractor::getFieldName():java.lang.String" />
		</instance>
		<instance>
			<role name="Component" element="ninja.Context" />
			<role name="Decorator" element="ninja.WrappedContext" />
			<role name="component" element="ninja.WrappedContext::wrapped:ninja.Context" />
			<role name="Operation()" element="ninja.WrappedContext::getRequestUri():java.lang.String" />
			<role name="Operation()" element="ninja.WrappedContext::getRequestParameterString():java.lang.String" />
			<role name="Operation()" element="ninja.WrappedContext::getHostname():java.lang.String" />
			<role name="Operation()" element="ninja.WrappedContext::getScheme():java.lang.String" />
			<role name="Operation()" element="ninja.WrappedContext::getRemoteAddr():java.lang.String" />
			<role name="Operation()" element="ninja.WrappedContext::getFlashCookie():ninja.session.FlashScope" />
			<role name="Operation()" element="ninja.WrappedContext::getSessionCookie():ninja.session.Session" />
			<role name="Operation()" element="ninja.WrappedContext::getFlashScope():ninja.session.FlashScope" />
			<role name="Operation()" element="ninja.WrappedContext::getSession():ninja.session.Session" />
			<role name="Operation()" element="ninja.WrappedContext::getParameter(java.lang.String):java.lang.String" />
			<role name="Operation()" element="ninja.WrappedContext::getParameterValues(java.lang.String):java.util.List" />
			<role name="Operation()" element="ninja.WrappedContext::getParameter(java.lang.String, java.lang.String):java.lang.String" />
			<role name="Operation()" element="ninja.WrappedContext::getParameterAsInteger(java.lang.String):java.lang.Integer" />
			<role name="Operation()" element="ninja.WrappedContext::getParameterAsInteger(java.lang.String, java.lang.Integer):java.lang.Integer" />
			<role name="Operation()" element="ninja.WrappedContext::getParameterAsFileItem(java.lang.String):ninja.uploads.FileItem" />
			<role name="Operation()" element="ninja.WrappedContext::getParameterAsFileItems(java.lang.String):java.util.List" />
			<role name="Operation()" element="ninja.WrappedContext::getParameterFileItems():java.util.Map" />
			<role name="Operation()" element="ninja.WrappedContext::getPathParameter(java.lang.String):java.lang.String" />
			<role name="Operation()" element="ninja.WrappedContext::getPathParameterAsInteger(java.lang.String):java.lang.Integer" />
			<role name="Operation()" element="ninja.WrappedContext::getParameters():java.util.Map" />
			<role name="Operation()" element="ninja.WrappedContext::getHeader(java.lang.String):java.lang.String" />
			<role name="Operation()" element="ninja.WrappedContext::getHeaders(java.lang.String):java.util.List" />
			<role name="Operation()" element="ninja.WrappedContext::getHeaders():java.util.Map" />
			<role name="Operation()" element="ninja.WrappedContext::getCookieValue(java.lang.String):java.lang.String" />
			<role name="Operation()" element="ninja.WrappedContext::isAsync():boolean" />
			<role name="Operation()" element="ninja.WrappedContext::handleAsync():void" />
			<role name="Operation()" element="ninja.WrappedContext::returnResultAsync(ninja.Result):void" />
			<role name="Operation()" element="ninja.WrappedContext::asyncRequestComplete():void" />
			<role name="Operation()" element="ninja.WrappedContext::controllerReturned():ninja.Result" />
			<role name="Operation()" element="ninja.WrappedContext::finalizeHeaders(ninja.Result):ninja.utils.ResponseStreams" />
			<role name="Operation()" element="ninja.WrappedContext::finalizeHeadersWithoutFlashAndSessionCookie(ninja.Result):ninja.utils.ResponseStreams" />
			<role name="Operation()" element="ninja.WrappedContext::getInputStream():java.io.InputStream" />
			<role name="Operation()" element="ninja.WrappedContext::getReader():java.io.BufferedReader" />
			<role name="Operation()" element="ninja.WrappedContext::getRequestContentType():java.lang.String" />
			<role name="Operation()" element="ninja.WrappedContext::getRoute():ninja.Route" />
			<role name="Operation()" element="ninja.WrappedContext::isMultipart():boolean" />
			<role name="Operation()" element="ninja.WrappedContext::getFileItemIterator():org.apache.commons.fileupload.FileItemIterator" />
			<role name="Operation()" element="ninja.WrappedContext::getRequestPath():java.lang.String" />
			<role name="Operation()" element="ninja.WrappedContext::getValidation():ninja.validation.Validation" />
			<role name="Operation()" element="ninja.WrappedContext::getPathParameterEncoded(java.lang.String):java.lang.String" />
			<role name="Operation()" element="ninja.WrappedContext::getAcceptContentType():java.lang.String" />
			<role name="Operation()" element="ninja.WrappedContext::getAcceptEncoding():java.lang.String" />
			<role name="Operation()" element="ninja.WrappedContext::getAcceptLanguage():java.lang.String" />
			<role name="Operation()" element="ninja.WrappedContext::getAcceptCharset():java.lang.String" />
			<role name="Operation()" element="ninja.WrappedContext::getCookie(java.lang.String):ninja.Cookie" />
			<role name="Operation()" element="ninja.WrappedContext::hasCookie(java.lang.String):boolean" />
			<role name="Operation()" element="ninja.WrappedContext::getCookies():java.util.List" />
			<role name="Operation()" element="ninja.WrappedContext::getMethod():java.lang.String" />
			<role name="Operation()" element="ninja.WrappedContext::getAttribute(java.lang.String):java.lang.Object" />
			<role name="Operation()" element="ninja.WrappedContext::setAttribute(java.lang.String, java.lang.Object):void" />
			<role name="Operation()" element="ninja.WrappedContext::getAttributes():java.util.Map" />
			<role name="Operation()" element="ninja.WrappedContext::getContextPath():java.lang.String" />
			<role name="Operation()" element="ninja.WrappedContext::isRequestJson():boolean" />
			<role name="Operation()" element="ninja.WrappedContext::isRequestXml():boolean" />
			<role name="Operation()" element="ninja.WrappedContext::addCookie(ninja.Cookie):void" />
			<role name="Operation()" element="ninja.WrappedContext::unsetCookie(ninja.Cookie):void" />
			<role name="Operation()" element="ninja.WrappedContext::cleanup():void" />
		</instance>
	</pattern>
	<pattern name="Observer" />
	<pattern name="State">
		<instance>
			<role name="Context" element="ninja.validation.Validators$DateValidator" />
			<role name="State" element="ninja.validation.IsDate" />
			<role name="state" element="ninja.validation.Validators$DateValidator::isDate:ninja.validation.IsDate" />
			<role name="Request()" element="ninja.validation.Validators$DateValidator::validate(java.lang.String, java.lang.String, ninja.Context):void" />
		</instance>
		<instance>
			<role name="Context" element="ninja.validation.Validators$EnumValidator" />
			<role name="State" element="ninja.validation.IsEnum" />
			<role name="state" element="ninja.validation.Validators$EnumValidator::isEnum:ninja.validation.IsEnum" />
			<role name="Request()" element="ninja.validation.Validators$EnumValidator::validate(java.lang.String, java.lang.String, ninja.Context):void" />
		</instance>
		<instance>
			<role name="Context" element="ninja.validation.Validators$FloatValidator" />
			<role name="State" element="ninja.validation.IsFloat" />
			<role name="state" element="ninja.validation.Validators$FloatValidator::isFloat:ninja.validation.IsFloat" />
			<role name="Request()" element="ninja.validation.Validators$FloatValidator::validate(java.lang.String, java.lang.String, ninja.Context):void" />
		</instance>
		<instance>
			<role name="Context" element="ninja.validation.Validators$IntegerValidator" />
			<role name="State" element="ninja.validation.IsInteger" />
			<role name="state" element="ninja.validation.Validators$IntegerValidator::isInteger:ninja.validation.IsInteger" />
			<role name="Request()" element="ninja.validation.Validators$IntegerValidator::validate(java.lang.String, java.lang.String, ninja.Context):void" />
		</instance>
		<instance>
			<role name="Context" element="ninja.validation.Validators$LengthValidator" />
			<role name="State" element="ninja.validation.Length" />
			<role name="state" element="ninja.validation.Validators$LengthValidator::length:ninja.validation.Length" />
			<role name="Request()" element="ninja.validation.Validators$LengthValidator::validate(java.lang.String, java.lang.String, ninja.Context):void" />
		</instance>
		<instance>
			<role name="Context" element="ninja.validation.Validators$MatchesValidator" />
			<role name="State" element="ninja.validation.Matches" />
			<role name="state" element="ninja.validation.Validators$MatchesValidator::matches:ninja.validation.Matches" />
			<role name="Request()" element="ninja.validation.Validators$MatchesValidator::validate(java.lang.String, java.lang.String, ninja.Context):void" />
		</instance>
		<instance>
			<role name="Context" element="ninja.validation.Validators$NumberValidator" />
			<role name="State" element="ninja.validation.NumberValue" />
			<role name="state" element="ninja.validation.Validators$NumberValidator::number:ninja.validation.NumberValue" />
			<role name="Request()" element="ninja.validation.Validators$NumberValidator::validate(java.lang.Number, java.lang.String, ninja.Context):void" />
		</instance>
		<instance>
			<role name="Context" element="ninja.validation.Validators$RequiredValidator" />
			<role name="State" element="ninja.validation.Required" />
			<role name="state" element="ninja.validation.Validators$RequiredValidator::required:ninja.validation.Required" />
			<role name="Request()" element="ninja.validation.Validators$RequiredValidator::validate(java.lang.Object, java.lang.String, ninja.Context):void" />
		</instance>
		<instance>
			<role name="Context" element="ninja.validation.Validators$UUIDValidator" />
			<role name="State" element="ninja.validation.IsUUID" />
			<role name="state" element="ninja.validation.Validators$UUIDValidator::isUUID:ninja.validation.IsUUID" />
			<role name="Request()" element="ninja.validation.Validators$UUIDValidator::validate(java.lang.String, java.lang.String, ninja.Context):void" />
		</instance>
		<instance>
			<role name="State" element="ninja.Context" />
			<role name="Context" element="ninja.template.directives.TemplateEngineFreemarkerAuthenticityFormDirective" />
			<role name="state" element="ninja.template.directives.TemplateEngineFreemarkerAuthenticityFormDirective::context:ninja.Context" />
			<role name="Request()" element="ninja.template.directives.TemplateEngineFreemarkerAuthenticityFormDirective::execute(freemarker.core.Environment, java.util.Map, freemarker.template.TemplateModel[], freemarker.template.TemplateDirectiveBody):void" />
		</instance>
		<instance>
			<role name="State" element="ninja.Context" />
			<role name="Context" element="ninja.template.directives.TemplateEngineFreemarkerAuthenticityTokenDirective" />
			<role name="state" element="ninja.template.directives.TemplateEngineFreemarkerAuthenticityTokenDirective::context:ninja.Context" />
			<role name="Request()" element="ninja.template.directives.TemplateEngineFreemarkerAuthenticityTokenDirective::execute(freemarker.core.Environment, java.util.Map, freemarker.template.TemplateModel[], freemarker.template.TemplateDirectiveBody):void" />
		</instance>
		<instance>
			<role name="Context" element="ninja.params.ParamParsers$ArrayParamParser" />
			<role name="State" element="ninja.params.ParamParser" />
			<role name="state" element="ninja.params.ParamParsers$ArrayParamParser::itemParser:ninja.params.ParamParser" />
			<role name="Request()" element="ninja.params.ParamParsers$ArrayParamParser::parseParameter(java.lang.String, java.lang.String[], ninja.validation.Validation):java.lang.Object[]" />
		</instance>
		<instance>
			<role name="Context" element="ninja.params.ParamParsers$ListParamParser" />
			<role name="State" element="ninja.params.ParamParser" />
			<role name="state" element="ninja.params.ParamParsers$ListParamParser::itemParser:ninja.params.ParamParser" />
			<role name="Request()" element="ninja.params.ParamParsers$ListParamParser::parseParameter(java.lang.String, java.lang.String[], ninja.validation.Validation):java.util.List" />
		</instance>
		<instance>
			<role name="State" element="ninja.utils.NinjaProperties" />
			<role name="Context" element="ninja.AssetsController" />
			<role name="state" element="ninja.AssetsController::ninjaProperties:ninja.utils.NinjaProperties" />
			<role name="Request()" element="ninja.AssetsController::getStaticFileFromAssetsDir(java.lang.String):java.net.URL" />
		</instance>
		<instance>
			<role name="State" element="ninja.utils.NinjaProperties" />
			<role name="Context" element="conf.StartupActions" />
			<role name="state" element="conf.StartupActions::ninjaProperties:ninja.utils.NinjaProperties" />
			<role name="Request()" element="conf.StartupActions::generateDummyDataWhenInTest():void" />
		</instance>
		<instance>
			<role name="State" element="ninja.utils.NinjaProperties" />
			<role name="Context" element="ninja.NinjaDefault" />
			<role name="state" element="ninja.NinjaDefault::ninjaProperties:ninja.utils.NinjaProperties" />
			<role name="Request()" element="ninja.NinjaDefault::isDiagnosticsEnabled():boolean" />
			<role name="Request()" element="ninja.NinjaDefault::onFrameworkStart():void" />
			<role name="Request()" element="ninja.NinjaDefault::getInternalServerErrorResult(ninja.Context, java.lang.Exception, ninja.Result):ninja.Result" />
			<role name="Request()" element="ninja.NinjaDefault::getNotFoundResult(ninja.Context, ninja.exceptions.RequestNotFoundException):ninja.Result" />
			<role name="Request()" element="ninja.NinjaDefault::getBadRequestResult(ninja.Context, ninja.exceptions.BadRequestException):ninja.Result" />
			<role name="Request()" element="ninja.NinjaDefault::getUnauthorizedResult(ninja.Context):ninja.Result" />
			<role name="Request()" element="ninja.NinjaDefault::getForbiddenResult(ninja.Context, ninja.exceptions.ForbiddenRequestException):ninja.Result" />
		</instance>
		<instance>
			<role name="State" element="ninja.utils.NinjaProperties" />
			<role name="Context" element="ninja.jpa.JpaModule" />
			<role name="state" element="ninja.jpa.JpaModule::ninjaProperties:ninja.utils.NinjaProperties" />
			<role name="Request()" element="ninja.jpa.JpaModule::configure():void" />
		</instance>
		<instance>
			<role name="State" element="ninja.utils.NinjaProperties" />
			<role name="Context" element="ninja.migrations.MigrationInitializer" />
			<role name="state" element="ninja.migrations.MigrationInitializer::ninjaProperties:ninja.utils.NinjaProperties" />
			<role name="Request()" element="ninja.migrations.MigrationInitializer::start():void" />
		</instance>
		<instance>
			<role name="State" element="ninja.utils.NinjaProperties" />
			<role name="Context" element="ninja.template.TemplateEngineFreemarkerExceptionHandler" />
			<role name="state" element="ninja.template.TemplateEngineFreemarkerExceptionHandler::ninjaProperties:ninja.utils.NinjaProperties" />
			<role name="Request()" element="ninja.template.TemplateEngineFreemarkerExceptionHandler::handleTemplateException(freemarker.template.TemplateException, freemarker.core.Environment, java.io.Writer):void" />
		</instance>
		<instance>
			<role name="State" element="ninja.utils.NinjaProperties" />
			<role name="Context" element="ninja.utils.ImplFromPropertiesFactory" />
			<role name="state" element="ninja.utils.ImplFromPropertiesFactory::ninjaProperties:ninja.utils.NinjaProperties" />
			<role name="Request()" element="ninja.utils.ImplFromPropertiesFactory::resolveImplementationClass():java.lang.Class" />
		</instance>
		<instance>
			<role name="State" element="ninja.utils.NinjaProperties" />
			<role name="Context" element="ninja.utils.MimeTypes" />
			<role name="state" element="ninja.utils.MimeTypes::ninjaProperties:ninja.utils.NinjaProperties" />
			<role name="Request()" element="ninja.utils.MimeTypes::initMimetypes():void" />
		</instance>
		<instance>
			<role name="State" element="ninja.utils.NinjaProperties" />
			<role name="Context" element="ninja.utils.OverlayedNinjaProperties" />
			<role name="state" element="ninja.utils.OverlayedNinjaProperties::ninjaProperties:ninja.utils.NinjaProperties" />
			<role name="Request()" element="ninja.utils.OverlayedNinjaProperties::get(java.lang.String, java.lang.String, java.lang.String):java.lang.String" />
		</instance>
		<instance>
			<role name="State" element="ninja.params.ArgumentExtractor" />
			<role name="Context" element="ninja.params.ControllerMethodInvoker" />
			<role name="state" element="ninja.params.ControllerMethodInvoker::argumentExtractors:ninja.params.ArgumentExtractor[]" />
			<role name="Request()" element="ninja.params.ControllerMethodInvoker::invoke(java.lang.Object, ninja.Context):java.lang.Object" />
		</instance>
		<instance>
			<role name="Context" element="ninja.utils.NinjaTestServer" />
			<role name="State" element="ninja.standalone.Standalone" />
			<role name="state" element="ninja.utils.NinjaTestServer::standalone:ninja.standalone.Standalone" />
			<role name="Request()" element="ninja.utils.NinjaTestServer::getServerUrl():java.lang.String" />
			<role name="Request()" element="ninja.utils.NinjaTestServer::getBaseUrl():java.lang.String" />
			<role name="Request()" element="ninja.utils.NinjaTestServer::getServerAddress():java.lang.String" />
		</instance>
		<instance>
			<role name="State" element="ninja.Router" />
			<role name="Context" element="ninja.NinjaDefault" />
			<role name="state" element="ninja.NinjaDefault::router:ninja.Router" />
			<role name="Request()" element="ninja.NinjaDefault::onRouteRequest(ninja.Context$Impl):void" />
		</instance>
		<instance>
			<role name="State" element="ninja.Router" />
			<role name="Context" element="ninja.template.TemplateEngineFreemarkerReverseRouteHelper" />
			<role name="state" element="ninja.template.TemplateEngineFreemarkerReverseRouteHelper::router:ninja.Router" />
			<role name="Request()" element="ninja.template.TemplateEngineFreemarkerReverseRouteHelper::computeReverseRoute(java.util.List):freemarker.template.TemplateModel" />
		</instance>
		<instance>
			<role name="Context" element="ninja.cache.NinjaCache" />
			<role name="State" element="ninja.cache.Cache" />
			<role name="state" element="ninja.cache.NinjaCache::cache:ninja.cache.Cache" />
			<role name="Request()" element="ninja.cache.NinjaCache::add(java.lang.String, java.lang.Object, java.lang.String):void" />
			<role name="Request()" element="ninja.cache.NinjaCache::safeAdd(java.lang.String, java.lang.Object, java.lang.String):boolean" />
			<role name="Request()" element="ninja.cache.NinjaCache::add(java.lang.String, java.lang.Object):void" />
			<role name="Request()" element="ninja.cache.NinjaCache::set(java.lang.String, java.lang.Object, java.lang.String):void" />
			<role name="Request()" element="ninja.cache.NinjaCache::safeSet(java.lang.String, java.lang.Object, java.lang.String):boolean" />
			<role name="Request()" element="ninja.cache.NinjaCache::set(java.lang.String, java.lang.Object):void" />
			<role name="Request()" element="ninja.cache.NinjaCache::replace(java.lang.String, java.lang.Object, java.lang.String):void" />
			<role name="Request()" element="ninja.cache.NinjaCache::safeReplace(java.lang.String, java.lang.Object, java.lang.String):boolean" />
			<role name="Request()" element="ninja.cache.NinjaCache::replace(java.lang.String, java.lang.Object):void" />
			<role name="Request()" element="ninja.cache.NinjaCache::incr(java.lang.String, int):long" />
			<role name="Request()" element="ninja.cache.NinjaCache::incr(java.lang.String):long" />
			<role name="Request()" element="ninja.cache.NinjaCache::decr(java.lang.String, int):long" />
			<role name="Request()" element="ninja.cache.NinjaCache::decr(java.lang.String):long" />
			<role name="Request()" element="ninja.cache.NinjaCache::get(java.lang.String):java.lang.Object" />
			<role name="Request()" element="ninja.cache.NinjaCache::get(java.lang.String[]):java.util.Map" />
			<role name="Request()" element="ninja.cache.NinjaCache::delete(java.lang.String):void" />
			<role name="Request()" element="ninja.cache.NinjaCache::safeDelete(java.lang.String):boolean" />
			<role name="Request()" element="ninja.cache.NinjaCache::clear():void" />
			<role name="Request()" element="ninja.cache.NinjaCache::get(, java.lang.Class):java.lang.Object" />
		</instance>
		<instance>
			<role name="Context" element="ninja.ReverseRouter" />
			<role name="State" element="ninja.Router" />
			<role name="state" element="ninja.ReverseRouter::router:ninja.Router" />
			<role name="Request()" element="ninja.ReverseRouter::builder(java.lang.Class, java.lang.String):ninja.ReverseRouter$Builder" />
		</instance>
		<instance>
			<role name="State" element="ninja.i18n.Lang" />
			<role name="Context" element="controllers.I18nController" />
			<role name="state" element="controllers.I18nController::lang:ninja.i18n.Lang" />
			<role name="Request()" element="controllers.I18nController::index(ninja.Context):ninja.Result" />
			<role name="Request()" element="controllers.I18nController::indexWithLanguage(java.lang.String):ninja.Result" />
		</instance>
		<instance>
			<role name="State" element="ninja.i18n.Lang" />
			<role name="Context" element="controllers.PrettyTimeController" />
			<role name="state" element="controllers.PrettyTimeController::lang:ninja.i18n.Lang" />
			<role name="Request()" element="controllers.PrettyTimeController::index(ninja.Context):ninja.Result" />
			<role name="Request()" element="controllers.PrettyTimeController::indexWithLanguage(java.lang.String):ninja.Result" />
		</instance>
		<instance>
			<role name="Context" element="ninja.NinjaDefault" />
			<role name="State" element="ninja.lifecycle.LifecycleService" />
			<role name="state" element="ninja.NinjaDefault::lifecycleService:ninja.lifecycle.LifecycleService" />
			<role name="Request()" element="ninja.NinjaDefault::onFrameworkStart():void" />
			<role name="Request()" element="ninja.NinjaDefault::onFrameworkShutdown():void" />
		</instance>
		<instance>
			<role name="Context" element="ninja.scheduler.cron.CronExpression" />
			<role name="State" element="ninja.scheduler.cron.CronExpressionPart" />
			<role name="state" element="ninja.scheduler.cron.CronExpression::cronExpressionPartArray:ninja.scheduler.cron.CronExpressionPart[]" />
			<role name="Request()" element="ninja.scheduler.cron.CronExpression::getNextDelayMilliseconds(java.time.LocalDateTime):long" />
		</instance>
		<instance>
			<role name="Context" element="conf.Routes" />
			<role name="State" element="ninja.utils.NinjaProperties" />
			<role name="state" element="conf.Routes::ninjaProperties:ninja.utils.NinjaProperties" />
			<role name="Request()" element="conf.Routes::init(ninja.Router):void" />
		</instance>
		<instance>
			<role name="Context" element="ninja.jaxy.JaxyRoutes" />
			<role name="State" element="ninja.utils.NinjaProperties" />
			<role name="state" element="ninja.jaxy.JaxyRoutes::ninjaProperties:ninja.utils.NinjaProperties" />
			<role name="Request()" element="ninja.jaxy.JaxyRoutes::findControllerMethods():java.util.Set" />
			<role name="Request()" element="ninja.jaxy.JaxyRoutes::configureReflections():void" />
			<role name="Request()" element="ninja.jaxy.JaxyRoutes::allowMethod(java.lang.reflect.Method):boolean" />
		</instance>
		<instance>
			<role name="Context" element="ninja.servlet.ServletCookieHelper" />
			<role name="State" element="ninja.servlet.ServletCookieHelper$ServletCookieFallbackHandler" />
			<role name="state" element="ninja.servlet.ServletCookieHelper::SERVLET_COOKIE_FALLBACK_HANDLER:ninja.servlet.ServletCookieHelper$ServletCookieFallbackHandler" />
			<role name="Request()" element="ninja.servlet.ServletCookieHelper::convertNinjaCookieToServletCookie(ninja.Cookie):javax.servlet.http.Cookie" />
			<role name="Request()" element="ninja.servlet.ServletCookieHelper::convertServletCookieToNinjaCookie(javax.servlet.http.Cookie):ninja.Cookie" />
			<role name="Request()" element="ninja.servlet.ServletCookieHelper::setHttpOnly(javax.servlet.http.Cookie):void" />
		</instance>
		<instance>
			<role name="Context" element="ninja.migrations.flyway.MigrationEngineFlyway" />
			<role name="State" element="ninja.utils.NinjaProperties" />
			<role name="state" element="ninja.migrations.flyway.MigrationEngineFlyway::ninjaProperties:ninja.utils.NinjaProperties" />
			<role name="Request()" element="ninja.migrations.flyway.MigrationEngineFlyway::migrate():void" />
		</instance>
		<instance>
			<role name="Context" element="ninja.jaxy.JaxyRoutes" />
			<role name="State" element="ninja.Router" />
			<role name="state" element="ninja.jaxy.JaxyRoutes::router:ninja.Router" />
			<role name="Request()" element="ninja.jaxy.JaxyRoutes::registerMethods():void" />
		</instance>
		<instance>
			<role name="Context" element="ninja.i18n.LangImpl" />
			<role name="State" element="ninja.utils.NinjaProperties" />
			<role name="state" element="ninja.i18n.LangImpl::ninjaProperties:ninja.utils.NinjaProperties" />
			<role name="Request()" element="ninja.i18n.LangImpl::isLanguageDirectlySupportedByThisApplication(java.lang.String):boolean" />
		</instance>
		<instance>
			<role name="Context" element="ninja.NinjaDefault" />
			<role name="State" element="ninja.i18n.Messages" />
			<role name="state" element="ninja.NinjaDefault::messages:ninja.i18n.Messages" />
			<role name="Request()" element="ninja.NinjaDefault::buildErrorMessage(ninja.Context, java.lang.String, java.lang.String, java.util.Optional, java.util.Optional):ninja.utils.Message" />
		</instance>
		<instance>
			<role name="Context" element="ninja.template.TemplateEngineFreemarkerI18nMethod" />
			<role name="State" element="ninja.i18n.Messages" />
			<role name="state" element="ninja.template.TemplateEngineFreemarkerI18nMethod::messages:ninja.i18n.Messages" />
			<role name="Request()" element="ninja.template.TemplateEngineFreemarkerI18nMethod::exec(java.util.List):freemarker.template.TemplateModel" />
		</instance>
		<instance>
			<role name="Context" element="ninja.postoffice.commonsmail.PostofficeCommonsmailImpl" />
			<role name="State" element="ninja.postoffice.commonsmail.CommonsmailHelper" />
			<role name="state" element="ninja.postoffice.commonsmail.PostofficeCommonsmailImpl::commonsmailHelper:ninja.postoffice.commonsmail.CommonsmailHelper" />
			<role name="Request()" element="ninja.postoffice.commonsmail.PostofficeCommonsmailImpl::send(ninja.postoffice.Mail):void" />
		</instance>
		<instance>
			<role name="Context" element="ninja.AssetsController" />
			<role name="State" element="ninja.utils.HttpCacheToolkit" />
			<role name="state" element="ninja.AssetsController::httpCacheToolkit:ninja.utils.HttpCacheToolkit" />
			<role name="Request()" element="ninja.AssetsController::streamOutUrlEntity(java.net.URL, ninja.Context, ninja.Result):void" />
		</instance>
		<instance>
			<role name="Context" element="ninja.utils.HttpCacheToolkitImpl" />
			<role name="State" element="ninja.utils.NinjaProperties" />
			<role name="state" element="ninja.utils.HttpCacheToolkitImpl::ninjaProperties:ninja.utils.NinjaProperties" />
			<role name="Request()" element="ninja.utils.HttpCacheToolkitImpl::addEtag(ninja.Context, ninja.Result, java.lang.Long):void" />
		</instance>
		<instance>
			<role name="Context" element="ninja.RouterImpl" />
			<role name="State" element="ninja.websockets.WebSockets" />
			<role name="state" element="ninja.RouterImpl::webSockets:ninja.websockets.WebSockets" />
			<role name="Request()" element="ninja.RouterImpl::lambda$compileRoutes$2(ninja.Route):void" />
		</instance>
		<instance>
			<role name="Context" element="controllers.InjectionExampleController" />
			<role name="State" element="etc.GreetingService" />
			<role name="state" element="controllers.InjectionExampleController::greeter:etc.GreetingService" />
			<role name="Request()" element="controllers.InjectionExampleController::injection(ninja.Context):ninja.Result" />
			<role name="Request()" element="controllers.InjectionExampleController::serviceInitTime(ninja.Context):ninja.Result" />
		</instance>
		<instance>
			<role name="Context" element="ninja.utils.FakeContext" />
			<role name="State" element="ninja.validation.Validation" />
			<role name="state" element="ninja.utils.FakeContext::validation:ninja.validation.Validation" />
			<role name="Request()" element="ninja.utils.FakeContext::getParameterAs(, java.lang.Class, T):java.lang.Object" />
		</instance>
		<instance>
			<role name="Context" element="ninja.BasicAuthFilter" />
			<role name="State" element="ninja.UsernamePasswordValidator" />
			<role name="state" element="ninja.BasicAuthFilter::credentialsValidator:ninja.UsernamePasswordValidator" />
			<role name="Request()" element="ninja.BasicAuthFilter::filter(ninja.FilterChain, ninja.Context):ninja.Result" />
		</instance>
		<instance>
			<role name="Context" element="ninja.i18n.MessagesImpl" />
			<role name="State" element="ninja.i18n.Lang" />
			<role name="state" element="ninja.i18n.MessagesImpl::lang:ninja.i18n.Lang" />
			<role name="Request()" element="ninja.i18n.MessagesImpl::get(java.lang.String, ninja.Context, java.util.Optional, java.lang.Object[]):java.util.Optional" />
			<role name="Request()" element="ninja.i18n.MessagesImpl::getAll(ninja.Context, java.util.Optional):java.util.Map" />
			<role name="Request()" element="ninja.i18n.MessagesImpl::getWithDefault(java.lang.String, java.lang.String, ninja.Context, java.util.Optional, java.lang.Object[]):java.lang.String" />
			<role name="Request()" element="ninja.i18n.MessagesImpl::getMessageFormatForLocale(java.lang.String, java.util.Optional):java.text.MessageFormat" />
		</instance>
		<instance>
			<role name="Context" element="ninja.template.TemplateEngineFreemarker" />
			<role name="State" element="ninja.i18n.Lang" />
			<role name="state" element="ninja.template.TemplateEngineFreemarker::lang:ninja.i18n.Lang" />
			<role name="Request()" element="ninja.template.TemplateEngineFreemarker::invoke(ninja.Context, ninja.Result):void" />
		</instance>
		<instance>
			<role name="Context" element="ninja.validation.Validators$JSRValidator" />
			<role name="State" element="ninja.i18n.Lang" />
			<role name="state" element="ninja.validation.Validators$JSRValidator::requestLanguage:ninja.i18n.Lang" />
			<role name="Request()" element="ninja.validation.Validators$JSRValidator::validate(java.lang.Object, java.lang.String, ninja.Context):void" />
		</instance>
		<instance>
			<role name="Context" element="ninja.i18n.MessagesImpl" />
			<role name="State" element="ninja.utils.NinjaProperties" />
			<role name="state" element="ninja.i18n.MessagesImpl::ninjaProperties:ninja.utils.NinjaProperties" />
			<role name="Request()" element="ninja.i18n.MessagesImpl::loadLanguageConfiguration(java.lang.String):org.apache.commons.configuration.PropertiesConfiguration" />
			<role name="Request()" element="ninja.i18n.MessagesImpl::loadAllMessageFilesForRegisteredLanguages():java.util.Map" />
		</instance>
		<instance>
			<role name="Context" element="ninja.params.ParsingArgumentExtractor" />
			<role name="State" element="ninja.params.ParamParser" />
			<role name="state" element="ninja.params.ParsingArgumentExtractor::parser:ninja.params.ParamParser" />
			<role name="Request()" element="ninja.params.ParsingArgumentExtractor::extract(ninja.Context):java.lang.Object" />
			<role name="Request()" element="ninja.params.ParsingArgumentExtractor::getExtractedType():java.lang.Class" />
		</instance>
		<instance>
			<role name="Context" element="ninja.template.TemplateEngineFreemarker" />
			<role name="State" element="ninja.i18n.Messages" />
			<role name="state" element="ninja.template.TemplateEngineFreemarker::messages:ninja.i18n.Messages" />
			<role name="Request()" element="ninja.template.TemplateEngineFreemarker::invoke(ninja.Context, ninja.Result):void" />
		</instance>
		<instance>
			<role name="Context" element="ninja.utils.ResultHandler" />
			<role name="State" element="ninja.template.TemplateEngineManager" />
			<role name="state" element="ninja.utils.ResultHandler::templateEngineManager:ninja.template.TemplateEngineManager" />
			<role name="Request()" element="ninja.utils.ResultHandler::renderWithTemplateEngineOrRaw(ninja.Context, ninja.Result):void" />
		</instance>
		<instance>
			<role name="Context" element="ninja.session.SessionImpl" />
			<role name="State" element="ninja.utils.Clock" />
			<role name="state" element="ninja.session.SessionImpl::time:ninja.utils.Clock" />
			<role name="Request()" element="ninja.session.SessionImpl::shouldExpire():boolean" />
			<role name="Request()" element="ninja.session.SessionImpl::setExpiryTime(java.lang.Long):void" />
			<role name="Request()" element="ninja.session.SessionImpl::checkExpire():void" />
		</instance>
		<instance>
			<role name="Context" element="ninja.ReverseRouter" />
			<role name="State" element="ninja.utils.NinjaProperties" />
			<role name="state" element="ninja.ReverseRouter::ninjaProperties:ninja.utils.NinjaProperties" />
			<role name="Request()" element="ninja.ReverseRouter::builder(java.lang.Class, java.lang.String):ninja.ReverseRouter$Builder" />
		</instance>
	</pattern>
	<pattern name="Strategy">
		<instance>
			<role name="Context" element="ninja.servlet.NinjaServletContext" />
			<role name="Strategy" element="ninja.servlet.async.AsyncStrategy" />
			<role name="strategy" element="ninja.servlet.NinjaServletContext::asyncStrategy:ninja.servlet.async.AsyncStrategy" />
			<role name="ContextInterface()" element="ninja.servlet.NinjaServletContext::returnResultAsync(ninja.Result):void" />
			<role name="ContextInterface()" element="ninja.servlet.NinjaServletContext::handleAsync():void" />
			<role name="ContextInterface()" element="ninja.servlet.NinjaServletContext::controllerReturned():ninja.Result" />
		</instance>
	</pattern>
	<pattern name="Bridge">
		<instance>
			<role name="Abstraction" element="ninja.utils.AbstractContext" />
			<role name="Implementor" element="ninja.session.FlashScope" />
			<role name="implementor" element="ninja.utils.AbstractContext::flashScope:ninja.session.FlashScope" />
			<role name="Operation()" element="ninja.utils.AbstractContext::init(java.lang.String, java.lang.String):void" />
			<role name="Operation()" element="ninja.utils.AbstractContext::finalizeHeaders(ninja.Result, java.lang.Boolean):ninja.utils.ResponseStreams" />
		</instance>
		<instance>
			<role name="Abstraction" element="ninja.utils.AbstractContext" />
			<role name="Implementor" element="ninja.session.Session" />
			<role name="implementor" element="ninja.utils.AbstractContext::session:ninja.session.Session" />
			<role name="Operation()" element="ninja.utils.AbstractContext::init(java.lang.String, java.lang.String):void" />
			<role name="Operation()" element="ninja.utils.AbstractContext::finalizeHeaders(ninja.Result, java.lang.Boolean):ninja.utils.ResponseStreams" />
		</instance>
		<instance>
			<role name="Abstraction" element="ninja.utils.AbstractContext" />
			<role name="Implementor" element="ninja.utils.NinjaProperties" />
			<role name="implementor" element="ninja.utils.AbstractContext::ninjaProperties:ninja.utils.NinjaProperties" />
			<role name="Operation()" element="ninja.utils.AbstractContext::getRemoteAddr():java.lang.String" />
		</instance>
		<instance>
			<role name="Abstraction" element="ninja.utils.AbstractContext" />
			<role name="Implementor" element="ninja.bodyparser.BodyParserEngineManager" />
			<role name="implementor" element="ninja.utils.AbstractContext::bodyParserEngineManager:ninja.bodyparser.BodyParserEngineManager" />
			<role name="Operation()" element="ninja.utils.AbstractContext::parseBody():java.lang.Object" />
		</instance>
		<instance>
			<role name="Abstraction" element="ninja.utils.AbstractContext" />
			<role name="Implementor" element="ninja.validation.Validation" />
			<role name="implementor" element="ninja.utils.AbstractContext::validation:ninja.validation.Validation" />
			<role name="Operation()" element="ninja.utils.AbstractContext::getParameterAs(, java.lang.Class, T):java.lang.Object" />
		</instance>
	</pattern>
	<pattern name="Template Method">
		<instance>
			<role name="AbstractClass" element="ninja.standalone.AbstractConsole" />
			<role name="TemplateMethod()" element="ninja.standalone.AbstractConsole::configure():ninja.standalone.AbstractConsole" />
			<role name="TemplateMethod()" element="ninja.standalone.AbstractConsole::start():ninja.standalone.AbstractConsole" />
			<role name="TemplateMethod()" element="ninja.standalone.AbstractConsole::shutdown():ninja.standalone.AbstractConsole" />
		</instance>
		<instance>
			<role name="AbstractClass" element="ninja.utils.AbstractContext" />
			<role name="TemplateMethod()" element="ninja.utils.AbstractContext::getRemoteAddr():java.lang.String" />
		</instance>
		<instance>
			<role name="AbstractClass" element="ninja.standalone.AbstractStandalone" />
			<role name="TemplateMethod()" element="ninja.standalone.AbstractStandalone::join():ninja.standalone.AbstractStandalone" />
		</instance>
		<instance>
			<role name="AbstractClass" element="ninja.BaseNinjaServerTester" />
			<role name="TemplateMethod()" element="ninja.BaseNinjaServerTester::baseUrl():java.lang.String" />
			<role name="TemplateMethod()" element="ninja.BaseNinjaServerTester::withBaseUrl(java.lang.String):java.lang.String" />
			<role name="TemplateMethod()" element="ninja.BaseNinjaServerTester::getInjector():com.google.inject.Injector" />
		</instance>
	</pattern>
	<pattern name="Visitor" />
	<pattern name="Proxy" />
	<pattern name="Proxy2" />
	<pattern name="Chain of Responsibility" />
</system>

