<?xml version="1.0" encoding="UTF-8"?>
<system>
	<pattern name="Factory Method" />
	<pattern name="Prototype" />
	<pattern name="Singleton">
		<instance>
			<role name="Singleton" element="org.jboss.as.quickstarts.ejb.mock.MockXAResource$MockXAResourceRecoveryHelper" />
			<role name="uniqueInstance" element="org.jboss.as.quickstarts.ejb.mock.MockXAResource$MockXAResourceRecoveryHelper::INSTANCE:org.jboss.as.quickstarts.ejb.mock.MockXAResource$MockXAResourceRecoveryHelper" />
		</instance>
	</pattern>
	<pattern name="(Object)Adapter">
		<instance>
			<role name="Adaptee" element="org.jboss.as.quickstarts.ejb.asynchronous.AnotherAsynchronousAccess" />
			<role name="Adapter" element="org.jboss.as.quickstarts.ejb.asynchronous.ParallelAccessBean" />
			<role name="adaptee" element="org.jboss.as.quickstarts.ejb.asynchronous.ParallelAccessBean::anotherBean:org.jboss.as.quickstarts.ejb.asynchronous.AnotherAsynchronousAccess" />
			<role name="Request()" element="org.jboss.as.quickstarts.ejb.asynchronous.ParallelAccessBean::callInterfaceAnnotatedMethod():void" />
		</instance>
		<instance>
			<role name="Adaptee" element="org.jboss.as.quickstarts.ejb.asynchronous.AsynchronousAccess" />
			<role name="Adapter" element="org.jboss.as.quickstarts.ejb.asynchronous.ParallelAccessBean" />
			<role name="adaptee" element="org.jboss.as.quickstarts.ejb.asynchronous.ParallelAccessBean::asyncBean:org.jboss.as.quickstarts.ejb.asynchronous.AsynchronousAccess" />
			<role name="Request()" element="org.jboss.as.quickstarts.ejb.asynchronous.ParallelAccessBean::invokeAsyncParallel():java.util.Collection" />
		</instance>
	</pattern>
	<pattern name="Command" />
	<pattern name="Composite" />
	<pattern name="Decorator" />
	<pattern name="Observer" />
	<pattern name="State">
		<instance>
			<role name="Context" element="org.jboss.as.quickstarts.interapp.appA.ControllerA" />
			<role name="State" element="org.jboss.as.quickstarts.interapp.shared.Bar" />
			<role name="state" element="org.jboss.as.quickstarts.interapp.appA.ControllerA::bar:org.jboss.as.quickstarts.interapp.shared.Bar" />
			<role name="Request()" element="org.jboss.as.quickstarts.interapp.appA.ControllerA::getBar():java.lang.String" />
			<role name="Request()" element="org.jboss.as.quickstarts.interapp.appA.ControllerA::setBar(java.lang.String):void" />
		</instance>
		<instance>
			<role name="Context" element="org.jboss.as.quickstarts.interapp.appB.ControllerB" />
			<role name="State" element="org.jboss.as.quickstarts.interapp.shared.Bar" />
			<role name="state" element="org.jboss.as.quickstarts.interapp.appB.ControllerB::bar:org.jboss.as.quickstarts.interapp.shared.Bar" />
			<role name="Request()" element="org.jboss.as.quickstarts.interapp.appB.ControllerB::getBar():java.lang.String" />
			<role name="Request()" element="org.jboss.as.quickstarts.interapp.appB.ControllerB::setBar(java.lang.String):void" />
		</instance>
		<instance>
			<role name="Context" element="org.jboss.as.quickstarts.interapp.appA.ControllerA" />
			<role name="State" element="org.jboss.as.quickstarts.interapp.shared.Foo" />
			<role name="state" element="org.jboss.as.quickstarts.interapp.appA.ControllerA::foo:org.jboss.as.quickstarts.interapp.shared.Foo" />
			<role name="Request()" element="org.jboss.as.quickstarts.interapp.appA.ControllerA::getFoo():java.lang.String" />
			<role name="Request()" element="org.jboss.as.quickstarts.interapp.appA.ControllerA::setFoo(java.lang.String):void" />
		</instance>
		<instance>
			<role name="Context" element="org.jboss.as.quickstarts.interapp.appB.ControllerB" />
			<role name="State" element="org.jboss.as.quickstarts.interapp.shared.Foo" />
			<role name="state" element="org.jboss.as.quickstarts.interapp.appB.ControllerB::foo:org.jboss.as.quickstarts.interapp.shared.Foo" />
			<role name="Request()" element="org.jboss.as.quickstarts.interapp.appB.ControllerB::getFoo():java.lang.String" />
			<role name="Request()" element="org.jboss.as.quickstarts.interapp.appB.ControllerB::setFoo(java.lang.String):void" />
		</instance>
		<instance>
			<role name="Context" element="org.jboss.as.quickstarts.ejb.asynchronous.client.AsynchronousClient" />
			<role name="State" element="org.jboss.as.quickstarts.ejb.asynchronous.AsynchronousAccess" />
			<role name="state" element="org.jboss.as.quickstarts.ejb.asynchronous.client.AsynchronousClient::accessBean:org.jboss.as.quickstarts.ejb.asynchronous.AsynchronousAccess" />
			<role name="Request()" element="org.jboss.as.quickstarts.ejb.asynchronous.client.AsynchronousClient::fireAndForget():void" />
			<role name="Request()" element="org.jboss.as.quickstarts.ejb.asynchronous.client.AsynchronousClient::getResultAsync():void" />
			<role name="Request()" element="org.jboss.as.quickstarts.ejb.asynchronous.client.AsynchronousClient::waitForAsyncResult():void" />
			<role name="Request()" element="org.jboss.as.quickstarts.ejb.asynchronous.client.AsynchronousClient::callAsyncWithFailure():void" />
		</instance>
		<instance>
			<role name="Context" element="org.jboss.as.quickstarts.appclient.acc.client.Main" />
			<role name="State" element="org.jboss.as.quickstarts.appclient.server.ejb.StatelessSession" />
			<role name="state" element="org.jboss.as.quickstarts.appclient.acc.client.Main::slsb:org.jboss.as.quickstarts.appclient.server.ejb.StatelessSession" />
			<role name="Request()" element="org.jboss.as.quickstarts.appclient.acc.client.Main::main(java.lang.String[]):void" />
		</instance>
		<instance>
			<role name="Context" element="org.jboss.as.quickstarts.ear.controller.GreeterBean" />
			<role name="State" element="org.jboss.as.quickstarts.ear.client.GreeterEJBLocal" />
			<role name="state" element="org.jboss.as.quickstarts.ear.controller.GreeterBean::greeterEJB:org.jboss.as.quickstarts.ear.client.GreeterEJBLocal" />
			<role name="Request()" element="org.jboss.as.quickstarts.ear.controller.GreeterBean::sayHello():java.lang.String" />
		</instance>
		<instance>
			<role name="Context" element="org.jboss.as.quickstarts.ejb.asynchronous.client.AsynchronousClient" />
			<role name="State" element="org.jboss.as.quickstarts.ejb.asynchronous.ParallelAccess" />
			<role name="state" element="org.jboss.as.quickstarts.ejb.asynchronous.client.AsynchronousClient::parallelBean:org.jboss.as.quickstarts.ejb.asynchronous.ParallelAccess" />
			<role name="Request()" element="org.jboss.as.quickstarts.ejb.asynchronous.client.AsynchronousClient::callAnEJBwithAsyncAccess():void" />
			<role name="Request()" element="org.jboss.as.quickstarts.ejb.asynchronous.client.AsynchronousClient::waitForAnotherAsyncResult2():void" />
		</instance>
		<instance>
			<role name="Context" element="org.jboss.as.quickstarts.ejb.multi.server.app.JsfController" />
			<role name="State" element="org.jboss.as.quickstarts.ejb.multi.server.app.AppOne" />
			<role name="state" element="org.jboss.as.quickstarts.ejb.multi.server.app.JsfController::oneApp:org.jboss.as.quickstarts.ejb.multi.server.app.AppOne" />
			<role name="Request()" element="org.jboss.as.quickstarts.ejb.multi.server.app.JsfController::callEJBAppOneRemote():void" />
		</instance>
		<instance>
			<role name="Context" element="org.jboss.as.quickstarts.ejb.multi.server.app.JsfController" />
			<role name="State" element="org.jboss.as.quickstarts.ejb.multi.server.app.AppTwo" />
			<role name="state" element="org.jboss.as.quickstarts.ejb.multi.server.app.JsfController::twoApp:org.jboss.as.quickstarts.ejb.multi.server.app.AppTwo" />
			<role name="Request()" element="org.jboss.as.quickstarts.ejb.multi.server.app.JsfController::callEJBAppTwoRemote():void" />
		</instance>
		<instance>
			<role name="State" element="org.jboss.as.quickstarts.greeter.domain.UserDao" />
			<role name="Context" element="org.jboss.as.quickstarts.greeter.web.CreateController" />
			<role name="state" element="org.jboss.as.quickstarts.greeter.web.CreateController::userDao:org.jboss.as.quickstarts.greeter.domain.UserDao" />
			<role name="Request()" element="org.jboss.as.quickstarts.greeter.web.CreateController::create():void" />
		</instance>
		<instance>
			<role name="State" element="org.jboss.as.quickstarts.greeter.domain.UserDao" />
			<role name="Context" element="org.jboss.as.quickstarts.greeter.web.GreetController" />
			<role name="state" element="org.jboss.as.quickstarts.greeter.web.GreetController::userDao:org.jboss.as.quickstarts.greeter.domain.UserDao" />
			<role name="Request()" element="org.jboss.as.quickstarts.greeter.web.GreetController::greet():void" />
		</instance>
		<instance>
			<role name="Context" element="org.jboss.as.quickstarts.ejb.asynchronous.ParallelAccessBean" />
			<role name="State" element="org.jboss.as.quickstarts.ejb.asynchronous.AnotherAsynchronousAccess" />
			<role name="state" element="org.jboss.as.quickstarts.ejb.asynchronous.ParallelAccessBean::anotherBean:org.jboss.as.quickstarts.ejb.asynchronous.AnotherAsynchronousAccess" />
			<role name="Request()" element="org.jboss.as.quickstarts.ejb.asynchronous.ParallelAccessBean::callInterfaceAnnotatedMethod():void" />
		</instance>
		<instance>
			<role name="Context" element="org.jboss.as.quickstarts.ejb.asynchronous.ParallelAccessBean" />
			<role name="State" element="org.jboss.as.quickstarts.ejb.asynchronous.AsynchronousAccess" />
			<role name="state" element="org.jboss.as.quickstarts.ejb.asynchronous.ParallelAccessBean::asyncBean:org.jboss.as.quickstarts.ejb.asynchronous.AsynchronousAccess" />
			<role name="Request()" element="org.jboss.as.quickstarts.ejb.asynchronous.ParallelAccessBean::invokeAsyncParallel():java.util.Collection" />
		</instance>
		<instance>
			<role name="Context" element="org.jboss.as.quickstarts.ejb.multi.server.app.MainAppBean" />
			<role name="State" element="org.jboss.as.quickstarts.ejb.multi.server.app.AppOne" />
			<role name="state" element="org.jboss.as.quickstarts.ejb.multi.server.app.MainAppBean::appOneProxy:org.jboss.as.quickstarts.ejb.multi.server.app.AppOne" />
			<role name="Request()" element="org.jboss.as.quickstarts.ejb.multi.server.app.MainAppBean::invokeAppOne(java.lang.String):java.lang.String" />
		</instance>
		<instance>
			<role name="Context" element="org.jboss.as.quickstarts.ejb.multi.server.app.JsfController" />
			<role name="State" element="org.jboss.as.quickstarts.ejb.multi.server.app.MainApp" />
			<role name="state" element="org.jboss.as.quickstarts.ejb.multi.server.app.JsfController::mainApp:org.jboss.as.quickstarts.ejb.multi.server.app.MainApp" />
			<role name="Request()" element="org.jboss.as.quickstarts.ejb.multi.server.app.JsfController::callEJBMainLocal():void" />
		</instance>
	</pattern>
	<pattern name="Strategy" />
	<pattern name="Bridge" />
	<pattern name="Template Method" />
	<pattern name="Visitor" />
	<pattern name="Proxy" />
	<pattern name="Proxy2" />
	<pattern name="Chain of Responsibility" />
</system>

