<?xml version="1.0" encoding="UTF-8"?>
<system>
	<pattern name="Factory Method" />
	<pattern name="Prototype" />
	<pattern name="Singleton" />
	<pattern name="(Object)Adapter">
		<instance>
			<role name="Adaptee" element="ch.hsr.geohash.BoundingBox" />
			<role name="Adapter" element="ch.hsr.geohash.queries.GeoHashBoundingBoxQuery" />
			<role name="adaptee" element="ch.hsr.geohash.queries.GeoHashBoundingBoxQuery::boundingBox:ch.hsr.geohash.BoundingBox" />
			<role name="Request()" element="ch.hsr.geohash.queries.GeoHashBoundingBoxQuery::getWktBox():java.lang.String" />
		</instance>
	</pattern>
	<pattern name="Command" />
	<pattern name="Composite" />
	<pattern name="Decorator" />
	<pattern name="Observer" />
	<pattern name="State" />
	<pattern name="Strategy" />
	<pattern name="Bridge" />
	<pattern name="Template Method" />
	<pattern name="Visitor" />
	<pattern name="Proxy">
		<instance>
			<role name="Proxy" element="ch.hsr.geohash.queries.GeoHashCircleQuery" />
			<role name="RealSubject" element="ch.hsr.geohash.queries.GeoHashBoundingBoxQuery" />
			<role name="Request()" element="ch.hsr.geohash.queries.GeoHashCircleQuery::contains(ch.hsr.geohash.GeoHash):boolean" />
			<role name="Request()" element="ch.hsr.geohash.queries.GeoHashCircleQuery::getWktBox():java.lang.String" />
			<role name="Request()" element="ch.hsr.geohash.queries.GeoHashCircleQuery::getSearchHashes():java.util.List" />
			<role name="Request()" element="ch.hsr.geohash.queries.GeoHashCircleQuery::contains(ch.hsr.geohash.WGS84Point):boolean" />
		</instance>
	</pattern>
	<pattern name="Proxy2" />
	<pattern name="Chain of Responsibility" />
</system>

