<?xml version="1.0" encoding="UTF-8"?>
<system>
	<pattern name="Factory Method" />
	<pattern name="Prototype" />
	<pattern name="Singleton">
		<instance>
			<role name="Singleton" element="com.fasterxml.jackson.datatype.hibernate5.jakarta.Hibernate5JAnnotationIntrospector$FieldHandlerChecker" />
			<role name="uniqueInstance" element="com.fasterxml.jackson.datatype.hibernate5.jakarta.Hibernate5JAnnotationIntrospector$FieldHandlerChecker::instance:com.fasterxml.jackson.datatype.hibernate5.jakarta.Hibernate5JAnnotationIntrospector$FieldHandlerChecker" />
		</instance>
		<instance>
			<role name="Singleton" element="com.fasterxml.jackson.datatype.hibernate6.Hibernate6AnnotationIntrospector$FieldHandlerChecker" />
			<role name="uniqueInstance" element="com.fasterxml.jackson.datatype.hibernate6.Hibernate6AnnotationIntrospector$FieldHandlerChecker::instance:com.fasterxml.jackson.datatype.hibernate6.Hibernate6AnnotationIntrospector$FieldHandlerChecker" />
		</instance>
		<instance>
			<role name="Singleton" element="com.fasterxml.jackson.datatype.hibernate5.HibernateAnnotationIntrospector$FieldHandlerChecker" />
			<role name="uniqueInstance" element="com.fasterxml.jackson.datatype.hibernate5.HibernateAnnotationIntrospector$FieldHandlerChecker::instance:com.fasterxml.jackson.datatype.hibernate5.HibernateAnnotationIntrospector$FieldHandlerChecker" />
		</instance>
	</pattern>
	<pattern name="(Object)Adapter" />
	<pattern name="Command" />
	<pattern name="Composite" />
	<pattern name="Decorator" />
	<pattern name="Observer" />
	<pattern name="State" />
	<pattern name="Strategy" />
	<pattern name="Bridge" />
	<pattern name="Template Method" />
	<pattern name="Visitor" />
	<pattern name="Proxy" />
	<pattern name="Proxy2" />
	<pattern name="Chain of Responsibility" />
</system>

