<?xml version="1.0" encoding="UTF-8"?>
<system>
	<pattern name="Factory Method">
		<instance>
			<role name="Creator" element="net.citizensnpcs.trait.waypoint.WaypointProvider" />
			<role name="FactoryMethod()" element="net.citizensnpcs.trait.waypoint.WaypointProvider::createEditor(org.bukkit.command.CommandSender, net.citizensnpcs.api.command.CommandContext):net.citizensnpcs.trait.waypoint.WaypointEditor" />
		</instance>
		<instance>
			<role name="Creator" element="net.citizensnpcs.trait.waypoint.triggers.WaypointTriggerPrompt" />
			<role name="FactoryMethod()" element="net.citizensnpcs.trait.waypoint.triggers.WaypointTriggerPrompt::createFromShortInput(org.bukkit.conversations.ConversationContext, java.lang.String):net.citizensnpcs.trait.waypoint.triggers.WaypointTrigger" />
		</instance>
	</pattern>
	<pattern name="Prototype" />
	<pattern name="Singleton" />
	<pattern name="(Object)Adapter" />
	<pattern name="Command" />
	<pattern name="Composite" />
	<pattern name="Decorator">
		<instance>
			<role name="Component" element="net.citizensnpcs.npc.EntityController" />
			<role name="Decorator" element="net.citizensnpcs.trait.PacketNPC$PacketController" />
			<role name="component" element="net.citizensnpcs.trait.PacketNPC$PacketController::base:net.citizensnpcs.npc.EntityController" />
			<role name="Operation()" element="net.citizensnpcs.trait.PacketNPC$PacketController::create(org.bukkit.Location, net.citizensnpcs.api.npc.NPC):void" />
			<role name="Operation()" element="net.citizensnpcs.trait.PacketNPC$PacketController::die():void" />
			<role name="Operation()" element="net.citizensnpcs.trait.PacketNPC$PacketController::getBukkitEntity():org.bukkit.entity.Entity" />
			<role name="Operation()" element="net.citizensnpcs.trait.PacketNPC$PacketController::remove():void" />
		</instance>
		<instance>
			<role name="Component" element="net.citizensnpcs.npc.ai.MCTargetStrategy$TargetNavigator" />
			<role name="Decorator" element="net.citizensnpcs.npc.ai.MCTargetStrategy$StraightLineTargeter" />
			<role name="component" element="net.citizensnpcs.npc.ai.MCTargetStrategy$StraightLineTargeter::fallback:net.citizensnpcs.npc.ai.MCTargetStrategy$TargetNavigator" />
			<role name="Operation()" element="net.citizensnpcs.npc.ai.MCTargetStrategy$StraightLineTargeter::getPath():java.lang.Iterable" />
			<role name="Operation()" element="net.citizensnpcs.npc.ai.MCTargetStrategy$StraightLineTargeter::setPath():void" />
			<role name="Operation()" element="net.citizensnpcs.npc.ai.MCTargetStrategy$StraightLineTargeter::stop():void" />
			<role name="Operation()" element="net.citizensnpcs.npc.ai.MCTargetStrategy$StraightLineTargeter::update():void" />
		</instance>
	</pattern>
	<pattern name="Observer" />
	<pattern name="State">
		<instance>
			<role name="Context" element="net.citizensnpcs.trait.Controllable" />
			<role name="State" element="net.citizensnpcs.trait.Controllable$MovementController" />
			<role name="state" element="net.citizensnpcs.trait.Controllable::controller:net.citizensnpcs.trait.Controllable$MovementController" />
			<role name="Request()" element="net.citizensnpcs.trait.Controllable::onPlayerInteract(org.bukkit.event.player.PlayerInteractEvent):void" />
			<role name="Request()" element="net.citizensnpcs.trait.Controllable::onRightClick(net.citizensnpcs.api.event.NPCRightClickEvent):void" />
			<role name="Request()" element="net.citizensnpcs.trait.Controllable::run():void" />
		</instance>
		<instance>
			<role name="Context" element="net.citizensnpcs.commands.NPCCommandSelector" />
			<role name="State" element="net.citizensnpcs.commands.NPCCommandSelector$Callback" />
			<role name="state" element="net.citizensnpcs.commands.NPCCommandSelector::callback:net.citizensnpcs.commands.NPCCommandSelector$Callback" />
			<role name="Request()" element="net.citizensnpcs.commands.NPCCommandSelector::acceptValidatedInput(org.bukkit.conversations.ConversationContext, java.lang.Number):org.bukkit.conversations.Prompt" />
		</instance>
		<instance>
			<role name="Context" element="net.citizensnpcs.trait.PacketNPC" />
			<role name="State" element="net.citizensnpcs.util.EntityPacketTracker" />
			<role name="state" element="net.citizensnpcs.trait.PacketNPC::packetTracker:net.citizensnpcs.util.EntityPacketTracker" />
			<role name="Request()" element="net.citizensnpcs.trait.PacketNPC::run():void" />
		</instance>
		<instance>
			<role name="Context" element="net.citizensnpcs.util.NMS" />
			<role name="State" element="net.citizensnpcs.util.NMSBridge" />
			<role name="state" element="net.citizensnpcs.util.NMS::BRIDGE:net.citizensnpcs.util.NMSBridge" />
			<role name="Request()" element="net.citizensnpcs.util.NMS::addEntityToWorld(org.bukkit.entity.Entity, org.bukkit.event.entity.CreatureSpawnEvent$SpawnReason):boolean" />
			<role name="Request()" element="net.citizensnpcs.util.NMS::addOrRemoveFromPlayerList(org.bukkit.entity.Entity, boolean):void" />
			<role name="Request()" element="net.citizensnpcs.util.NMS::attack(org.bukkit.entity.LivingEntity, org.bukkit.entity.LivingEntity):void" />
			<role name="Request()" element="net.citizensnpcs.util.NMS::cancelMoveDestination(org.bukkit.entity.Entity):void" />
			<role name="Request()" element="net.citizensnpcs.util.NMS::createPacketTracker(org.bukkit.entity.Entity, net.citizensnpcs.util.EntityPacketTracker$PacketAggregator):net.citizensnpcs.util.EntityPacketTracker" />
			<role name="Request()" element="net.citizensnpcs.util.NMS::fillProfileProperties(com.mojang.authlib.GameProfile, boolean):com.mojang.authlib.GameProfile" />
			<role name="Request()" element="net.citizensnpcs.util.NMS::findProfilesByNames(java.lang.String[], com.mojang.authlib.ProfileLookupCallback):void" />
			<role name="Request()" element="net.citizensnpcs.util.NMS::getBlockBreaker(org.bukkit.entity.Entity, org.bukkit.block.Block, net.citizensnpcs.api.npc.BlockBreaker$BlockBreakerConfiguration):net.citizensnpcs.api.npc.BlockBreaker" />
			<role name="Request()" element="net.citizensnpcs.util.NMS::getBoundingBox(org.bukkit.entity.Entity):net.citizensnpcs.api.util.BoundingBox" />
			<role name="Request()" element="net.citizensnpcs.util.NMS::getCollisionBox(org.bukkit.block.Block):net.citizensnpcs.api.util.BoundingBox" />
			<role name="Request()" element="net.citizensnpcs.util.NMS::getDestination(org.bukkit.entity.Entity):org.bukkit.Location" />
			<role name="Request()" element="net.citizensnpcs.util.NMS::getHeadYaw(org.bukkit.entity.Entity):float" />
			<role name="Request()" element="net.citizensnpcs.util.NMS::getHeight(org.bukkit.entity.Entity):double" />
			<role name="Request()" element="net.citizensnpcs.util.NMS::getHorizontalMovement(org.bukkit.entity.Entity):float" />
			<role name="Request()" element="net.citizensnpcs.util.NMS::getNBT(org.bukkit.inventory.ItemStack):net.citizensnpcs.api.jnbt.CompoundTag" />
			<role name="Request()" element="net.citizensnpcs.util.NMS::getNPC(org.bukkit.entity.Entity):net.citizensnpcs.api.npc.NPC" />
			<role name="Request()" element="net.citizensnpcs.util.NMS::getPacketTracker(org.bukkit.entity.Entity):net.citizensnpcs.util.EntityPacketTracker" />
			<role name="Request()" element="net.citizensnpcs.util.NMS::getPassengers(org.bukkit.entity.Entity):java.util.List" />
			<role name="Request()" element="net.citizensnpcs.util.NMS::getProfile(org.bukkit.entity.Player):com.mojang.authlib.GameProfile" />
			<role name="Request()" element="net.citizensnpcs.util.NMS::getProfile(org.bukkit.inventory.meta.SkullMeta):com.mojang.authlib.GameProfile" />
			<role name="Request()" element="net.citizensnpcs.util.NMS::getSoundPath(org.bukkit.Sound):java.lang.String" />
			<role name="Request()" element="net.citizensnpcs.util.NMS::getSource(org.bukkit.command.BlockCommandSender):org.bukkit.entity.Entity" />
			<role name="Request()" element="net.citizensnpcs.util.NMS::getSpeedFor(net.citizensnpcs.api.npc.NPC):float" />
			<role name="Request()" element="net.citizensnpcs.util.NMS::getStepHeight(org.bukkit.entity.Entity):float" />
			<role name="Request()" element="net.citizensnpcs.util.NMS::getTargetNavigator(org.bukkit.entity.Entity, java.lang.Iterable, net.citizensnpcs.api.ai.NavigatorParameters):net.citizensnpcs.npc.ai.MCNavigationStrategy$MCNavigator" />
			<role name="Request()" element="net.citizensnpcs.util.NMS::getTargetNavigator(org.bukkit.entity.Entity, org.bukkit.Location, net.citizensnpcs.api.ai.NavigatorParameters):net.citizensnpcs.npc.ai.MCNavigationStrategy$MCNavigator" />
			<role name="Request()" element="net.citizensnpcs.util.NMS::getTargetNavigator(org.bukkit.entity.Entity, org.bukkit.entity.Entity, net.citizensnpcs.api.ai.NavigatorParameters):net.citizensnpcs.npc.ai.MCTargetStrategy$TargetNavigator" />
			<role name="Request()" element="net.citizensnpcs.util.NMS::getVehicle(org.bukkit.entity.Entity):org.bukkit.entity.Entity" />
			<role name="Request()" element="net.citizensnpcs.util.NMS::getVerticalMovement(org.bukkit.entity.Entity):float" />
			<role name="Request()" element="net.citizensnpcs.util.NMS::getWidth(org.bukkit.entity.Entity):double" />
			<role name="Request()" element="net.citizensnpcs.util.NMS::getYaw(org.bukkit.entity.Entity):float" />
			<role name="Request()" element="net.citizensnpcs.util.NMS::isOnGround(org.bukkit.entity.Entity):boolean" />
			<role name="Request()" element="net.citizensnpcs.util.NMS::isSolid(org.bukkit.block.Block):boolean" />
			<role name="Request()" element="net.citizensnpcs.util.NMS::isValid(org.bukkit.entity.Entity):boolean" />
			<role name="Request()" element="net.citizensnpcs.util.NMS::load(net.citizensnpcs.api.command.CommandManager):void" />
			<role name="Request()" element="net.citizensnpcs.util.NMS::look(org.bukkit.entity.Entity, float, float):void" />
			<role name="Request()" element="net.citizensnpcs.util.NMS::look(org.bukkit.entity.Entity, org.bukkit.Location, boolean, boolean):void" />
			<role name="Request()" element="net.citizensnpcs.util.NMS::look(org.bukkit.entity.Entity, org.bukkit.entity.Entity):void" />
			<role name="Request()" element="net.citizensnpcs.util.NMS::mount(org.bukkit.entity.Entity, org.bukkit.entity.Entity):void" />
			<role name="Request()" element="net.citizensnpcs.util.NMS::openAnvilInventory(org.bukkit.entity.Player, org.bukkit.inventory.Inventory, java.lang.String):org.bukkit.inventory.InventoryView" />
			<role name="Request()" element="net.citizensnpcs.util.NMS::openHorseScreen(org.bukkit.entity.Tameable, org.bukkit.entity.Player):void" />
			<role name="Request()" element="net.citizensnpcs.util.NMS::playAnimation(net.citizensnpcs.util.PlayerAnimation, org.bukkit.entity.Player, java.lang.Iterable):void" />
			<role name="Request()" element="net.citizensnpcs.util.NMS::playerTicker(org.bukkit.entity.Player):java.lang.Runnable" />
			<role name="Request()" element="net.citizensnpcs.util.NMS::registerEntityClass(java.lang.Class):void" />
			<role name="Request()" element="net.citizensnpcs.util.NMS::remove(org.bukkit.entity.Entity):void" />
			<role name="Request()" element="net.citizensnpcs.util.NMS::removeFromServerPlayerList(org.bukkit.entity.Player):void" />
			<role name="Request()" element="net.citizensnpcs.util.NMS::removeFromWorld(org.bukkit.entity.Entity):void" />
			<role name="Request()" element="net.citizensnpcs.util.NMS::removeHookIfNecessary(org.bukkit.entity.FishHook):void" />
			<role name="Request()" element="net.citizensnpcs.util.NMS::replaceTracker(org.bukkit.entity.Entity):void" />
			<role name="Request()" element="net.citizensnpcs.util.NMS::sendPositionUpdate(org.bukkit.entity.Entity, boolean, java.lang.Float, java.lang.Float, java.lang.Float):void" />
			<role name="Request()" element="net.citizensnpcs.util.NMS::sendTabListAdd(org.bukkit.entity.Player, org.bukkit.entity.Player):boolean" />
			<role name="Request()" element="net.citizensnpcs.util.NMS::sendTabListRemove(org.bukkit.entity.Player, java.util.Collection):void" />
			<role name="Request()" element="net.citizensnpcs.util.NMS::sendTabListRemove(org.bukkit.entity.Player, org.bukkit.entity.Player):void" />
			<role name="Request()" element="net.citizensnpcs.util.NMS::sendTeamPacket(org.bukkit.entity.Player, org.bukkit.scoreboard.Team, int):void" />
			<role name="Request()" element="net.citizensnpcs.util.NMS::setBodyYaw(org.bukkit.entity.Entity, float):void" />
			<role name="Request()" element="net.citizensnpcs.util.NMS::setBoundingBox(org.bukkit.entity.Entity, net.citizensnpcs.api.util.BoundingBox):void" />
			<role name="Request()" element="net.citizensnpcs.util.NMS::setCustomName(org.bukkit.entity.Entity, java.lang.Object, java.lang.String):void" />
			<role name="Request()" element="net.citizensnpcs.util.NMS::setDestination(org.bukkit.entity.Entity, double, double, double, float):void" />
			<role name="Request()" element="net.citizensnpcs.util.NMS::setDimensions(org.bukkit.entity.Entity, net.citizensnpcs.api.util.EntityDim):void" />
			<role name="Request()" element="net.citizensnpcs.util.NMS::setEndermanAngry(org.bukkit.entity.Enderman, boolean):void" />
			<role name="Request()" element="net.citizensnpcs.util.NMS::setHeadYaw(org.bukkit.entity.Entity, float):void" />
			<role name="Request()" element="net.citizensnpcs.util.NMS::setKnockbackResistance(org.bukkit.entity.LivingEntity, double):void" />
			<role name="Request()" element="net.citizensnpcs.util.NMS::setLocationDirectly(org.bukkit.entity.Entity, org.bukkit.Location):void" />
			<role name="Request()" element="net.citizensnpcs.util.NMS::setNavigationTarget(org.bukkit.entity.Entity, org.bukkit.entity.Entity, float):void" />
			<role name="Request()" element="net.citizensnpcs.util.NMS::setNoGravity(org.bukkit.entity.Entity, boolean):void" />
			<role name="Request()" element="net.citizensnpcs.util.NMS::setPitch(org.bukkit.entity.Entity, float):void" />
			<role name="Request()" element="net.citizensnpcs.util.NMS::setProfile(org.bukkit.inventory.meta.SkullMeta, com.mojang.authlib.GameProfile):void" />
			<role name="Request()" element="net.citizensnpcs.util.NMS::setShouldJump(org.bukkit.entity.Entity):void" />
			<role name="Request()" element="net.citizensnpcs.util.NMS::setSitting(org.bukkit.entity.Ocelot, boolean):void" />
			<role name="Request()" element="net.citizensnpcs.util.NMS::setSitting(org.bukkit.entity.Tameable, boolean):void" />
			<role name="Request()" element="net.citizensnpcs.util.NMS::setSneaking(org.bukkit.entity.Entity, boolean):void" />
			<role name="Request()" element="net.citizensnpcs.util.NMS::setStepHeight(org.bukkit.entity.Entity, float):void" />
			<role name="Request()" element="net.citizensnpcs.util.NMS::setVerticalMovement(org.bukkit.entity.Entity, double):void" />
			<role name="Request()" element="net.citizensnpcs.util.NMS::setWitherInvulnerable(org.bukkit.entity.Wither, boolean):void" />
			<role name="Request()" element="net.citizensnpcs.util.NMS::shouldJump(org.bukkit.entity.Entity):boolean" />
			<role name="Request()" element="net.citizensnpcs.util.NMS::shutdown():void" />
			<role name="Request()" element="net.citizensnpcs.util.NMS::sleep(org.bukkit.entity.Player, boolean):void" />
			<role name="Request()" element="net.citizensnpcs.util.NMS::trySwim(org.bukkit.entity.Entity, float):void" />
			<role name="Request()" element="net.citizensnpcs.util.NMS::updateInventoryTitle(org.bukkit.entity.Player, org.bukkit.inventory.InventoryView, java.lang.String):void" />
			<role name="Request()" element="net.citizensnpcs.util.NMS::updateNavigationWorld(org.bukkit.entity.Entity, org.bukkit.World):void" />
			<role name="Request()" element="net.citizensnpcs.util.NMS::updatePathfindingRange(net.citizensnpcs.api.npc.NPC, float):void" />
		</instance>
		<instance>
			<role name="Context" element="net.citizensnpcs.npc.skin.SkinPacketTracker" />
			<role name="State" element="net.citizensnpcs.npc.skin.SkinnableEntity" />
			<role name="state" element="net.citizensnpcs.npc.skin.SkinPacketTracker::entity:net.citizensnpcs.npc.skin.SkinnableEntity" />
			<role name="Request()" element="net.citizensnpcs.npc.skin.SkinPacketTracker::onRemoveNPC():void" />
			<role name="Request()" element="net.citizensnpcs.npc.skin.SkinPacketTracker::updateNearbyViewers(double):void" />
			<role name="Request()" element="net.citizensnpcs.npc.skin.SkinPacketTracker::updateViewer(org.bukkit.entity.Player):void" />
		</instance>
		<instance>
			<role name="Context" element="net.citizensnpcs.npc.CitizensNPC" />
			<role name="State" element="net.citizensnpcs.npc.EntityController" />
			<role name="state" element="net.citizensnpcs.npc.CitizensNPC::entityController:net.citizensnpcs.npc.EntityController" />
			<role name="Request()" element="net.citizensnpcs.npc.CitizensNPC::despawn(net.citizensnpcs.api.event.DespawnReason):boolean" />
			<role name="Request()" element="net.citizensnpcs.npc.CitizensNPC::getEntity():org.bukkit.entity.Entity" />
			<role name="Request()" element="net.citizensnpcs.npc.CitizensNPC::spawn(org.bukkit.Location, net.citizensnpcs.api.event.SpawnReason):boolean" />
		</instance>
		<instance>
			<role name="Context" element="net.citizensnpcs.trait.waypoint.Waypoints" />
			<role name="State" element="net.citizensnpcs.trait.waypoint.WaypointProvider" />
			<role name="state" element="net.citizensnpcs.trait.waypoint.Waypoints::provider:net.citizensnpcs.trait.waypoint.WaypointProvider" />
			<role name="Request()" element="net.citizensnpcs.trait.waypoint.Waypoints::getEditor(org.bukkit.command.CommandSender, net.citizensnpcs.api.command.CommandContext):net.citizensnpcs.editor.Editor" />
			<role name="Request()" element="net.citizensnpcs.trait.waypoint.Waypoints::load(net.citizensnpcs.api.util.DataKey):void" />
			<role name="Request()" element="net.citizensnpcs.trait.waypoint.Waypoints::onSpawn():void" />
			<role name="Request()" element="net.citizensnpcs.trait.waypoint.Waypoints::setWaypointProvider(java.lang.String):boolean" />
		</instance>
	</pattern>
	<pattern name="Strategy">
		<instance>
			<role name="Context" element="net.citizensnpcs.npc.ai.MCNavigationStrategy" />
			<role name="Strategy" element="net.citizensnpcs.npc.ai.MCNavigationStrategy$MCNavigator" />
			<role name="strategy" element="net.citizensnpcs.npc.ai.MCNavigationStrategy::navigator:net.citizensnpcs.npc.ai.MCNavigationStrategy$MCNavigator" />
			<role name="ContextInterface()" element="net.citizensnpcs.npc.ai.MCNavigationStrategy::getPath():java.lang.Iterable" />
			<role name="ContextInterface()" element="net.citizensnpcs.npc.ai.MCNavigationStrategy::stop():void" />
			<role name="ContextInterface()" element="net.citizensnpcs.npc.ai.MCNavigationStrategy::update():boolean" />
		</instance>
		<instance>
			<role name="Context" element="net.citizensnpcs.npc.ai.MCTargetStrategy" />
			<role name="Strategy" element="net.citizensnpcs.npc.ai.MCTargetStrategy$TargetNavigator" />
			<role name="strategy" element="net.citizensnpcs.npc.ai.MCTargetStrategy::targetNavigator:net.citizensnpcs.npc.ai.MCTargetStrategy$TargetNavigator" />
			<role name="ContextInterface()" element="net.citizensnpcs.npc.ai.MCTargetStrategy::getCurrentDestination():org.bukkit.Location" />
			<role name="ContextInterface()" element="net.citizensnpcs.npc.ai.MCTargetStrategy::getPath():java.lang.Iterable" />
			<role name="ContextInterface()" element="net.citizensnpcs.npc.ai.MCTargetStrategy::stop():void" />
			<role name="ContextInterface()" element="net.citizensnpcs.npc.ai.MCTargetStrategy::update():boolean" />
		</instance>
	</pattern>
	<pattern name="Bridge" />
	<pattern name="Template Method">
		<instance>
			<role name="AbstractClass" element="net.citizensnpcs.util.AbstractBlockBreaker" />
			<role name="TemplateMethod()" element="net.citizensnpcs.util.AbstractBlockBreaker::reset():void" />
			<role name="TemplateMethod()" element="net.citizensnpcs.util.AbstractBlockBreaker::run():net.citizensnpcs.api.ai.tree.BehaviorStatus" />
		</instance>
		<instance>
			<role name="AbstractClass" element="net.citizensnpcs.npc.AbstractEntityController" />
			<role name="TemplateMethod()" element="net.citizensnpcs.npc.AbstractEntityController::create(org.bukkit.Location, net.citizensnpcs.api.npc.NPC):void" />
		</instance>
		<instance>
			<role name="AbstractClass" element="net.citizensnpcs.editor.Editor" />
			<role name="TemplateMethod()" element="net.citizensnpcs.editor.Editor::enter(org.bukkit.entity.Player, net.citizensnpcs.editor.Editor):void" />
			<role name="TemplateMethod()" element="net.citizensnpcs.editor.Editor::leave(org.bukkit.entity.Player):void" />
			<role name="TemplateMethod()" element="net.citizensnpcs.editor.Editor::leaveAll():void" />
		</instance>
		<instance>
			<role name="AbstractClass" element="net.citizensnpcs.Metrics$CustomChart" />
			<role name="TemplateMethod()" element="net.citizensnpcs.Metrics$CustomChart::getRequestJsonObject(java.util.function.BiConsumer, boolean):net.citizensnpcs.Metrics$JsonObjectBuilder$JsonObject" />
		</instance>
	</pattern>
	<pattern name="Visitor" />
	<pattern name="Proxy" />
	<pattern name="Proxy2" />
	<pattern name="Chain of Responsibility" />
</system>

