<?xml version="1.0" encoding="UTF-8"?>
<system>
	<pattern name="Factory Method" />
	<pattern name="Prototype" />
	<pattern name="Singleton" />
	<pattern name="(Object)Adapter" />
	<pattern name="Command" />
	<pattern name="Composite" />
	<pattern name="Decorator" />
	<pattern name="Observer" />
	<pattern name="State">
		<instance>
			<role name="Context" element="org.grails.maven.plugin.CreatePomMojo" />
			<role name="State" element="org.grails.maven.plugin.tools.GrailsServices" />
			<role name="state" element="org.grails.maven.plugin.CreatePomMojo::grailsServices:org.grails.maven.plugin.tools.GrailsServices" />
			<role name="Request()" element="org.grails.maven.plugin.CreatePomMojo::execute():void" />
		</instance>
	</pattern>
	<pattern name="Strategy" />
	<pattern name="Bridge">
		<instance>
			<role name="Abstraction" element="org.grails.maven.plugin.AbstractGrailsMojo" />
			<role name="Implementor" element="org.grails.maven.plugin.tools.GrailsServices" />
			<role name="implementor" element="org.grails.maven.plugin.AbstractGrailsMojo::grailsServices:org.grails.maven.plugin.tools.GrailsServices" />
			<role name="Operation()" element="org.grails.maven.plugin.AbstractGrailsMojo::getGrailsServices():org.grails.maven.plugin.tools.GrailsServices" />
		</instance>
	</pattern>
	<pattern name="Template Method" />
	<pattern name="Visitor" />
	<pattern name="Proxy" />
	<pattern name="Proxy2" />
	<pattern name="Chain of Responsibility" />
</system>

