<?xml version="1.0" encoding="UTF-8"?>
<system>
	<pattern name="Factory Method">
		<instance>
			<role name="Creator" element="io.swagger.codegen.CodegenConfig" />
			<role name="FactoryMethod()" element="io.swagger.codegen.CodegenConfig::fromModel(java.lang.String, io.swagger.models.Model, java.util.Map):io.swagger.codegen.CodegenModel" />
		</instance>
	</pattern>
	<pattern name="Prototype" />
	<pattern name="Singleton">
		<instance>
			<role name="Singleton" element="io.swagger.client.infrastructure.ApiAbstractionsKt$defaultMultiValueConverter$1" />
			<role name="uniqueInstance" element="io.swagger.client.infrastructure.ApiAbstractionsKt$defaultMultiValueConverter$1::INSTANCE:io.swagger.client.infrastructure.ApiAbstractionsKt$defaultMultiValueConverter$1" />
		</instance>
		<instance>
			<role name="Singleton" element="io.swagger.client.infrastructure.ApiClient$Companion$client$2" />
			<role name="uniqueInstance" element="io.swagger.client.infrastructure.ApiClient$Companion$client$2::INSTANCE:io.swagger.client.infrastructure.ApiClient$Companion$client$2" />
		</instance>
		<instance>
			<role name="Singleton" element="io.swagger.client.infrastructure.ApplicationDelegates" />
			<role name="uniqueInstance" element="io.swagger.client.infrastructure.ApplicationDelegates::INSTANCE:io.swagger.client.infrastructure.ApplicationDelegates" />
		</instance>
		<instance>
			<role name="Singleton" element="io.swagger.client.infrastructure.Serializer" />
			<role name="uniqueInstance" element="io.swagger.client.infrastructure.Serializer::INSTANCE:io.swagger.client.infrastructure.Serializer" />
		</instance>
	</pattern>
	<pattern name="(Object)Adapter">
		<instance>
			<role name="Adaptee" element="io.swagger.codegen.languages.features.IgnoreUnknownJacksonFeatures" />
			<role name="Adapter" element="io.swagger.codegen.languages.AbstractJavaCodegen" />
			<role name="adaptee" element="io.swagger.codegen.languages.AbstractJavaCodegen::ignoreUnknown:io.swagger.codegen.languages.features.IgnoreUnknownJacksonFeatures" />
			<role name="Request()" element="io.swagger.codegen.languages.AbstractJavaCodegen::processOpts():void" />
			<role name="Request()" element="io.swagger.codegen.languages.AbstractJavaCodegen::fromModel(java.lang.String, io.swagger.models.Model, java.util.Map):io.swagger.codegen.CodegenModel" />
		</instance>
		<instance>
			<role name="Adaptee" element="io.swagger.codegen.languages.features.NotNullAnnotationFeatures" />
			<role name="Adapter" element="io.swagger.codegen.languages.AbstractJavaCodegen" />
			<role name="adaptee" element="io.swagger.codegen.languages.AbstractJavaCodegen::notNullOption:io.swagger.codegen.languages.features.NotNullAnnotationFeatures" />
			<role name="Request()" element="io.swagger.codegen.languages.AbstractJavaCodegen::processOpts():void" />
			<role name="Request()" element="io.swagger.codegen.languages.AbstractJavaCodegen::fromModel(java.lang.String, io.swagger.models.Model, java.util.Map):io.swagger.codegen.CodegenModel" />
		</instance>
	</pattern>
	<pattern name="Command" />
	<pattern name="Composite" />
	<pattern name="Decorator" />
	<pattern name="Observer" />
	<pattern name="State">
		<instance>
			<role name="State" element="io.swagger.codegen.CodegenConfig" />
			<role name="Context" element="io.swagger.codegen.mustache.CamelCaseLambda" />
			<role name="state" element="io.swagger.codegen.mustache.CamelCaseLambda::generator:io.swagger.codegen.CodegenConfig" />
			<role name="Request()" element="io.swagger.codegen.mustache.CamelCaseLambda::execute(com.samskivert.mustache.Template$Fragment, java.io.Writer):void" />
		</instance>
		<instance>
			<role name="State" element="io.swagger.codegen.CodegenConfig" />
			<role name="Context" element="io.swagger.codegen.mustache.LowercaseLambda" />
			<role name="state" element="io.swagger.codegen.mustache.LowercaseLambda::generator:io.swagger.codegen.CodegenConfig" />
			<role name="Request()" element="io.swagger.codegen.mustache.LowercaseLambda::execute(com.samskivert.mustache.Template$Fragment, java.io.Writer):void" />
		</instance>
		<instance>
			<role name="Context" element="io.swagger.codegen.DefaultGenerator" />
			<role name="State" element="io.swagger.codegen.CodegenConfig" />
			<role name="state" element="io.swagger.codegen.DefaultGenerator::config:io.swagger.codegen.CodegenConfig" />
			<role name="Request()" element="io.swagger.codegen.DefaultGenerator::opts(io.swagger.codegen.ClientOptInput):io.swagger.codegen.Generator" />
			<role name="Request()" element="io.swagger.codegen.DefaultGenerator::getScheme():java.lang.String" />
			<role name="Request()" element="io.swagger.codegen.DefaultGenerator::configureGeneratorProperties():void" />
			<role name="Request()" element="io.swagger.codegen.DefaultGenerator::configureSwaggerInfo():void" />
			<role name="Request()" element="io.swagger.codegen.DefaultGenerator::generateModelTests(java.util.List, java.util.Map, java.lang.String):void" />
			<role name="Request()" element="io.swagger.codegen.DefaultGenerator::generateModelDocumentation(java.util.List, java.util.Map, java.lang.String):void" />
			<role name="Request()" element="io.swagger.codegen.DefaultGenerator::generateModels(java.util.List, java.util.List):void" />
			<role name="Request()" element="io.swagger.codegen.DefaultGenerator::generateApis(java.util.List, java.util.List, java.util.List):void" />
			<role name="Request()" element="io.swagger.codegen.DefaultGenerator::generateSupportingFiles(java.util.List, java.util.Map):void" />
			<role name="Request()" element="io.swagger.codegen.DefaultGenerator::buildSupportFileBundle(java.util.List, java.util.List):java.util.Map" />
			<role name="Request()" element="io.swagger.codegen.DefaultGenerator::generate():java.util.List" />
			<role name="Request()" element="io.swagger.codegen.DefaultGenerator::processTemplateToFile(java.util.Map, java.lang.String, java.lang.String):java.io.File" />
			<role name="Request()" element="io.swagger.codegen.DefaultGenerator::processOperation(java.lang.String, java.lang.String, io.swagger.models.Operation, java.util.Map, io.swagger.models.Path):void" />
		</instance>
	</pattern>
	<pattern name="Strategy" />
	<pattern name="Bridge">
		<instance>
			<role name="Abstraction" element="io.swagger.codegen.languages.AbstractJavaCodegen" />
			<role name="Implementor" element="io.swagger.codegen.languages.features.IgnoreUnknownJacksonFeatures" />
			<role name="implementor" element="io.swagger.codegen.languages.AbstractJavaCodegen::ignoreUnknown:io.swagger.codegen.languages.features.IgnoreUnknownJacksonFeatures" />
			<role name="Operation()" element="io.swagger.codegen.languages.AbstractJavaCodegen::processOpts():void" />
			<role name="Operation()" element="io.swagger.codegen.languages.AbstractJavaCodegen::fromModel(java.lang.String, io.swagger.models.Model, java.util.Map):io.swagger.codegen.CodegenModel" />
		</instance>
		<instance>
			<role name="Abstraction" element="io.swagger.codegen.languages.AbstractJavaCodegen" />
			<role name="Implementor" element="io.swagger.codegen.languages.features.NotNullAnnotationFeatures" />
			<role name="implementor" element="io.swagger.codegen.languages.AbstractJavaCodegen::notNullOption:io.swagger.codegen.languages.features.NotNullAnnotationFeatures" />
			<role name="Operation()" element="io.swagger.codegen.languages.AbstractJavaCodegen::processOpts():void" />
			<role name="Operation()" element="io.swagger.codegen.languages.AbstractJavaCodegen::fromModel(java.lang.String, io.swagger.models.Model, java.util.Map):io.swagger.codegen.CodegenModel" />
		</instance>
	</pattern>
	<pattern name="Template Method">
		<instance>
			<role name="AbstractClass" element="io.swagger.codegen.languages.AkkaScalaClientCodegen$CustomLambda" />
			<role name="TemplateMethod()" element="io.swagger.codegen.languages.AkkaScalaClientCodegen$CustomLambda::execute(com.samskivert.mustache.Template$Fragment, java.io.Writer):void" />
		</instance>
		<instance>
			<role name="AbstractClass" element="io.swagger.codegen.ignore.rules.Rule" />
			<role name="TemplateMethod()" element="io.swagger.codegen.ignore.rules.Rule::evaluate(java.lang.String):io.swagger.codegen.ignore.rules.Rule$Operation" />
		</instance>
		<instance>
			<role name="AbstractClass" element="io.swagger.codegen.languages.ScalazClientCodegen$CustomLambda" />
			<role name="TemplateMethod()" element="io.swagger.codegen.languages.ScalazClientCodegen$CustomLambda::execute(com.samskivert.mustache.Template$Fragment, java.io.Writer):void" />
		</instance>
	</pattern>
	<pattern name="Visitor" />
	<pattern name="Proxy" />
	<pattern name="Proxy2" />
	<pattern name="Chain of Responsibility" />
</system>

