<?xml version="1.0" encoding="UTF-8"?>
<system>
	<pattern name="Factory Method" />
	<pattern name="Prototype" />
	<pattern name="Singleton" />
	<pattern name="(Object)Adapter" />
	<pattern name="Command" />
	<pattern name="Composite" />
	<pattern name="Decorator" />
	<pattern name="Observer" />
	<pattern name="State" />
	<pattern name="Strategy" />
	<pattern name="Bridge" />
	<pattern name="Template Method">
		<instance>
			<role name="AbstractClass" element="org.cassandraunit.dataset.cql.AbstractCQLDataSet" />
			<role name="TemplateMethod()" element="org.cassandraunit.dataset.cql.AbstractCQLDataSet::getLines():java.util.List" />
		</instance>
		<instance>
			<role name="AbstractClass" element="org.cassandraunit.BaseCassandraUnit" />
			<role name="TemplateMethod()" element="org.cassandraunit.BaseCassandraUnit::before():void" />
		</instance>
	</pattern>
	<pattern name="Visitor" />
	<pattern name="Proxy" />
	<pattern name="Proxy2" />
	<pattern name="Chain of Responsibility" />
</system>

