<?xml version="1.0" encoding="UTF-8"?>
<system>
	<pattern name="Factory Method">
		<instance>
			<role name="Creator" element="com.clearspring.analytics.stream.cardinality.ICardinality" />
			<role name="FactoryMethod()" element="com.clearspring.analytics.stream.cardinality.ICardinality::merge(com.clearspring.analytics.stream.cardinality.ICardinality[]):com.clearspring.analytics.stream.cardinality.ICardinality" />
		</instance>
	</pattern>
	<pattern name="Prototype" />
	<pattern name="Singleton" />
	<pattern name="(Object)Adapter">
		<instance>
			<role name="Adaptee" element="com.clearspring.analytics.util.DoublyLinkedList" />
			<role name="Adapter" element="com.clearspring.analytics.stream.StreamSummary" />
			<role name="adaptee" element="com.clearspring.analytics.stream.StreamSummary::bucketList:com.clearspring.analytics.util.DoublyLinkedList" />
			<role name="Request()" element="com.clearspring.analytics.stream.StreamSummary::peek(int):java.util.List" />
		</instance>
		<instance>
			<role name="Adaptee" element="com.clearspring.analytics.stream.cardinality.RegisterSet" />
			<role name="Adapter" element="com.clearspring.analytics.stream.cardinality.HyperLogLogPlus" />
			<role name="adaptee" element="com.clearspring.analytics.stream.cardinality.HyperLogLogPlus::registerSet:com.clearspring.analytics.stream.cardinality.RegisterSet" />
			<role name="Request()" element="com.clearspring.analytics.stream.cardinality.HyperLogLogPlus::offerHashed(long):boolean" />
			<role name="Request()" element="com.clearspring.analytics.stream.cardinality.HyperLogLogPlus::cardinality():long" />
			<role name="Request()" element="com.clearspring.analytics.stream.cardinality.HyperLogLogPlus::sizeof():int" />
			<role name="Request()" element="com.clearspring.analytics.stream.cardinality.HyperLogLogPlus::getBytes():byte[]" />
		</instance>
		<instance>
			<role name="Adaptee" element="com.clearspring.analytics.stream.SampleSet$Node" />
			<role name="Adapter" element="com.clearspring.analytics.stream.SampleSet" />
			<role name="adaptee" element="com.clearspring.analytics.stream.SampleSet::head:com.clearspring.analytics.stream.SampleSet$Node" />
			<role name="adaptee" element="com.clearspring.analytics.stream.SampleSet::tail:com.clearspring.analytics.stream.SampleSet$Node" />
			<role name="Request()" element="com.clearspring.analytics.stream.SampleSet::peek():java.lang.Object" />
			<role name="Request()" element="com.clearspring.analytics.stream.SampleSet::peek(int):java.util.List" />
			<role name="Request()" element="com.clearspring.analytics.stream.SampleSet::put(T, int):long" />
			<role name="Request()" element="com.clearspring.analytics.stream.SampleSet::removeRandom():java.lang.Object" />
		</instance>
		<instance>
			<role name="Adaptee" element="com.clearspring.analytics.stream.ISampleSet" />
			<role name="Adapter" element="com.clearspring.analytics.stream.StochasticTopper" />
			<role name="adaptee" element="com.clearspring.analytics.stream.StochasticTopper::sample:com.clearspring.analytics.stream.ISampleSet" />
			<role name="Request()" element="com.clearspring.analytics.stream.StochasticTopper::offer(T, int):boolean" />
			<role name="Request()" element="com.clearspring.analytics.stream.StochasticTopper::peek(int):java.util.List" />
		</instance>
	</pattern>
	<pattern name="Command" />
	<pattern name="Composite" />
	<pattern name="Decorator">
		<instance>
			<role name="Component" element="com.clearspring.analytics.stream.cardinality.ICardinality" />
			<role name="Decorator" element="com.clearspring.analytics.stream.cardinality.CountThenEstimate" />
			<role name="component" element="com.clearspring.analytics.stream.cardinality.CountThenEstimate::estimator:com.clearspring.analytics.stream.cardinality.ICardinality" />
			<role name="Operation()" element="com.clearspring.analytics.stream.cardinality.CountThenEstimate::cardinality():long" />
			<role name="Operation()" element="com.clearspring.analytics.stream.cardinality.CountThenEstimate::offer(java.lang.Object):boolean" />
			<role name="Operation()" element="com.clearspring.analytics.stream.cardinality.CountThenEstimate::sizeof():int" />
		</instance>
	</pattern>
	<pattern name="Observer" />
	<pattern name="State">
		<instance>
			<role name="Context" element="com.clearspring.analytics.stream.cardinality.CountThenEstimate" />
			<role name="State" element="com.clearspring.analytics.util.IBuilder" />
			<role name="state" element="com.clearspring.analytics.stream.cardinality.CountThenEstimate::builder:com.clearspring.analytics.util.IBuilder" />
			<role name="Request()" element="com.clearspring.analytics.stream.cardinality.CountThenEstimate::tip():void" />
		</instance>
		<instance>
			<role name="Context" element="com.clearspring.analytics.stream.StochasticTopper" />
			<role name="State" element="com.clearspring.analytics.stream.ISampleSet" />
			<role name="state" element="com.clearspring.analytics.stream.StochasticTopper::sample:com.clearspring.analytics.stream.ISampleSet" />
			<role name="Request()" element="com.clearspring.analytics.stream.StochasticTopper::offer(T, int):boolean" />
			<role name="Request()" element="com.clearspring.analytics.stream.StochasticTopper::peek(int):java.util.List" />
		</instance>
	</pattern>
	<pattern name="Strategy" />
	<pattern name="Bridge" />
	<pattern name="Template Method">
		<instance>
			<role name="AbstractClass" element="com.clearspring.analytics.util.AbstractIterator" />
			<role name="TemplateMethod()" element="com.clearspring.analytics.util.AbstractIterator::hasNext():boolean" />
		</instance>
		<instance>
			<role name="AbstractClass" element="com.clearspring.analytics.stream.membership.Filter" />
			<role name="TemplateMethod()" element="com.clearspring.analytics.stream.membership.Filter::getHashBuckets(java.lang.String):int[]" />
			<role name="TemplateMethod()" element="com.clearspring.analytics.stream.membership.Filter::getHashBuckets(byte[]):int[]" />
		</instance>
	</pattern>
	<pattern name="Visitor" />
	<pattern name="Proxy" />
	<pattern name="Proxy2">
		<instance>
			<role name="Proxy" element="com.clearspring.analytics.stream.cardinality.CountThenEstimate" />
			<role name="RealSubject" element="com.clearspring.analytics.stream.cardinality.AdaptiveCounting" />
			<role name="Subject" element="com.clearspring.analytics.stream.cardinality.ICardinality" />
			<role name="subject" element="com.clearspring.analytics.stream.cardinality.CountThenEstimate::estimator:com.clearspring.analytics.stream.cardinality.ICardinality" />
			<role name="Request()" element="com.clearspring.analytics.stream.cardinality.CountThenEstimate::cardinality():long" />
			<role name="Request()" element="com.clearspring.analytics.stream.cardinality.CountThenEstimate::offer(java.lang.Object):boolean" />
			<role name="Request()" element="com.clearspring.analytics.stream.cardinality.CountThenEstimate::sizeof():int" />
		</instance>
		<instance>
			<role name="Proxy" element="com.clearspring.analytics.stream.cardinality.CountThenEstimate" />
			<role name="RealSubject" element="com.clearspring.analytics.stream.cardinality.LinearCounting" />
			<role name="Subject" element="com.clearspring.analytics.stream.cardinality.ICardinality" />
			<role name="subject" element="com.clearspring.analytics.stream.cardinality.CountThenEstimate::estimator:com.clearspring.analytics.stream.cardinality.ICardinality" />
			<role name="Request()" element="com.clearspring.analytics.stream.cardinality.CountThenEstimate::cardinality():long" />
			<role name="Request()" element="com.clearspring.analytics.stream.cardinality.CountThenEstimate::offer(java.lang.Object):boolean" />
			<role name="Request()" element="com.clearspring.analytics.stream.cardinality.CountThenEstimate::sizeof():int" />
		</instance>
		<instance>
			<role name="Proxy" element="com.clearspring.analytics.stream.cardinality.CountThenEstimate" />
			<role name="RealSubject" element="com.clearspring.analytics.stream.cardinality.LogLog" />
			<role name="Subject" element="com.clearspring.analytics.stream.cardinality.ICardinality" />
			<role name="subject" element="com.clearspring.analytics.stream.cardinality.CountThenEstimate::estimator:com.clearspring.analytics.stream.cardinality.ICardinality" />
			<role name="Request()" element="com.clearspring.analytics.stream.cardinality.CountThenEstimate::cardinality():long" />
			<role name="Request()" element="com.clearspring.analytics.stream.cardinality.CountThenEstimate::offer(java.lang.Object):boolean" />
			<role name="Request()" element="com.clearspring.analytics.stream.cardinality.CountThenEstimate::sizeof():int" />
		</instance>
	</pattern>
	<pattern name="Chain of Responsibility" />
</system>

