<?xml version="1.0" encoding="UTF-8"?>
<system>
	<pattern name="Factory Method" />
	<pattern name="Prototype" />
	<pattern name="Singleton" />
	<pattern name="(Object)Adapter" />
	<pattern name="Command" />
	<pattern name="Composite" />
	<pattern name="Decorator" />
	<pattern name="Observer" />
	<pattern name="State">
		<instance>
			<role name="Context" element="gueei.binding.menu.AbsMenuBridge$OptionsItemObserver" />
			<role name="State" element="gueei.binding.menu.IMenuItemChangedCallback" />
			<role name="state" element="gueei.binding.menu.AbsMenuBridge$OptionsItemObserver::mCallback:gueei.binding.menu.IMenuItemChangedCallback" />
			<role name="Request()" element="gueei.binding.menu.AbsMenuBridge$OptionsItemObserver::onPropertyChanged(gueei.binding.IObservable, java.util.Collection):void" />
		</instance>
	</pattern>
	<pattern name="Strategy" />
	<pattern name="Bridge" />
	<pattern name="Template Method" />
	<pattern name="Visitor" />
	<pattern name="Proxy" />
	<pattern name="Proxy2" />
	<pattern name="Chain of Responsibility" />
</system>

