<?xml version="1.0" encoding="UTF-8"?>
<system>
	<pattern name="Factory Method" />
	<pattern name="Prototype" />
	<pattern name="Singleton" />
	<pattern name="(Object)Adapter">
		<instance>
			<role name="Adaptee" element="org.HdrHistogram.WriterReaderPhaser" />
			<role name="Adapter" element="org.HdrHistogram.Recorder" />
			<role name="adaptee" element="org.HdrHistogram.Recorder::recordingPhaser:org.HdrHistogram.WriterReaderPhaser" />
			<role name="Request()" element="org.HdrHistogram.Recorder::recordValue(long):void" />
			<role name="Request()" element="org.HdrHistogram.Recorder::recordValueWithCount(long, long):void" />
			<role name="Request()" element="org.HdrHistogram.Recorder::recordValueWithExpectedInterval(long, long):void" />
		</instance>
		<instance>
			<role name="Adaptee" element="org.HdrHistogram.WriterReaderPhaser" />
			<role name="Adapter" element="org.HdrHistogram.SingleWriterRecorder" />
			<role name="adaptee" element="org.HdrHistogram.SingleWriterRecorder::recordingPhaser:org.HdrHistogram.WriterReaderPhaser" />
			<role name="Request()" element="org.HdrHistogram.SingleWriterRecorder::recordValue(long):void" />
			<role name="Request()" element="org.HdrHistogram.SingleWriterRecorder::recordValueWithCount(long, long):void" />
			<role name="Request()" element="org.HdrHistogram.SingleWriterRecorder::recordValueWithExpectedInterval(long, long):void" />
		</instance>
		<instance>
			<role name="Adapter" element="org.HdrHistogram.SingleWriterDoubleRecorder" />
			<role name="Adaptee" element="org.HdrHistogram.WriterReaderPhaser" />
			<role name="adaptee" element="org.HdrHistogram.SingleWriterDoubleRecorder::recordingPhaser:org.HdrHistogram.WriterReaderPhaser" />
			<role name="Request()" element="org.HdrHistogram.SingleWriterDoubleRecorder::recordValue(double):void" />
			<role name="Request()" element="org.HdrHistogram.SingleWriterDoubleRecorder::recordValueWithCount(double, long):void" />
			<role name="Request()" element="org.HdrHistogram.SingleWriterDoubleRecorder::recordValueWithExpectedInterval(double, double):void" />
		</instance>
		<instance>
			<role name="Adapter" element="org.HdrHistogram.DoubleRecorder" />
			<role name="Adaptee" element="org.HdrHistogram.WriterReaderPhaser" />
			<role name="adaptee" element="org.HdrHistogram.DoubleRecorder::recordingPhaser:org.HdrHistogram.WriterReaderPhaser" />
			<role name="Request()" element="org.HdrHistogram.DoubleRecorder::recordValue(double):void" />
			<role name="Request()" element="org.HdrHistogram.DoubleRecorder::recordValueWithCount(double, long):void" />
			<role name="Request()" element="org.HdrHistogram.DoubleRecorder::recordValueWithExpectedInterval(double, double):void" />
		</instance>
		<instance>
			<role name="Adaptee" element="org.HdrHistogram.packedarray.ConcurrentPackedLongArray" />
			<role name="Adapter" element="org.HdrHistogram.PackedConcurrentHistogram$ConcurrentPackedArrayWithNormalizingOffset" />
			<role name="adaptee" element="org.HdrHistogram.PackedConcurrentHistogram$ConcurrentPackedArrayWithNormalizingOffset::packedCounts:org.HdrHistogram.packedarray.ConcurrentPackedLongArray" />
			<role name="Request()" element="org.HdrHistogram.PackedConcurrentHistogram$ConcurrentPackedArrayWithNormalizingOffset::get(int):long" />
			<role name="Request()" element="org.HdrHistogram.PackedConcurrentHistogram$ConcurrentPackedArrayWithNormalizingOffset::atomicIncrement(int):void" />
			<role name="Request()" element="org.HdrHistogram.PackedConcurrentHistogram$ConcurrentPackedArrayWithNormalizingOffset::atomicAdd(int, long):void" />
			<role name="Request()" element="org.HdrHistogram.PackedConcurrentHistogram$ConcurrentPackedArrayWithNormalizingOffset::lazySet(int, long):void" />
			<role name="Request()" element="org.HdrHistogram.PackedConcurrentHistogram$ConcurrentPackedArrayWithNormalizingOffset::length():int" />
			<role name="Request()" element="org.HdrHistogram.PackedConcurrentHistogram$ConcurrentPackedArrayWithNormalizingOffset::getEstimatedFootprintInBytes():int" />
		</instance>
	</pattern>
	<pattern name="Command" />
	<pattern name="Composite" />
	<pattern name="Decorator" />
	<pattern name="Observer" />
	<pattern name="State">
		<instance>
			<role name="Context" element="org.HdrHistogram.ConcurrentHistogram" />
			<role name="State" element="org.HdrHistogram.ConcurrentHistogram$ConcurrentArrayWithNormalizingOffset" />
			<role name="state" element="org.HdrHistogram.ConcurrentHistogram::inactiveCounts:org.HdrHistogram.ConcurrentHistogram$ConcurrentArrayWithNormalizingOffset" />
			<role name="state" element="org.HdrHistogram.ConcurrentHistogram::activeCounts:org.HdrHistogram.ConcurrentHistogram$ConcurrentArrayWithNormalizingOffset" />
			<role name="Request()" element="org.HdrHistogram.ConcurrentHistogram::setIntegerToDoubleValueConversionRatio(double):void" />
			<role name="Request()" element="org.HdrHistogram.ConcurrentHistogram::getCountAtIndex(int):long" />
			<role name="Request()" element="org.HdrHistogram.ConcurrentHistogram::getCountAtNormalizedIndex(int):long" />
			<role name="Request()" element="org.HdrHistogram.ConcurrentHistogram::incrementCountAtIndex(int):void" />
			<role name="Request()" element="org.HdrHistogram.ConcurrentHistogram::addToCountAtIndex(int, long):void" />
			<role name="Request()" element="org.HdrHistogram.ConcurrentHistogram::setCountAtIndex(int, long):void" />
			<role name="Request()" element="org.HdrHistogram.ConcurrentHistogram::setCountAtNormalizedIndex(int, long):void" />
			<role name="Request()" element="org.HdrHistogram.ConcurrentHistogram::recordConvertedDoubleValue(double):void" />
			<role name="Request()" element="org.HdrHistogram.ConcurrentHistogram::recordConvertedDoubleValueWithCount(double, long):void" />
			<role name="Request()" element="org.HdrHistogram.ConcurrentHistogram::getNormalizingIndexOffset():int" />
			<role name="Request()" element="org.HdrHistogram.ConcurrentHistogram::setNormalizingIndexOffset(int, int, boolean, double):void" />
			<role name="Request()" element="org.HdrHistogram.ConcurrentHistogram::setNormalizingIndexOffsetForInactive(int, int, boolean, double):void" />
			<role name="Request()" element="org.HdrHistogram.ConcurrentHistogram::shiftLowestInactiveHalfBucketContentsLeft(int, int):void" />
			<role name="Request()" element="org.HdrHistogram.ConcurrentHistogram::shiftNormalizingIndexByOffset(int, boolean, double):void" />
			<role name="Request()" element="org.HdrHistogram.ConcurrentHistogram::resize(long):void" />
			<role name="Request()" element="org.HdrHistogram.ConcurrentHistogram::copyInactiveCountsContentsOnResize(org.HdrHistogram.ConcurrentHistogram$ConcurrentArrayWithNormalizingOffset, int):void" />
			<role name="Request()" element="org.HdrHistogram.ConcurrentHistogram::clearCounts():void" />
			<role name="Request()" element="org.HdrHistogram.ConcurrentHistogram::_getEstimatedFootprintInBytes():int" />
		</instance>
	</pattern>
	<pattern name="Strategy" />
	<pattern name="Bridge">
		<instance>
			<role name="Abstraction" element="org.HdrHistogram.AbstractHistogramIterator" />
			<role name="Implementor" element="org.HdrHistogram.AbstractHistogram" />
			<role name="implementor" element="org.HdrHistogram.AbstractHistogramIterator::histogram:org.HdrHistogram.AbstractHistogram" />
			<role name="Operation()" element="org.HdrHistogram.AbstractHistogramIterator::resetIterator(org.HdrHistogram.AbstractHistogram):void" />
			<role name="Operation()" element="org.HdrHistogram.AbstractHistogramIterator::hasNext():boolean" />
			<role name="Operation()" element="org.HdrHistogram.AbstractHistogramIterator::next():org.HdrHistogram.HistogramIterationValue" />
		</instance>
	</pattern>
	<pattern name="Template Method">
		<instance>
			<role name="AbstractClass" element="org.HdrHistogram.AbstractHistogram" />
			<role name="TemplateMethod()" element="org.HdrHistogram.AbstractHistogram::init(long, long, int, double, int):void" />
			<role name="TemplateMethod()" element="org.HdrHistogram.AbstractHistogram::recordCountAtValue(long, long):void" />
			<role name="TemplateMethod()" element="org.HdrHistogram.AbstractHistogram::recordSingleValue(long):void" />
			<role name="TemplateMethod()" element="org.HdrHistogram.AbstractHistogram::handleRecordException(long, long, java.lang.Exception):void" />
			<role name="TemplateMethod()" element="org.HdrHistogram.AbstractHistogram::reset():void" />
			<role name="TemplateMethod()" element="org.HdrHistogram.AbstractHistogram::add(org.HdrHistogram.AbstractHistogram):void" />
			<role name="TemplateMethod()" element="org.HdrHistogram.AbstractHistogram::subtract(org.HdrHistogram.AbstractHistogram):void" />
			<role name="TemplateMethod()" element="org.HdrHistogram.AbstractHistogram::shiftValuesLeft(int, double):void" />
			<role name="TemplateMethod()" element="org.HdrHistogram.AbstractHistogram::nonConcurrentNormalizingIndexShift(int, boolean):void" />
			<role name="TemplateMethod()" element="org.HdrHistogram.AbstractHistogram::shiftLowestHalfBucketContentsLeft(int, int):void" />
			<role name="TemplateMethod()" element="org.HdrHistogram.AbstractHistogram::shiftValuesRight(int, double):void" />
			<role name="TemplateMethod()" element="org.HdrHistogram.AbstractHistogram::equals(java.lang.Object):boolean" />
			<role name="TemplateMethod()" element="org.HdrHistogram.AbstractHistogram::hashCode():int" />
			<role name="TemplateMethod()" element="org.HdrHistogram.AbstractHistogram::getEstimatedFootprintInBytes():int" />
			<role name="TemplateMethod()" element="org.HdrHistogram.AbstractHistogram::getMinValue():long" />
			<role name="TemplateMethod()" element="org.HdrHistogram.AbstractHistogram::getMean():double" />
			<role name="TemplateMethod()" element="org.HdrHistogram.AbstractHistogram::getStdDeviation():double" />
			<role name="TemplateMethod()" element="org.HdrHistogram.AbstractHistogram::getValueAtPercentile(double):long" />
			<role name="TemplateMethod()" element="org.HdrHistogram.AbstractHistogram::getPercentileAtOrBelowValue(long):double" />
			<role name="TemplateMethod()" element="org.HdrHistogram.AbstractHistogram::getCountBetweenValues(long, long):long" />
			<role name="TemplateMethod()" element="org.HdrHistogram.AbstractHistogram::getCountAtValue(long):long" />
			<role name="TemplateMethod()" element="org.HdrHistogram.AbstractHistogram::outputPercentileDistribution(java.io.PrintStream, int, java.lang.Double, boolean):void" />
			<role name="TemplateMethod()" element="org.HdrHistogram.AbstractHistogram::writeObject(java.io.ObjectOutputStream):void" />
			<role name="TemplateMethod()" element="org.HdrHistogram.AbstractHistogram::readObject(java.io.ObjectInputStream):void" />
			<role name="TemplateMethod()" element="org.HdrHistogram.AbstractHistogram::encodeIntoByteBuffer(java.nio.ByteBuffer):int" />
			<role name="TemplateMethod()" element="org.HdrHistogram.AbstractHistogram::decodeFromByteBuffer(, java.lang.Class, long, java.util.zip.Inflater):org.HdrHistogram.AbstractHistogram" />
			<role name="TemplateMethod()" element="org.HdrHistogram.AbstractHistogram::fillCountsArrayFromSourceBuffer(java.nio.ByteBuffer, int, int):int" />
			<role name="TemplateMethod()" element="org.HdrHistogram.AbstractHistogram::fillBufferFromCountsArray(java.nio.ByteBuffer):void" />
			<role name="TemplateMethod()" element="org.HdrHistogram.AbstractHistogram::recordedValuesToString():java.lang.String" />
			<role name="TemplateMethod()" element="org.HdrHistogram.AbstractHistogram::establishInternalTackingValues(int):void" />
		</instance>
		<instance>
			<role name="AbstractClass" element="org.HdrHistogram.AbstractHistogramIterator" />
			<role name="TemplateMethod()" element="org.HdrHistogram.AbstractHistogramIterator::next():org.HdrHistogram.HistogramIterationValue" />
		</instance>
		<instance>
			<role name="AbstractClass" element="org.HdrHistogram.packedarray.AbstractPackedArrayContext" />
			<role name="TemplateMethod()" element="org.HdrHistogram.packedarray.AbstractPackedArrayContext::init(int):void" />
			<role name="TemplateMethod()" element="org.HdrHistogram.packedarray.AbstractPackedArrayContext::setValuePart(int, long, long, int):void" />
			<role name="TemplateMethod()" element="org.HdrHistogram.packedarray.AbstractPackedArrayContext::getAtShortIndex(int):short" />
			<role name="TemplateMethod()" element="org.HdrHistogram.packedarray.AbstractPackedArrayContext::getIndexAtShortIndex(int):short" />
			<role name="TemplateMethod()" element="org.HdrHistogram.packedarray.AbstractPackedArrayContext::casAtShortIndex(int, short, short):boolean" />
			<role name="TemplateMethod()" element="org.HdrHistogram.packedarray.AbstractPackedArrayContext::getAtByteIndex(int):byte" />
			<role name="TemplateMethod()" element="org.HdrHistogram.packedarray.AbstractPackedArrayContext::addAtByteIndex(int, byte):long" />
			<role name="TemplateMethod()" element="org.HdrHistogram.packedarray.AbstractPackedArrayContext::expandArrayIfNeeded(int):void" />
			<role name="TemplateMethod()" element="org.HdrHistogram.packedarray.AbstractPackedArrayContext::newEntry(int):int" />
			<role name="TemplateMethod()" element="org.HdrHistogram.packedarray.AbstractPackedArrayContext::newLeafEntry():int" />
			<role name="TemplateMethod()" element="org.HdrHistogram.packedarray.AbstractPackedArrayContext::populateEquivalentEntriesWithZerosFromOther(org.HdrHistogram.packedarray.AbstractPackedArrayContext):void" />
			<role name="TemplateMethod()" element="org.HdrHistogram.packedarray.AbstractPackedArrayContext::copyEntriesAtLevelFromOther(org.HdrHistogram.packedarray.AbstractPackedArrayContext, int, int, int):void" />
			<role name="TemplateMethod()" element="org.HdrHistogram.packedarray.AbstractPackedArrayContext::getPopulatedLongLength():int" />
			<role name="TemplateMethod()" element="org.HdrHistogram.packedarray.AbstractPackedArrayContext::getPopulatedByteLength():int" />
			<role name="TemplateMethod()" element="org.HdrHistogram.packedarray.AbstractPackedArrayContext::leafEntryToString(int, int):java.lang.String" />
			<role name="TemplateMethod()" element="org.HdrHistogram.packedarray.AbstractPackedArrayContext::toString():java.lang.String" />
		</instance>
		<instance>
			<role name="AbstractClass" element="org.HdrHistogram.packedarray.AbstractPackedLongArray" />
			<role name="TemplateMethod()" element="org.HdrHistogram.packedarray.AbstractPackedLongArray::get(int):long" />
			<role name="TemplateMethod()" element="org.HdrHistogram.packedarray.AbstractPackedLongArray::add(int, long):void" />
			<role name="TemplateMethod()" element="org.HdrHistogram.packedarray.AbstractPackedLongArray::set(int, long):void" />
			<role name="TemplateMethod()" element="org.HdrHistogram.packedarray.AbstractPackedLongArray::clear():void" />
		</instance>
	</pattern>
	<pattern name="Visitor" />
	<pattern name="Proxy">
		<instance>
			<role name="Proxy" element="org.HdrHistogram.DoubleHistogram" />
			<role name="RealSubject" element="org.HdrHistogram.AbstractHistogram" />
			<role name="Request()" element="org.HdrHistogram.DoubleHistogram::getStartTimeStamp():long" />
			<role name="Request()" element="org.HdrHistogram.DoubleHistogram::setStartTimeStamp(long):void" />
			<role name="Request()" element="org.HdrHistogram.DoubleHistogram::getEndTimeStamp():long" />
			<role name="Request()" element="org.HdrHistogram.DoubleHistogram::setEndTimeStamp(long):void" />
			<role name="Request()" element="org.HdrHistogram.DoubleHistogram::getTag():java.lang.String" />
			<role name="Request()" element="org.HdrHistogram.DoubleHistogram::setTag(java.lang.String):void" />
			<role name="Request()" element="org.HdrHistogram.DoubleHistogram::getNeededByteBufferCapacity():int" />
			<role name="Request()" element="org.HdrHistogram.DoubleHistogram::encodeIntoCompressedByteBuffer(java.nio.ByteBuffer, int):int" />
		</instance>
		<instance>
			<role name="Proxy" element="org.HdrHistogram.SingleWriterDoubleRecorder" />
			<role name="RealSubject" element="org.HdrHistogram.DoubleHistogram" />
			<role name="Request()" element="org.HdrHistogram.SingleWriterDoubleRecorder::recordValue(double):void" />
			<role name="Request()" element="org.HdrHistogram.SingleWriterDoubleRecorder::recordValueWithCount(double, long):void" />
			<role name="Request()" element="org.HdrHistogram.SingleWriterDoubleRecorder::recordValueWithExpectedInterval(double, double):void" />
		</instance>
	</pattern>
	<pattern name="Proxy2" />
	<pattern name="Chain of Responsibility" />
</system>

