<?xml version="1.0" encoding="UTF-8"?>
<system>
	<pattern name="Factory Method">
		<instance>
			<role name="Creator" element="org.apache.jackrabbit.core.data.CachingDataStore" />
			<role name="FactoryMethod()" element="org.apache.jackrabbit.core.data.CachingDataStore::createBackend():org.apache.jackrabbit.core.data.Backend" />
		</instance>
	</pattern>
	<pattern name="Prototype" />
	<pattern name="Singleton">
		<instance>
			<role name="Singleton" element="org.apache.jackrabbit.util.TransientFileFactory" />
			<role name="uniqueInstance" element="org.apache.jackrabbit.util.TransientFileFactory::INSTANCE:org.apache.jackrabbit.util.TransientFileFactory" />
		</instance>
		<instance>
			<role name="Singleton" element="org.apache.jackrabbit.commons.flat.TreeTraverser$ErrorHandler" />
			<role name="uniqueInstance" element="org.apache.jackrabbit.commons.flat.TreeTraverser$ErrorHandler::IGNORE:org.apache.jackrabbit.commons.flat.TreeTraverser$ErrorHandler" />
		</instance>
	</pattern>
	<pattern name="(Object)Adapter">
		<instance>
			<role name="Adaptee" element="org.apache.jackrabbit.core.fs.FileSystemResource" />
			<role name="Adapter" element="org.apache.jackrabbit.core.data.MultiDataStore" />
			<role name="adaptee" element="org.apache.jackrabbit.core.data.MultiDataStore::identifiersToDeleteFile:org.apache.jackrabbit.core.fs.FileSystemResource" />
			<role name="Request()" element="org.apache.jackrabbit.core.data.MultiDataStore::init(java.lang.String):void" />
		</instance>
		<instance>
			<role name="Adaptee" element="org.apache.jackrabbit.core.data.LocalCache" />
			<role name="Adapter" element="org.apache.jackrabbit.core.data.CachingDataStore" />
			<role name="adaptee" element="org.apache.jackrabbit.core.data.CachingDataStore::cache:org.apache.jackrabbit.core.data.LocalCache" />
			<role name="Request()" element="org.apache.jackrabbit.core.data.CachingDataStore::deleteRecord(org.apache.jackrabbit.core.data.DataIdentifier):void" />
		</instance>
		<instance>
			<role name="Adaptee" element="org.apache.jackrabbit.core.data.AsyncUploadCache" />
			<role name="Adapter" element="org.apache.jackrabbit.core.data.CachingDataStore" />
			<role name="adaptee" element="org.apache.jackrabbit.core.data.CachingDataStore::asyncWriteCache:org.apache.jackrabbit.core.data.AsyncUploadCache" />
			<role name="Request()" element="org.apache.jackrabbit.core.data.CachingDataStore::deleteRecord(org.apache.jackrabbit.core.data.DataIdentifier):void" />
			<role name="Request()" element="org.apache.jackrabbit.core.data.CachingDataStore::onSuccess(org.apache.jackrabbit.core.data.AsyncUploadResult):void" />
			<role name="Request()" element="org.apache.jackrabbit.core.data.CachingDataStore::onFailure(org.apache.jackrabbit.core.data.AsyncUploadResult):void" />
			<role name="Request()" element="org.apache.jackrabbit.core.data.CachingDataStore::onAbort(org.apache.jackrabbit.core.data.AsyncUploadResult):void" />
		</instance>
		<instance>
			<role name="Adaptee" element="org.apache.jackrabbit.core.data.Backend" />
			<role name="Adapter" element="org.apache.jackrabbit.core.data.CachingDataStore" />
			<role name="adaptee" element="org.apache.jackrabbit.core.data.CachingDataStore::backend:org.apache.jackrabbit.core.data.Backend" />
			<role name="Request()" element="org.apache.jackrabbit.core.data.CachingDataStore::deleteRecord(org.apache.jackrabbit.core.data.DataIdentifier):void" />
			<role name="Request()" element="org.apache.jackrabbit.core.data.CachingDataStore::onFailure(org.apache.jackrabbit.core.data.AsyncUploadResult):void" />
		</instance>
		<instance>
			<role name="Adaptee" element="org.apache.jackrabbit.core.fs.local.HandleMonitor" />
			<role name="Adapter" element="org.apache.jackrabbit.core.fs.local.LocalFileSystem" />
			<role name="adaptee" element="org.apache.jackrabbit.core.fs.local.LocalFileSystem::monitor:org.apache.jackrabbit.core.fs.local.HandleMonitor" />
			<role name="Request()" element="org.apache.jackrabbit.core.fs.local.LocalFileSystem::deleteFile(java.lang.String):void" />
			<role name="Request()" element="org.apache.jackrabbit.core.fs.local.LocalFileSystem::getInputStream(java.lang.String):java.io.InputStream" />
		</instance>
		<instance>
			<role name="Adaptee" element="org.apache.jackrabbit.stats.QueryStatImpl$BoundedPriorityBlockingQueue" />
			<role name="Adapter" element="org.apache.jackrabbit.stats.QueryStatImpl" />
			<role name="adaptee" element="org.apache.jackrabbit.stats.QueryStatImpl::slowQueries:org.apache.jackrabbit.stats.QueryStatImpl$BoundedPriorityBlockingQueue" />
			<role name="adaptee" element="org.apache.jackrabbit.stats.QueryStatImpl::popularQueries:org.apache.jackrabbit.stats.QueryStatImpl$BoundedPriorityBlockingQueue" />
			<role name="Request()" element="org.apache.jackrabbit.stats.QueryStatImpl::logQuery(java.lang.String, java.lang.String, long):void" />
		</instance>
		<instance>
			<role name="Adaptee" element="org.apache.jackrabbit.core.data.AbstractDataStore" />
			<role name="Adapter" element="org.apache.jackrabbit.core.data.AbstractDataRecord" />
			<role name="adaptee" element="org.apache.jackrabbit.core.data.AbstractDataRecord::store:org.apache.jackrabbit.core.data.AbstractDataStore" />
			<role name="Request()" element="org.apache.jackrabbit.core.data.AbstractDataRecord::getReference():java.lang.String" />
		</instance>
		<instance>
			<role name="Adaptee" element="org.apache.jackrabbit.core.util.db.ConnectionHelper" />
			<role name="Adapter" element="org.apache.jackrabbit.core.data.db.DbDataStore" />
			<role name="adaptee" element="org.apache.jackrabbit.core.data.db.DbDataStore::conHelper:org.apache.jackrabbit.core.util.db.ConnectionHelper" />
			<role name="Request()" element="org.apache.jackrabbit.core.data.db.DbDataStore::deleteRecord(org.apache.jackrabbit.core.data.DataIdentifier):void" />
		</instance>
	</pattern>
	<pattern name="Command" />
	<pattern name="Composite">
		<instance>
			<role name="Component" element="org.apache.jackrabbit.commons.query.GQL$Expression" />
			<role name="Composite" element="org.apache.jackrabbit.commons.query.GQL$NAryExpression" />
			<role name="Operation()" element="org.apache.jackrabbit.commons.query.GQL$NAryExpression::toString(java.lang.StringBuffer):void" />
		</instance>
	</pattern>
	<pattern name="Decorator">
		<instance>
			<role name="Component" element="org.apache.jackrabbit.core.data.DataStore" />
			<role name="Decorator" element="org.apache.jackrabbit.core.data.MultiDataStore" />
			<role name="component" element="org.apache.jackrabbit.core.data.MultiDataStore::primaryDataStore:org.apache.jackrabbit.core.data.DataStore" />
			<role name="component" element="org.apache.jackrabbit.core.data.MultiDataStore::archiveDataStore:org.apache.jackrabbit.core.data.DataStore" />
			<role name="Operation()" element="org.apache.jackrabbit.core.data.MultiDataStore::getRecordIfStored(org.apache.jackrabbit.core.data.DataIdentifier):org.apache.jackrabbit.core.data.DataRecord" />
			<role name="Operation()" element="org.apache.jackrabbit.core.data.MultiDataStore::getRecord(org.apache.jackrabbit.core.data.DataIdentifier):org.apache.jackrabbit.core.data.DataRecord" />
			<role name="Operation()" element="org.apache.jackrabbit.core.data.MultiDataStore::addRecord(java.io.InputStream):org.apache.jackrabbit.core.data.DataRecord" />
			<role name="Operation()" element="org.apache.jackrabbit.core.data.MultiDataStore::updateModifiedDateOnAccess(long):void" />
			<role name="Operation()" element="org.apache.jackrabbit.core.data.MultiDataStore::deleteAllOlderThan(long):int" />
			<role name="Operation()" element="org.apache.jackrabbit.core.data.MultiDataStore::getAllIdentifiers():java.util.Iterator" />
			<role name="Operation()" element="org.apache.jackrabbit.core.data.MultiDataStore::getRecordFromReference(java.lang.String):org.apache.jackrabbit.core.data.DataRecord" />
			<role name="Operation()" element="org.apache.jackrabbit.core.data.MultiDataStore::getMinRecordLength():int" />
			<role name="Operation()" element="org.apache.jackrabbit.core.data.MultiDataStore::close():void" />
			<role name="Operation()" element="org.apache.jackrabbit.core.data.MultiDataStore::clearInUse():void" />
		</instance>
		<instance>
			<role name="Component" element="org.apache.jackrabbit.core.fs.FileSystem" />
			<role name="Decorator" element="org.apache.jackrabbit.core.fs.BasedFileSystem" />
			<role name="component" element="org.apache.jackrabbit.core.fs.BasedFileSystem::fsBase:org.apache.jackrabbit.core.fs.FileSystem" />
			<role name="Operation()" element="org.apache.jackrabbit.core.fs.BasedFileSystem::createFolder(java.lang.String):void" />
			<role name="Operation()" element="org.apache.jackrabbit.core.fs.BasedFileSystem::deleteFile(java.lang.String):void" />
			<role name="Operation()" element="org.apache.jackrabbit.core.fs.BasedFileSystem::deleteFolder(java.lang.String):void" />
			<role name="Operation()" element="org.apache.jackrabbit.core.fs.BasedFileSystem::exists(java.lang.String):boolean" />
			<role name="Operation()" element="org.apache.jackrabbit.core.fs.BasedFileSystem::getInputStream(java.lang.String):java.io.InputStream" />
			<role name="Operation()" element="org.apache.jackrabbit.core.fs.BasedFileSystem::getOutputStream(java.lang.String):java.io.OutputStream" />
			<role name="Operation()" element="org.apache.jackrabbit.core.fs.BasedFileSystem::hasChildren(java.lang.String):boolean" />
			<role name="Operation()" element="org.apache.jackrabbit.core.fs.BasedFileSystem::isFile(java.lang.String):boolean" />
			<role name="Operation()" element="org.apache.jackrabbit.core.fs.BasedFileSystem::isFolder(java.lang.String):boolean" />
			<role name="Operation()" element="org.apache.jackrabbit.core.fs.BasedFileSystem::lastModified(java.lang.String):long" />
			<role name="Operation()" element="org.apache.jackrabbit.core.fs.BasedFileSystem::length(java.lang.String):long" />
			<role name="Operation()" element="org.apache.jackrabbit.core.fs.BasedFileSystem::list(java.lang.String):java.lang.String[]" />
			<role name="Operation()" element="org.apache.jackrabbit.core.fs.BasedFileSystem::listFiles(java.lang.String):java.lang.String[]" />
			<role name="Operation()" element="org.apache.jackrabbit.core.fs.BasedFileSystem::listFolders(java.lang.String):java.lang.String[]" />
		</instance>
	</pattern>
	<pattern name="Observer" />
	<pattern name="State">
		<instance>
			<role name="Context" element="org.apache.jackrabbit.commons.query.GQL" />
			<role name="State" element="org.apache.jackrabbit.commons.query.GQL$Expression" />
			<role name="state" element="org.apache.jackrabbit.commons.query.GQL::orderBy:org.apache.jackrabbit.commons.query.GQL$Expression" />
			<role name="Request()" element="org.apache.jackrabbit.commons.query.GQL::translateStatement():java.lang.String" />
		</instance>
		<instance>
			<role name="Context" element="org.apache.jackrabbit.data.core.TransactionContext" />
			<role name="State" element="org.apache.jackrabbit.data.core.InternalXAResource" />
			<role name="state" element="org.apache.jackrabbit.data.core.TransactionContext::resources:org.apache.jackrabbit.data.core.InternalXAResource[]" />
			<role name="Request()" element="org.apache.jackrabbit.data.core.TransactionContext::prepare():void" />
			<role name="Request()" element="org.apache.jackrabbit.data.core.TransactionContext::commit():void" />
			<role name="Request()" element="org.apache.jackrabbit.data.core.TransactionContext::rollback():void" />
			<role name="Request()" element="org.apache.jackrabbit.data.core.TransactionContext::beforeOperation():void" />
			<role name="Request()" element="org.apache.jackrabbit.data.core.TransactionContext::afterOperation():void" />
		</instance>
		<instance>
			<role name="Context" element="org.apache.jackrabbit.core.fs.FileSystemResource" />
			<role name="State" element="org.apache.jackrabbit.core.fs.FileSystem" />
			<role name="state" element="org.apache.jackrabbit.core.fs.FileSystemResource::fs:org.apache.jackrabbit.core.fs.FileSystem" />
			<role name="Request()" element="org.apache.jackrabbit.core.fs.FileSystemResource::makeParentDirs():void" />
			<role name="Request()" element="org.apache.jackrabbit.core.fs.FileSystemResource::delete(boolean):void" />
			<role name="Request()" element="org.apache.jackrabbit.core.fs.FileSystemResource::exists():boolean" />
			<role name="Request()" element="org.apache.jackrabbit.core.fs.FileSystemResource::getInputStream():java.io.InputStream" />
			<role name="Request()" element="org.apache.jackrabbit.core.fs.FileSystemResource::spool(java.io.OutputStream):void" />
			<role name="Request()" element="org.apache.jackrabbit.core.fs.FileSystemResource::getOutputStream():java.io.OutputStream" />
			<role name="Request()" element="org.apache.jackrabbit.core.fs.FileSystemResource::lastModified():long" />
			<role name="Request()" element="org.apache.jackrabbit.core.fs.FileSystemResource::length():long" />
		</instance>
		<instance>
			<role name="Context" element="org.apache.jackrabbit.commons.json.JsonParser" />
			<role name="State" element="org.apache.jackrabbit.commons.json.JsonHandler" />
			<role name="state" element="org.apache.jackrabbit.commons.json.JsonParser::handler:org.apache.jackrabbit.commons.json.JsonHandler" />
			<role name="Request()" element="org.apache.jackrabbit.commons.json.JsonParser::parse(java.io.Reader):void" />
			<role name="Request()" element="org.apache.jackrabbit.commons.json.JsonParser::resetValue(java.lang.StringBuffer):java.lang.StringBuffer" />
		</instance>
		<instance>
			<role name="Context" element="org.apache.jackrabbit.test.RepositoryHelper" />
			<role name="State" element="org.apache.jackrabbit.test.RepositoryStub" />
			<role name="state" element="org.apache.jackrabbit.test.RepositoryHelper::repoStub:org.apache.jackrabbit.test.RepositoryStub" />
			<role name="Request()" element="org.apache.jackrabbit.test.RepositoryHelper::getRepository():javax.jcr.Repository" />
			<role name="Request()" element="org.apache.jackrabbit.test.RepositoryHelper::getKnownPrincipal(javax.jcr.Session):java.security.Principal" />
			<role name="Request()" element="org.apache.jackrabbit.test.RepositoryHelper::getUnknownPrincipal(javax.jcr.Session):java.security.Principal" />
		</instance>
		<instance>
			<role name="State" element="org.apache.jackrabbit.commons.predicate.Predicate" />
			<role name="Context" element="org.apache.jackrabbit.commons.iterator.FilterIterator" />
			<role name="state" element="org.apache.jackrabbit.commons.iterator.FilterIterator::predicate:org.apache.jackrabbit.commons.predicate.Predicate" />
			<role name="Request()" element="org.apache.jackrabbit.commons.iterator.FilterIterator::hasNext():boolean" />
		</instance>
		<instance>
			<role name="State" element="org.apache.jackrabbit.commons.predicate.Predicate" />
			<role name="Context" element="org.apache.jackrabbit.commons.iterator.FilteredRangeIterator" />
			<role name="state" element="org.apache.jackrabbit.commons.iterator.FilteredRangeIterator::predicate:org.apache.jackrabbit.commons.predicate.Predicate" />
			<role name="Request()" element="org.apache.jackrabbit.commons.iterator.FilteredRangeIterator::fetch():void" />
		</instance>
		<instance>
			<role name="State" element="org.apache.jackrabbit.commons.predicate.Predicate" />
			<role name="Context" element="org.apache.jackrabbit.commons.iterator.FilteringNodeIterator" />
			<role name="state" element="org.apache.jackrabbit.commons.iterator.FilteringNodeIterator::filter:org.apache.jackrabbit.commons.predicate.Predicate" />
			<role name="Request()" element="org.apache.jackrabbit.commons.iterator.FilteringNodeIterator::seekNext():javax.jcr.Node" />
		</instance>
		<instance>
			<role name="State" element="org.apache.jackrabbit.commons.predicate.Predicate" />
			<role name="Context" element="org.apache.jackrabbit.commons.packaging.FilterContentPackage$FilteringIterator" />
			<role name="state" element="org.apache.jackrabbit.commons.packaging.FilterContentPackage$FilteringIterator::includeFilter:org.apache.jackrabbit.commons.predicate.Predicate" />
			<role name="Request()" element="org.apache.jackrabbit.commons.packaging.FilterContentPackage$FilteringIterator::checkForNextNode():boolean" />
		</instance>
		<instance>
			<role name="Context" element="org.apache.jackrabbit.commons.cnd.CompactNodeTypeDefReader" />
			<role name="State" element="org.apache.jackrabbit.commons.cnd.DefinitionBuilderFactory" />
			<role name="state" element="org.apache.jackrabbit.commons.cnd.CompactNodeTypeDefReader::factory:org.apache.jackrabbit.commons.cnd.DefinitionBuilderFactory" />
			<role name="Request()" element="org.apache.jackrabbit.commons.cnd.CompactNodeTypeDefReader::getNamespaceMapping():java.lang.Object" />
			<role name="Request()" element="org.apache.jackrabbit.commons.cnd.CompactNodeTypeDefReader::parse():void" />
			<role name="Request()" element="org.apache.jackrabbit.commons.cnd.CompactNodeTypeDefReader::doNameSpace():boolean" />
		</instance>
		<instance>
			<role name="Context" element="org.apache.jackrabbit.commons.repository.ProxyRepository" />
			<role name="State" element="org.apache.jackrabbit.commons.repository.RepositoryFactory" />
			<role name="state" element="org.apache.jackrabbit.commons.repository.ProxyRepository::factory:org.apache.jackrabbit.commons.repository.RepositoryFactory" />
			<role name="Request()" element="org.apache.jackrabbit.commons.repository.ProxyRepository::getRepository():javax.jcr.Repository" />
		</instance>
		<instance>
			<role name="Context" element="org.apache.jackrabbit.commons.cnd.CompactNodeTypeDefWriter" />
			<role name="State" element="org.apache.jackrabbit.commons.cnd.CompactNodeTypeDefWriter$NamespaceMapping" />
			<role name="state" element="org.apache.jackrabbit.commons.cnd.CompactNodeTypeDefWriter::nsMapping:org.apache.jackrabbit.commons.cnd.CompactNodeTypeDefWriter$NamespaceMapping" />
			<role name="Request()" element="org.apache.jackrabbit.commons.cnd.CompactNodeTypeDefWriter::writeNamespaceDeclaration(java.lang.String):void" />
		</instance>
		<instance>
			<role name="Context" element="org.apache.jackrabbit.commons.flat.TreeTraverser" />
			<role name="State" element="org.apache.jackrabbit.commons.flat.TreeTraverser$ErrorHandler" />
			<role name="state" element="org.apache.jackrabbit.commons.flat.TreeTraverser::errorHandler:org.apache.jackrabbit.commons.flat.TreeTraverser$ErrorHandler" />
			<role name="Request()" element="org.apache.jackrabbit.commons.flat.TreeTraverser::childIterators(javax.jcr.Node):java.util.Iterator" />
		</instance>
		<instance>
			<role name="Context" element="org.apache.jackrabbit.commons.flat.TreeTraverser" />
			<role name="State" element="org.apache.jackrabbit.commons.flat.TreeTraverser$InclusionPolicy" />
			<role name="state" element="org.apache.jackrabbit.commons.flat.TreeTraverser::inclusionPolicy:org.apache.jackrabbit.commons.flat.TreeTraverser$InclusionPolicy" />
			<role name="Request()" element="org.apache.jackrabbit.commons.flat.TreeTraverser::iterator(javax.jcr.Node):java.util.Iterator" />
		</instance>
	</pattern>
	<pattern name="Strategy" />
	<pattern name="Bridge">
		<instance>
			<role name="Abstraction" element="org.apache.jackrabbit.core.data.CachingDataStore" />
			<role name="Implementor" element="org.apache.jackrabbit.core.data.Backend" />
			<role name="implementor" element="org.apache.jackrabbit.core.data.CachingDataStore::backend:org.apache.jackrabbit.core.data.Backend" />
			<role name="Operation()" element="org.apache.jackrabbit.core.data.CachingDataStore::init(java.lang.String):void" />
			<role name="Operation()" element="org.apache.jackrabbit.core.data.CachingDataStore::addRecord(java.io.InputStream):org.apache.jackrabbit.core.data.DataRecord" />
			<role name="Operation()" element="org.apache.jackrabbit.core.data.CachingDataStore::getRecordIfStored(org.apache.jackrabbit.core.data.DataIdentifier):org.apache.jackrabbit.core.data.DataRecord" />
			<role name="Operation()" element="org.apache.jackrabbit.core.data.CachingDataStore::getAllIdentifiers():java.util.Iterator" />
			<role name="Operation()" element="org.apache.jackrabbit.core.data.CachingDataStore::deleteRecord(org.apache.jackrabbit.core.data.DataIdentifier):void" />
			<role name="Operation()" element="org.apache.jackrabbit.core.data.CachingDataStore::deleteAllOlderThan(long):int" />
			<role name="Operation()" element="org.apache.jackrabbit.core.data.CachingDataStore::getStream(org.apache.jackrabbit.core.data.DataIdentifier):java.io.InputStream" />
			<role name="Operation()" element="org.apache.jackrabbit.core.data.CachingDataStore::getLastModified(org.apache.jackrabbit.core.data.DataIdentifier):long" />
			<role name="Operation()" element="org.apache.jackrabbit.core.data.CachingDataStore::getLength(org.apache.jackrabbit.core.data.DataIdentifier):long" />
			<role name="Operation()" element="org.apache.jackrabbit.core.data.CachingDataStore::onFailure(org.apache.jackrabbit.core.data.AsyncUploadResult):void" />
			<role name="Operation()" element="org.apache.jackrabbit.core.data.CachingDataStore::touchInternal(org.apache.jackrabbit.core.data.DataIdentifier):void" />
			<role name="Operation()" element="org.apache.jackrabbit.core.data.CachingDataStore::uploadFileToBackEnd(java.io.File, boolean):void" />
			<role name="Operation()" element="org.apache.jackrabbit.core.data.CachingDataStore::close():void" />
		</instance>
		<instance>
			<role name="Abstraction" element="org.apache.jackrabbit.commons.flat.ItemSequence" />
			<role name="Implementor" element="org.apache.jackrabbit.commons.flat.TreeManager" />
			<role name="implementor" element="org.apache.jackrabbit.commons.flat.ItemSequence::treeManager:org.apache.jackrabbit.commons.flat.TreeManager" />
			<role name="Operation()" element="org.apache.jackrabbit.commons.flat.ItemSequence::getPredecessor(javax.jcr.Node, java.lang.String):javax.jcr.Node" />
			<role name="Operation()" element="org.apache.jackrabbit.commons.flat.ItemSequence::getSuccessor(javax.jcr.Node, java.lang.String):javax.jcr.Node" />
			<role name="Operation()" element="org.apache.jackrabbit.commons.flat.ItemSequence::getMinimal(javax.jcr.Node):javax.jcr.Node" />
			<role name="Operation()" element="org.apache.jackrabbit.commons.flat.ItemSequence::renamePath(javax.jcr.Node, java.lang.String):void" />
		</instance>
		<instance>
			<role name="Abstraction" element="org.apache.jackrabbit.commons.visitor.FilteringItemVisitor" />
			<role name="Implementor" element="org.apache.jackrabbit.commons.predicate.Predicate" />
			<role name="implementor" element="org.apache.jackrabbit.commons.visitor.FilteringItemVisitor::includePredicate:org.apache.jackrabbit.commons.predicate.Predicate" />
			<role name="implementor" element="org.apache.jackrabbit.commons.visitor.FilteringItemVisitor::traversalPredicate:org.apache.jackrabbit.commons.predicate.Predicate" />
			<role name="Operation()" element="org.apache.jackrabbit.commons.visitor.FilteringItemVisitor::visit(javax.jcr.Property):void" />
			<role name="Operation()" element="org.apache.jackrabbit.commons.visitor.FilteringItemVisitor::visit(javax.jcr.Node):void" />
		</instance>
		<instance>
			<role name="Abstraction" element="org.apache.jackrabbit.test.AbstractJCRTest" />
			<role name="Implementor" element="org.apache.jackrabbit.test.RepositoryHelperPool" />
			<role name="implementor" element="org.apache.jackrabbit.test.AbstractJCRTest::HELPER_POOL:org.apache.jackrabbit.test.RepositoryHelperPool" />
			<role name="Operation()" element="org.apache.jackrabbit.test.AbstractJCRTest::run(junit.framework.TestResult):void" />
		</instance>
	</pattern>
	<pattern name="Template Method">
		<instance>
			<role name="AbstractClass" element="org.apache.jackrabbit.commons.iterator.AbstractLazyIterator" />
			<role name="TemplateMethod()" element="org.apache.jackrabbit.commons.iterator.AbstractLazyIterator::hasNext():boolean" />
			<role name="TemplateMethod()" element="org.apache.jackrabbit.commons.iterator.AbstractLazyIterator::next():java.lang.Object" />
		</instance>
		<instance>
			<role name="AbstractClass" element="org.apache.jackrabbit.test.api.lock.AbstractLockTest" />
			<role name="TemplateMethod()" element="org.apache.jackrabbit.test.api.lock.AbstractLockTest::setUp():void" />
			<role name="TemplateMethod()" element="org.apache.jackrabbit.test.api.lock.AbstractLockTest::testIsDeep():void" />
			<role name="TemplateMethod()" element="org.apache.jackrabbit.test.api.lock.AbstractLockTest::testIsSessionScoped():void" />
			<role name="TemplateMethod()" element="org.apache.jackrabbit.test.api.lock.AbstractLockTest::testLockExpiration():void" />
			<role name="TemplateMethod()" element="org.apache.jackrabbit.test.api.lock.AbstractLockTest::testOwnerHint():void" />
			<role name="TemplateMethod()" element="org.apache.jackrabbit.test.api.lock.AbstractLockTest::testIsLockedChild():void" />
			<role name="TemplateMethod()" element="org.apache.jackrabbit.test.api.lock.AbstractLockTest::testIsLockedNewChild():void" />
			<role name="TemplateMethod()" element="org.apache.jackrabbit.test.api.lock.AbstractLockTest::testGetLockOnChild():void" />
			<role name="TemplateMethod()" element="org.apache.jackrabbit.test.api.lock.AbstractLockTest::testGetLockOnNewChild():void" />
		</instance>
		<instance>
			<role name="AbstractClass" element="org.apache.jackrabbit.test.api.version.AbstractMergeTest" />
			<role name="TemplateMethod()" element="org.apache.jackrabbit.test.api.version.AbstractMergeTest::setUp():void" />
		</instance>
		<instance>
			<role name="AbstractClass" element="org.apache.jackrabbit.test.api.AbstractPropertyTest" />
			<role name="TemplateMethod()" element="org.apache.jackrabbit.test.api.AbstractPropertyTest::setUp():void" />
		</instance>
		<instance>
			<role name="AbstractClass" element="org.apache.jackrabbit.value.AbstractValueFactory" />
			<role name="TemplateMethod()" element="org.apache.jackrabbit.value.AbstractValueFactory::createValue(java.lang.String, int):javax.jcr.Value" />
		</instance>
		<instance>
			<role name="AbstractClass" element="org.apache.jackrabbit.value.BaseValue" />
			<role name="TemplateMethod()" element="org.apache.jackrabbit.value.BaseValue::getDate():java.util.Calendar" />
			<role name="TemplateMethod()" element="org.apache.jackrabbit.value.BaseValue::getLong():long" />
			<role name="TemplateMethod()" element="org.apache.jackrabbit.value.BaseValue::getBoolean():boolean" />
			<role name="TemplateMethod()" element="org.apache.jackrabbit.value.BaseValue::getDouble():double" />
			<role name="TemplateMethod()" element="org.apache.jackrabbit.value.BaseValue::getDecimal():java.math.BigDecimal" />
			<role name="TemplateMethod()" element="org.apache.jackrabbit.value.BaseValue::getStream():java.io.InputStream" />
			<role name="TemplateMethod()" element="org.apache.jackrabbit.value.BaseValue::getBinary():javax.jcr.Binary" />
			<role name="TemplateMethod()" element="org.apache.jackrabbit.value.BaseValue::getString():java.lang.String" />
		</instance>
		<instance>
			<role name="AbstractClass" element="org.apache.jackrabbit.core.data.CachingDataStore" />
			<role name="TemplateMethod()" element="org.apache.jackrabbit.core.data.CachingDataStore::init(java.lang.String):void" />
		</instance>
		<instance>
			<role name="AbstractClass" element="org.apache.jackrabbit.core.util.db.ConnectionHelper$RetryManager" />
			<role name="TemplateMethod()" element="org.apache.jackrabbit.core.util.db.ConnectionHelper$RetryManager::doTry():java.lang.Object" />
		</instance>
		<instance>
			<role name="AbstractClass" element="org.apache.jackrabbit.commons.xml.Exporter" />
			<role name="TemplateMethod()" element="org.apache.jackrabbit.commons.xml.Exporter::exportProperties(javax.jcr.Node):void" />
			<role name="TemplateMethod()" element="org.apache.jackrabbit.commons.xml.Exporter::exportNode(javax.jcr.Node):void" />
			<role name="TemplateMethod()" element="org.apache.jackrabbit.commons.xml.Exporter::exportProperty(java.lang.String, javax.jcr.Property):void" />
		</instance>
		<instance>
			<role name="AbstractClass" element="org.apache.jackrabbit.commons.visitor.FilteringItemVisitor" />
			<role name="TemplateMethod()" element="org.apache.jackrabbit.commons.visitor.FilteringItemVisitor::visit(javax.jcr.Property):void" />
			<role name="TemplateMethod()" element="org.apache.jackrabbit.commons.visitor.FilteringItemVisitor::visit(javax.jcr.Node):void" />
		</instance>
		<instance>
			<role name="AbstractClass" element="org.apache.jackrabbit.commons.query.GQL$NAryExpression" />
			<role name="TemplateMethod()" element="org.apache.jackrabbit.commons.query.GQL$NAryExpression::toString(java.lang.StringBuffer):void" />
		</instance>
		<instance>
			<role name="AbstractClass" element="org.apache.jackrabbit.util.Locked" />
			<role name="TemplateMethod()" element="org.apache.jackrabbit.util.Locked::runAndUnlock(javax.jcr.lock.Lock):java.lang.Object" />
		</instance>
	</pattern>
	<pattern name="Visitor" />
	<pattern name="Proxy" />
	<pattern name="Proxy2" />
	<pattern name="Chain of Responsibility" />
</system>

