<?xml version="1.0" encoding="UTF-8"?>
<system>
	<pattern name="Factory Method" />
	<pattern name="Prototype" />
	<pattern name="Singleton" />
	<pattern name="(Object)Adapter">
		<instance>
			<role name="Adaptee" element="org.joedayz.corespringtest.dao.ProductDao" />
			<role name="Adapter" element="org.joedayz.corespringtest.service.impl.ProductManagerImpl" />
			<role name="adaptee" element="org.joedayz.corespringtest.service.impl.ProductManagerImpl::productDao:org.joedayz.corespringtest.dao.ProductDao" />
			<role name="Request()" element="org.joedayz.corespringtest.service.impl.ProductManagerImpl::deleteProduct(java.lang.Integer):void" />
			<role name="Request()" element="org.joedayz.corespringtest.service.impl.ProductManagerImpl::getProductById(java.lang.Integer):org.joedayz.corespringtest.model.Product" />
			<role name="Request()" element="org.joedayz.corespringtest.service.impl.ProductManagerImpl::getProductsList(org.joedayz.corespringtest.model.Product):java.util.List" />
			<role name="Request()" element="org.joedayz.corespringtest.service.impl.ProductManagerImpl::saveProduct(org.joedayz.corespringtest.model.Product):void" />
			<role name="Request()" element="org.joedayz.corespringtest.service.impl.ProductManagerImpl::getCategoriesTypesList():java.util.List" />
			<role name="Request()" element="org.joedayz.corespringtest.service.impl.ProductManagerImpl::isRepeatDescription(java.lang.String, java.lang.Integer):boolean" />
		</instance>
		<instance>
			<role name="Adaptee" element="com.joedayz.corespringtest.dao.PostDao" />
			<role name="Adapter" element="com.joedayz.corespringtest.service.impl.PostServiceImpl" />
			<role name="adaptee" element="com.joedayz.corespringtest.service.impl.PostServiceImpl::postDao:com.joedayz.corespringtest.dao.PostDao" />
			<role name="Request()" element="com.joedayz.corespringtest.service.impl.PostServiceImpl::listarTodosLosPostPorTema(java.lang.Long):java.util.List" />
			<role name="Request()" element="com.joedayz.corespringtest.service.impl.PostServiceImpl::guardarPost(com.joedayz.corespringtest.domain.Post):void" />
			<role name="Request()" element="com.joedayz.corespringtest.service.impl.PostServiceImpl::obtenerPost(java.lang.Long):com.joedayz.corespringtest.domain.Post" />
		</instance>
		<instance>
			<role name="Adaptee" element="com.springinaction.knights.Quest" />
			<role name="Adapter" element="com.springinaction.knights.BraveKnight" />
			<role name="adaptee" element="com.springinaction.knights.BraveKnight::quest:com.springinaction.knights.Quest" />
			<role name="Request()" element="com.springinaction.knights.BraveKnight::embarkOnQuest():void" />
		</instance>
		<instance>
			<role name="Adaptee" element="com.springinaction.knights.RescueDamselQuest" />
			<role name="Adapter" element="com.springinaction.knights.DamselRescuingKnight" />
			<role name="adaptee" element="com.springinaction.knights.DamselRescuingKnight::quest:com.springinaction.knights.RescueDamselQuest" />
			<role name="Request()" element="com.springinaction.knights.DamselRescuingKnight::embarkOnQuest():void" />
		</instance>
		<instance>
			<role name="Adaptee" element="com.joedayz.corespringtest.dao.ComentarioDao" />
			<role name="Adapter" element="com.joedayz.corespringtest.service.impl.ComentarioServiceImpl" />
			<role name="adaptee" element="com.joedayz.corespringtest.service.impl.ComentarioServiceImpl::comentarioDao:com.joedayz.corespringtest.dao.ComentarioDao" />
			<role name="Request()" element="com.joedayz.corespringtest.service.impl.ComentarioServiceImpl::listarTodosLosComentariosPorPost(java.lang.Long):java.util.List" />
			<role name="Request()" element="com.joedayz.corespringtest.service.impl.ComentarioServiceImpl::guardarComentario(com.joedayz.corespringtest.domain.Comentario):void" />
		</instance>
		<instance>
			<role name="Adaptee" element="com.joedayz.corespringtest.dao.TemaDao" />
			<role name="Adapter" element="com.joedayz.corespringtest.service.impl.TemaServiceImpl" />
			<role name="adaptee" element="com.joedayz.corespringtest.service.impl.TemaServiceImpl::temaDao:com.joedayz.corespringtest.dao.TemaDao" />
			<role name="Request()" element="com.joedayz.corespringtest.service.impl.TemaServiceImpl::listarTodosLosTemas():java.util.List" />
			<role name="Request()" element="com.joedayz.corespringtest.service.impl.TemaServiceImpl::obtenerTema(java.lang.Long):com.joedayz.corespringtest.domain.Tema" />
		</instance>
		<instance>
			<role name="Adaptee" element="com.mycompany.superman.SuperPoder" />
			<role name="Adapter" element="com.mycompany.superman.Superman" />
			<role name="adaptee" element="com.mycompany.superman.Superman::superPoder:com.mycompany.superman.SuperPoder" />
			<role name="Request()" element="com.mycompany.superman.Superman::doSuperCosas():void" />
		</instance>
		<instance>
			<role name="Adaptee" element="rewards.internal.account.AccountRepository" />
			<role name="Adapter" element="rewards.internal.RewardNetworkImpl" />
			<role name="adaptee" element="rewards.internal.RewardNetworkImpl::accountRepository:rewards.internal.account.AccountRepository" />
			<role name="Request()" element="rewards.internal.RewardNetworkImpl::rewardAccountFor(rewards.Dining):rewards.RewardConfirmation" />
		</instance>
		<instance>
			<role name="Adaptee" element="rewards.internal.restaurant.RestaurantRepository" />
			<role name="Adapter" element="rewards.internal.RewardNetworkImpl" />
			<role name="adaptee" element="rewards.internal.RewardNetworkImpl::restaurantRepository:rewards.internal.restaurant.RestaurantRepository" />
			<role name="Request()" element="rewards.internal.RewardNetworkImpl::rewardAccountFor(rewards.Dining):rewards.RewardConfirmation" />
		</instance>
		<instance>
			<role name="Adaptee" element="rewards.internal.reward.RewardRepository" />
			<role name="Adapter" element="rewards.internal.RewardNetworkImpl" />
			<role name="adaptee" element="rewards.internal.RewardNetworkImpl::rewardRepository:rewards.internal.reward.RewardRepository" />
			<role name="Request()" element="rewards.internal.RewardNetworkImpl::rewardAccountFor(rewards.Dining):rewards.RewardConfirmation" />
		</instance>
	</pattern>
	<pattern name="Command" />
	<pattern name="Composite" />
	<pattern name="Decorator" />
	<pattern name="Observer" />
	<pattern name="State">
		<instance>
			<role name="State" element="accounts.AccountManager" />
			<role name="Context" element="accounts.web.EditAccountController" />
			<role name="state" element="accounts.web.EditAccountController::accountManager:accounts.AccountManager" />
			<role name="Request()" element="accounts.web.EditAccountController::setupForm(java.lang.Long):accounts.Account" />
			<role name="Request()" element="accounts.web.EditAccountController::onSubmit(accounts.Account, org.springframework.validation.BindingResult, org.springframework.web.bind.support.SessionStatus):java.lang.String" />
		</instance>
		<instance>
			<role name="State" element="accounts.AccountManager" />
			<role name="Context" element="accounts.web.AccountController" />
			<role name="state" element="accounts.web.AccountController::accountManager:accounts.AccountManager" />
			<role name="Request()" element="accounts.web.AccountController::accountSummary():java.util.List" />
			<role name="Request()" element="accounts.web.AccountController::accountSummaryDisplayTag():java.util.List" />
			<role name="Request()" element="accounts.web.AccountController::accountDetails(long):accounts.Account" />
		</instance>
		<instance>
			<role name="State" element="accounts.AccountManager" />
			<role name="Context" element="accounts.web.AccountValidator" />
			<role name="state" element="accounts.web.AccountValidator::accountManager:accounts.AccountManager" />
			<role name="Request()" element="accounts.web.AccountValidator::validate(java.lang.Object, org.springframework.validation.Errors):void" />
		</instance>
		<instance>
			<role name="State" element="accounts.AccountManager" />
			<role name="Context" element="accounts.web.ReportPoiController" />
			<role name="state" element="accounts.web.ReportPoiController::accountManager:accounts.AccountManager" />
			<role name="Request()" element="accounts.web.ReportPoiController::generateExcelPoiReport(javax.servlet.http.HttpServletResponse):void" />
		</instance>
		<instance>
			<role name="Context" element="rewards.ws.RewardNetworkEndpoint" />
			<role name="State" element="rewards.RewardNetwork" />
			<role name="state" element="rewards.ws.RewardNetworkEndpoint::rewardNetwork:rewards.RewardNetwork" />
			<role name="Request()" element="rewards.ws.RewardNetworkEndpoint::invokeInternal(org.w3c.dom.Element, org.w3c.dom.Document):org.w3c.dom.Element" />
		</instance>
		<instance>
			<role name="Context" element="accounts.web.EditBeneficiariesController" />
			<role name="State" element="accounts.BeneficiaryManager" />
			<role name="state" element="accounts.web.EditBeneficiariesController::beneficiaryManager:accounts.BeneficiaryManager" />
			<role name="Request()" element="accounts.web.EditBeneficiariesController::setupForm(java.lang.Long):accounts.Account" />
		</instance>
		<instance>
			<role name="Context" element="org.joedayz.corespringtest.service.impl.ProductManagerImpl" />
			<role name="State" element="org.joedayz.corespringtest.dao.ProductDao" />
			<role name="state" element="org.joedayz.corespringtest.service.impl.ProductManagerImpl::productDao:org.joedayz.corespringtest.dao.ProductDao" />
			<role name="Request()" element="org.joedayz.corespringtest.service.impl.ProductManagerImpl::deleteProduct(java.lang.Integer):void" />
			<role name="Request()" element="org.joedayz.corespringtest.service.impl.ProductManagerImpl::getProductById(java.lang.Integer):org.joedayz.corespringtest.model.Product" />
			<role name="Request()" element="org.joedayz.corespringtest.service.impl.ProductManagerImpl::getProductsList(org.joedayz.corespringtest.model.Product):java.util.List" />
			<role name="Request()" element="org.joedayz.corespringtest.service.impl.ProductManagerImpl::saveProduct(org.joedayz.corespringtest.model.Product):void" />
			<role name="Request()" element="org.joedayz.corespringtest.service.impl.ProductManagerImpl::getCategoriesTypesList():java.util.List" />
			<role name="Request()" element="org.joedayz.corespringtest.service.impl.ProductManagerImpl::isRepeatDescription(java.lang.String, java.lang.Integer):boolean" />
		</instance>
		<instance>
			<role name="State" element="org.joedayz.corespringtest.service.ProductManager" />
			<role name="Context" element="org.joedayz.corespringtest.web.controller.ProductController" />
			<role name="state" element="org.joedayz.corespringtest.web.controller.ProductController::productManager:org.joedayz.corespringtest.service.ProductManager" />
			<role name="Request()" element="org.joedayz.corespringtest.web.controller.ProductController::productList(org.springframework.ui.Model, org.joedayz.corespringtest.model.Product):void" />
			<role name="Request()" element="org.joedayz.corespringtest.web.controller.ProductController::productView(java.lang.Integer):org.joedayz.corespringtest.model.Product" />
			<role name="Request()" element="org.joedayz.corespringtest.web.controller.ProductController::saveProduct(org.joedayz.corespringtest.model.Product, org.springframework.validation.BindingResult, org.springframework.web.bind.support.SessionStatus):java.lang.String" />
			<role name="Request()" element="org.joedayz.corespringtest.web.controller.ProductController::deleteProduct(java.lang.Integer):java.lang.String" />
			<role name="Request()" element="org.joedayz.corespringtest.web.controller.ProductController::listarCategories():java.util.List" />
		</instance>
		<instance>
			<role name="State" element="org.joedayz.corespringtest.service.ProductManager" />
			<role name="Context" element="org.joedayz.corespringtest.web.validator.ProductValidator" />
			<role name="state" element="org.joedayz.corespringtest.web.validator.ProductValidator::productManager:org.joedayz.corespringtest.service.ProductManager" />
			<role name="Request()" element="org.joedayz.corespringtest.web.validator.ProductValidator::validate(java.lang.Object, org.springframework.validation.Errors):void" />
		</instance>
		<instance>
			<role name="Context" element="com.joedayz.corespringtest.service.impl.PostServiceImpl" />
			<role name="State" element="com.joedayz.corespringtest.dao.PostDao" />
			<role name="state" element="com.joedayz.corespringtest.service.impl.PostServiceImpl::postDao:com.joedayz.corespringtest.dao.PostDao" />
			<role name="Request()" element="com.joedayz.corespringtest.service.impl.PostServiceImpl::listarTodosLosPostPorTema(java.lang.Long):java.util.List" />
			<role name="Request()" element="com.joedayz.corespringtest.service.impl.PostServiceImpl::guardarPost(com.joedayz.corespringtest.domain.Post):void" />
			<role name="Request()" element="com.joedayz.corespringtest.service.impl.PostServiceImpl::obtenerPost(java.lang.Long):com.joedayz.corespringtest.domain.Post" />
		</instance>
		<instance>
			<role name="Context" element="com.springinaction.knights.BraveKnight" />
			<role name="State" element="com.springinaction.knights.Quest" />
			<role name="state" element="com.springinaction.knights.BraveKnight::quest:com.springinaction.knights.Quest" />
			<role name="Request()" element="com.springinaction.knights.BraveKnight::embarkOnQuest():void" />
		</instance>
		<instance>
			<role name="Context" element="com.joedayz.corespringtest.service.impl.ComentarioServiceImpl" />
			<role name="State" element="com.joedayz.corespringtest.dao.ComentarioDao" />
			<role name="state" element="com.joedayz.corespringtest.service.impl.ComentarioServiceImpl::comentarioDao:com.joedayz.corespringtest.dao.ComentarioDao" />
			<role name="Request()" element="com.joedayz.corespringtest.service.impl.ComentarioServiceImpl::listarTodosLosComentariosPorPost(java.lang.Long):java.util.List" />
			<role name="Request()" element="com.joedayz.corespringtest.service.impl.ComentarioServiceImpl::guardarComentario(com.joedayz.corespringtest.domain.Comentario):void" />
		</instance>
		<instance>
			<role name="Context" element="com.joedayz.corespringtest.service.impl.TemaServiceImpl" />
			<role name="State" element="com.joedayz.corespringtest.dao.TemaDao" />
			<role name="state" element="com.joedayz.corespringtest.service.impl.TemaServiceImpl::temaDao:com.joedayz.corespringtest.dao.TemaDao" />
			<role name="Request()" element="com.joedayz.corespringtest.service.impl.TemaServiceImpl::listarTodosLosTemas():java.util.List" />
			<role name="Request()" element="com.joedayz.corespringtest.service.impl.TemaServiceImpl::obtenerTema(java.lang.Long):com.joedayz.corespringtest.domain.Tema" />
		</instance>
		<instance>
			<role name="Context" element="com.joedayz.corespringtest.web.ComentarioController" />
			<role name="State" element="com.joedayz.corespringtest.service.ComentarioService" />
			<role name="state" element="com.joedayz.corespringtest.web.ComentarioController::comentarioService:com.joedayz.corespringtest.service.ComentarioService" />
			<role name="Request()" element="com.joedayz.corespringtest.web.ComentarioController::verPost(java.lang.Long, org.springframework.ui.Model):com.joedayz.corespringtest.domain.Comentario" />
			<role name="Request()" element="com.joedayz.corespringtest.web.ComentarioController::guardarComentario(com.joedayz.corespringtest.domain.Comentario, org.springframework.validation.BindingResult, org.springframework.ui.Model):java.lang.String" />
		</instance>
		<instance>
			<role name="Context" element="com.joedayz.corespringtest.web.BlogController" />
			<role name="State" element="com.joedayz.corespringtest.service.PostService" />
			<role name="state" element="com.joedayz.corespringtest.web.BlogController::postService:com.joedayz.corespringtest.service.PostService" />
			<role name="Request()" element="com.joedayz.corespringtest.web.BlogController::mostrarPosts(java.lang.Long, org.springframework.ui.Model):void" />
		</instance>
		<instance>
			<role name="Context" element="com.joedayz.corespringtest.web.ComentarioController" />
			<role name="State" element="com.joedayz.corespringtest.service.PostService" />
			<role name="state" element="com.joedayz.corespringtest.web.ComentarioController::postService:com.joedayz.corespringtest.service.PostService" />
			<role name="Request()" element="com.joedayz.corespringtest.web.ComentarioController::verPost(java.lang.Long, org.springframework.ui.Model):com.joedayz.corespringtest.domain.Comentario" />
			<role name="Request()" element="com.joedayz.corespringtest.web.ComentarioController::guardarComentario(com.joedayz.corespringtest.domain.Comentario, org.springframework.validation.BindingResult, org.springframework.ui.Model):java.lang.String" />
		</instance>
		<instance>
			<role name="Context" element="com.joedayz.corespringtest.web.BlogController" />
			<role name="State" element="com.joedayz.corespringtest.service.TemaService" />
			<role name="state" element="com.joedayz.corespringtest.web.BlogController::temaService:com.joedayz.corespringtest.service.TemaService" />
			<role name="Request()" element="com.joedayz.corespringtest.web.BlogController::mostrarTemas(org.springframework.ui.Model):java.util.List" />
			<role name="Request()" element="com.joedayz.corespringtest.web.BlogController::mostrarPosts(java.lang.Long, org.springframework.ui.Model):void" />
		</instance>
		<instance>
			<role name="Context" element="accounts.web.ReportJasperController" />
			<role name="State" element="accounts.ReportManager" />
			<role name="state" element="accounts.web.ReportJasperController::reportManager:accounts.ReportManager" />
			<role name="Request()" element="accounts.web.ReportJasperController::generateJasperReport(java.lang.String, javax.servlet.http.HttpServletRequest, javax.servlet.http.HttpServletResponse):void" />
		</instance>
		<instance>
			<role name="Context" element="com.mycompany.superman.Superman" />
			<role name="State" element="com.mycompany.superman.SuperPoder" />
			<role name="state" element="com.mycompany.superman.Superman::superPoder:com.mycompany.superman.SuperPoder" />
			<role name="Request()" element="com.mycompany.superman.Superman::doSuperCosas():void" />
		</instance>
		<instance>
			<role name="Context" element="rewards.internal.RewardNetworkImpl" />
			<role name="State" element="rewards.internal.account.AccountRepository" />
			<role name="state" element="rewards.internal.RewardNetworkImpl::accountRepository:rewards.internal.account.AccountRepository" />
			<role name="Request()" element="rewards.internal.RewardNetworkImpl::rewardAccountFor(rewards.Dining):rewards.RewardConfirmation" />
		</instance>
		<instance>
			<role name="Context" element="rewards.internal.restaurant.Restaurant" />
			<role name="State" element="rewards.internal.restaurant.BenefitAvailabilityPolicy" />
			<role name="state" element="rewards.internal.restaurant.Restaurant::benefitAvailabilityPolicy:rewards.internal.restaurant.BenefitAvailabilityPolicy" />
			<role name="Request()" element="rewards.internal.restaurant.Restaurant::calculateBenefitFor(rewards.internal.account.Account, rewards.Dining):common.money.MonetaryAmount" />
		</instance>
		<instance>
			<role name="Context" element="rewards.internal.RewardNetworkImpl" />
			<role name="State" element="rewards.internal.restaurant.RestaurantRepository" />
			<role name="state" element="rewards.internal.RewardNetworkImpl::restaurantRepository:rewards.internal.restaurant.RestaurantRepository" />
			<role name="Request()" element="rewards.internal.RewardNetworkImpl::rewardAccountFor(rewards.Dining):rewards.RewardConfirmation" />
		</instance>
		<instance>
			<role name="Context" element="rewards.internal.RewardNetworkImpl" />
			<role name="State" element="rewards.internal.reward.RewardRepository" />
			<role name="state" element="rewards.internal.RewardNetworkImpl::rewardRepository:rewards.internal.reward.RewardRepository" />
			<role name="Request()" element="rewards.internal.RewardNetworkImpl::rewardAccountFor(rewards.Dining):rewards.RewardConfirmation" />
		</instance>
	</pattern>
	<pattern name="Strategy" />
	<pattern name="Bridge" />
	<pattern name="Template Method" />
	<pattern name="Visitor" />
	<pattern name="Proxy" />
	<pattern name="Proxy2" />
	<pattern name="Chain of Responsibility" />
</system>

