<?xml version="1.0" encoding="UTF-8"?>
<system>
	<pattern name="Factory Method">
		<instance>
			<role name="Creator" element="liquibase.parser.AbstractFormattedChangeLogParser" />
			<role name="FactoryMethod()" element="liquibase.parser.AbstractFormattedChangeLogParser::getChange():liquibase.change.AbstractSQLChange" />
		</instance>
		<instance>
			<role name="Creator" element="liquibase.resource.AbstractPathResourceAccessor" />
			<role name="FactoryMethod()" element="liquibase.resource.AbstractPathResourceAccessor::createResource(java.nio.file.Path, java.lang.String):liquibase.resource.Resource" />
		</instance>
		<instance>
			<role name="Creator" element="liquibase.change.Change" />
			<role name="FactoryMethod()" element="liquibase.change.Change::createChangeMetaData():liquibase.change.ChangeMetaData" />
		</instance>
		<instance>
			<role name="Creator" element="liquibase.parser.ChangeLogParser" />
			<role name="FactoryMethod()" element="liquibase.parser.ChangeLogParser::parse(java.lang.String, liquibase.changelog.ChangeLogParameters, liquibase.resource.ResourceAccessor):liquibase.changelog.DatabaseChangeLog" />
		</instance>
		<instance>
			<role name="Creator" element="liquibase.extension.testing.testsystem.DatabaseTestSystem" />
			<role name="FactoryMethod()" element="liquibase.extension.testing.testsystem.DatabaseTestSystem::createContainerWrapper():liquibase.extension.testing.testsystem.wrapper.DatabaseWrapper" />
		</instance>
		<instance>
			<role name="Creator" element="liquibase.snapshot.jvm.JdbcSnapshotGenerator" />
			<role name="FactoryMethod()" element="liquibase.snapshot.jvm.JdbcSnapshotGenerator::snapshotObject(liquibase.structure.DatabaseObject, liquibase.snapshot.DatabaseSnapshot):liquibase.structure.DatabaseObject" />
		</instance>
		<instance>
			<role name="Creator" element="liquibase.parser.SnapshotParser" />
			<role name="FactoryMethod()" element="liquibase.parser.SnapshotParser::parse(java.lang.String, liquibase.resource.ResourceAccessor):liquibase.snapshot.DatabaseSnapshot" />
		</instance>
	</pattern>
	<pattern name="Prototype">
		<instance>
			<role name="Client" element="liquibase.database.OfflineConnection" />
			<role name="Prototype" element="liquibase.snapshot.DatabaseSnapshot" />
			<role name="prototype" element="liquibase.database.OfflineConnection::snapshot:liquibase.snapshot.DatabaseSnapshot" />
			<role name="Operation()" element="liquibase.database.OfflineConnection::getSnapshot(liquibase.structure.DatabaseObject[]):liquibase.snapshot.DatabaseSnapshot" />
		</instance>
	</pattern>
	<pattern name="Singleton">
		<instance>
			<role name="Singleton" element="liquibase.CatalogAndSchema" />
			<role name="uniqueInstance" element="liquibase.CatalogAndSchema::DEFAULT:liquibase.CatalogAndSchema" />
		</instance>
		<instance>
			<role name="Singleton" element="liquibase.diff.output.changelog.ChangeGeneratorFactory" />
			<role name="uniqueInstance" element="liquibase.diff.output.changelog.ChangeGeneratorFactory::instance:liquibase.diff.output.changelog.ChangeGeneratorFactory" />
		</instance>
		<instance>
			<role name="Singleton" element="liquibase.parser.ChangeLogParserFactory" />
			<role name="uniqueInstance" element="liquibase.parser.ChangeLogParserFactory::instance:liquibase.parser.ChangeLogParserFactory" />
		</instance>
		<instance>
			<role name="Singleton" element="liquibase.serializer.ChangeLogSerializerFactory" />
			<role name="uniqueInstance" element="liquibase.serializer.ChangeLogSerializerFactory::instance:liquibase.serializer.ChangeLogSerializerFactory" />
		</instance>
		<instance>
			<role name="Singleton" element="liquibase.change.visitor.ChangeVisitorFactory" />
			<role name="uniqueInstance" element="liquibase.change.visitor.ChangeVisitorFactory::instance:liquibase.change.visitor.ChangeVisitorFactory" />
		</instance>
		<instance>
			<role name="Singleton" element="liquibase.diff.compare.CompareControl" />
			<role name="uniqueInstance" element="liquibase.diff.compare.CompareControl::STANDARD:liquibase.diff.compare.CompareControl" />
		</instance>
		<instance>
			<role name="Singleton" element="liquibase.database.ConnectionServiceFactory" />
			<role name="uniqueInstance" element="liquibase.database.ConnectionServiceFactory::instance:liquibase.database.ConnectionServiceFactory" />
		</instance>
		<instance>
			<role name="Singleton" element="liquibase.database.DatabaseFactory" />
			<role name="uniqueInstance" element="liquibase.database.DatabaseFactory::instance:liquibase.database.DatabaseFactory" />
		</instance>
		<instance>
			<role name="Singleton" element="liquibase.diff.compare.DatabaseObjectComparatorFactory" />
			<role name="uniqueInstance" element="liquibase.diff.compare.DatabaseObjectComparatorFactory::instance:liquibase.diff.compare.DatabaseObjectComparatorFactory" />
		</instance>
		<instance>
			<role name="Singleton" element="liquibase.structure.core.DatabaseObjectFactory" />
			<role name="uniqueInstance" element="liquibase.structure.core.DatabaseObjectFactory::instance:liquibase.structure.core.DatabaseObjectFactory" />
		</instance>
		<instance>
			<role name="Singleton" element="liquibase.datatype.DataTypeFactory" />
			<role name="uniqueInstance" element="liquibase.datatype.DataTypeFactory::instance:liquibase.datatype.DataTypeFactory" />
		</instance>
		<instance>
			<role name="Singleton" element="liquibase.diff.DiffGeneratorFactory" />
			<role name="uniqueInstance" element="liquibase.diff.DiffGeneratorFactory::instance:liquibase.diff.DiffGeneratorFactory" />
		</instance>
		<instance>
			<role name="Singleton" element="liquibase.lockservice.LockServiceFactory" />
			<role name="uniqueInstance" element="liquibase.lockservice.LockServiceFactory::instance:liquibase.lockservice.LockServiceFactory" />
		</instance>
		<instance>
			<role name="Singleton" element="liquibase.parser.NamespaceDetailsFactory" />
			<role name="uniqueInstance" element="liquibase.parser.NamespaceDetailsFactory::instance:liquibase.parser.NamespaceDetailsFactory" />
		</instance>
		<instance>
			<role name="Singleton" element="liquibase.precondition.PreconditionFactory" />
			<role name="uniqueInstance" element="liquibase.precondition.PreconditionFactory::instance:liquibase.precondition.PreconditionFactory" />
		</instance>
		<instance>
			<role name="Singleton" element="liquibase.serializer.ReflectionSerializer" />
			<role name="uniqueInstance" element="liquibase.serializer.ReflectionSerializer::instance:liquibase.serializer.ReflectionSerializer" />
		</instance>
		<instance>
			<role name="Singleton" element="liquibase.snapshot.SnapshotGeneratorFactory" />
			<role name="uniqueInstance" element="liquibase.snapshot.SnapshotGeneratorFactory::instance:liquibase.snapshot.SnapshotGeneratorFactory" />
		</instance>
		<instance>
			<role name="Singleton" element="liquibase.snapshot.SnapshotIdService" />
			<role name="uniqueInstance" element="liquibase.snapshot.SnapshotIdService::instance:liquibase.snapshot.SnapshotIdService" />
		</instance>
		<instance>
			<role name="Singleton" element="liquibase.parser.SnapshotParserFactory" />
			<role name="uniqueInstance" element="liquibase.parser.SnapshotParserFactory::instance:liquibase.parser.SnapshotParserFactory" />
		</instance>
		<instance>
			<role name="Singleton" element="liquibase.serializer.SnapshotSerializerFactory" />
			<role name="uniqueInstance" element="liquibase.serializer.SnapshotSerializerFactory::instance:liquibase.serializer.SnapshotSerializerFactory" />
		</instance>
		<instance>
			<role name="Singleton" element="liquibase.sqlgenerator.SqlGeneratorFactory" />
			<role name="uniqueInstance" element="liquibase.sqlgenerator.SqlGeneratorFactory::instance:liquibase.sqlgenerator.SqlGeneratorFactory" />
		</instance>
		<instance>
			<role name="Singleton" element="liquibase.sql.visitor.SqlVisitorFactory" />
			<role name="uniqueInstance" element="liquibase.sql.visitor.SqlVisitorFactory::instance:liquibase.sql.visitor.SqlVisitorFactory" />
		</instance>
		<instance>
			<role name="Singleton" element="liquibase.extension.testing.TestFilter" />
			<role name="uniqueInstance" element="liquibase.extension.testing.TestFilter::instance:liquibase.extension.testing.TestFilter" />
		</instance>
	</pattern>
	<pattern name="(Object)Adapter">
		<instance>
			<role name="Adaptee" element="liquibase.util.SmartMap" />
			<role name="Adapter" element="liquibase.AbstractExtensibleObject" />
			<role name="adaptee" element="liquibase.AbstractExtensibleObject::attributes:liquibase.util.SmartMap" />
			<role name="Request()" element="liquibase.AbstractExtensibleObject::getAttributes():java.util.SortedSet" />
			<role name="Request()" element="liquibase.AbstractExtensibleObject::set(java.lang.String, java.lang.Object):liquibase.ExtensibleObject" />
		</instance>
		<instance>
			<role name="Adaptee" element="liquibase.exception.ValidationErrors" />
			<role name="Adapter" element="liquibase.changelog.visitor.ValidatingVisitor" />
			<role name="adaptee" element="liquibase.changelog.visitor.ValidatingVisitor::validationErrors:liquibase.exception.ValidationErrors" />
			<role name="Request()" element="liquibase.changelog.visitor.ValidatingVisitor::visit(liquibase.changelog.ChangeSet, liquibase.changelog.DatabaseChangeLog, liquibase.database.Database, java.util.Set):void" />
		</instance>
		<instance>
			<role name="Adaptee" element="liquibase.exception.Warnings" />
			<role name="Adapter" element="liquibase.changelog.visitor.ValidatingVisitor" />
			<role name="adaptee" element="liquibase.changelog.visitor.ValidatingVisitor::warnings:liquibase.exception.Warnings" />
			<role name="Request()" element="liquibase.changelog.visitor.ValidatingVisitor::visit(liquibase.changelog.ChangeSet, liquibase.changelog.DatabaseChangeLog, liquibase.database.Database, java.util.Set):void" />
		</instance>
		<instance>
			<role name="Adaptee" element="liquibase.database.DatabaseConnection" />
			<role name="Adapter" element="liquibase.database.AbstractJdbcDatabase" />
			<role name="adaptee" element="liquibase.database.AbstractJdbcDatabase::connection:liquibase.database.DatabaseConnection" />
			<role name="Request()" element="liquibase.database.AbstractJdbcDatabase::setConnection(liquibase.database.DatabaseConnection):void" />
			<role name="Request()" element="liquibase.database.AbstractJdbcDatabase::getDatabaseProductName():java.lang.String" />
			<role name="Request()" element="liquibase.database.AbstractJdbcDatabase::getDatabaseProductVersion():java.lang.String" />
			<role name="Request()" element="liquibase.database.AbstractJdbcDatabase::getDatabaseMajorVersion():int" />
			<role name="Request()" element="liquibase.database.AbstractJdbcDatabase::getDatabaseMinorVersion():int" />
		</instance>
		<instance>
			<role name="Adaptee" element="liquibase.Contexts" />
			<role name="Adapter" element="liquibase.changelog.filter.ContextChangeSetFilter" />
			<role name="adaptee" element="liquibase.changelog.filter.ContextChangeSetFilter::contexts:liquibase.Contexts" />
			<role name="Request()" element="liquibase.changelog.filter.ContextChangeSetFilter::accepts(liquibase.changelog.ChangeSet):liquibase.changelog.filter.ChangeSetFilterResult" />
		</instance>
		<instance>
			<role name="Adaptee" element="liquibase.LabelExpression" />
			<role name="Adapter" element="liquibase.changelog.filter.LabelChangeSetFilter" />
			<role name="adaptee" element="liquibase.changelog.filter.LabelChangeSetFilter::labelExpression:liquibase.LabelExpression" />
			<role name="Request()" element="liquibase.changelog.filter.LabelChangeSetFilter::accepts(liquibase.changelog.ChangeSet):liquibase.changelog.filter.ChangeSetFilterResult" />
		</instance>
		<instance>
			<role name="Adaptee" element="liquibase.changelog.DatabaseChangeLog" />
			<role name="Adapter" element="liquibase.changelog.visitor.DBDocVisitor" />
			<role name="adaptee" element="liquibase.changelog.visitor.DBDocVisitor::rootChangeLog:liquibase.changelog.DatabaseChangeLog" />
			<role name="Request()" element="liquibase.changelog.visitor.DBDocVisitor::visit(liquibase.changelog.ChangeSet, liquibase.changelog.DatabaseChangeLog, liquibase.database.Database, java.util.Set):void" />
		</instance>
		<instance>
			<role name="Adaptee" element="liquibase.database.Database" />
			<role name="Adapter" element="liquibase.snapshot.DatabaseSnapshot" />
			<role name="adaptee" element="liquibase.snapshot.DatabaseSnapshot::database:liquibase.database.Database" />
			<role name="Request()" element="liquibase.snapshot.DatabaseSnapshot::getSerializableFieldValue(java.lang.String):java.lang.Object" />
		</instance>
		<instance>
			<role name="Adaptee" element="liquibase.precondition.core.PreconditionContainer" />
			<role name="Adapter" element="liquibase.changelog.DatabaseChangeLog" />
			<role name="adaptee" element="liquibase.changelog.DatabaseChangeLog::preconditionContainer:liquibase.precondition.core.PreconditionContainer" />
			<role name="Request()" element="liquibase.changelog.DatabaseChangeLog::setPreconditions(liquibase.precondition.core.PreconditionContainer):void" />
		</instance>
		<instance>
			<role name="Adaptee" element="liquibase.extension.testing.testsystem.TestSystem" />
			<role name="Adapter" element="liquibase.extension.testing.testsystem.wrapper.DockerDatabaseWrapper" />
			<role name="adaptee" element="liquibase.extension.testing.testsystem.wrapper.DockerDatabaseWrapper::testSystem:liquibase.extension.testing.testsystem.TestSystem" />
			<role name="Request()" element="liquibase.extension.testing.testsystem.wrapper.DockerDatabaseWrapper::start():void" />
			<role name="Request()" element="liquibase.extension.testing.testsystem.wrapper.DockerDatabaseWrapper::stop():void" />
		</instance>
		<instance>
			<role name="Adaptee" element="liquibase.extension.testing.testsystem.wrapper.DatabaseWrapper" />
			<role name="Adapter" element="liquibase.extension.testing.testsystem.DatabaseTestSystem" />
			<role name="adaptee" element="liquibase.extension.testing.testsystem.DatabaseTestSystem::wrapper:liquibase.extension.testing.testsystem.wrapper.DatabaseWrapper" />
			<role name="Request()" element="liquibase.extension.testing.testsystem.DatabaseTestSystem::start():void" />
			<role name="Request()" element="liquibase.extension.testing.testsystem.DatabaseTestSystem::stop():void" />
		</instance>
		<instance>
			<role name="Adaptee" element="liquibase.database.Database" />
			<role name="Adapter" element="liquibase.lockservice.StandardLockService" />
			<role name="adaptee" element="liquibase.lockservice.StandardLockService::database:liquibase.database.Database" />
			<role name="Request()" element="liquibase.lockservice.StandardLockService::init():void" />
			<role name="Request()" element="liquibase.lockservice.StandardLockService::acquireLock():boolean" />
			<role name="Request()" element="liquibase.lockservice.StandardLockService::releaseLock():void" />
			<role name="Request()" element="liquibase.lockservice.StandardLockService::destroy():void" />
		</instance>
		<instance>
			<role name="Adaptee" element="liquibase.resource.Resource" />
			<role name="Adapter" element="liquibase.resource.PathHandlerFactory$FoundResourceAccessor" />
			<role name="adaptee" element="liquibase.resource.PathHandlerFactory$FoundResourceAccessor::foundResource:liquibase.resource.Resource" />
			<role name="Request()" element="liquibase.resource.PathHandlerFactory$FoundResourceAccessor::getAll(java.lang.String):java.util.List" />
		</instance>
		<instance>
			<role name="Adaptee" element="liquibase.database.Database" />
			<role name="Adapter" element="liquibase.changelog.visitor.ChangeLogSyncVisitor" />
			<role name="adaptee" element="liquibase.changelog.visitor.ChangeLogSyncVisitor::database:liquibase.database.Database" />
			<role name="Request()" element="liquibase.changelog.visitor.ChangeLogSyncVisitor::visit(liquibase.changelog.ChangeSet, liquibase.changelog.DatabaseChangeLog, liquibase.database.Database, java.util.Set):void" />
		</instance>
		<instance>
			<role name="Adaptee" element="liquibase.database.Database" />
			<role name="Adapter" element="liquibase.changelog.visitor.DBDocVisitor" />
			<role name="adaptee" element="liquibase.changelog.visitor.DBDocVisitor::database:liquibase.database.Database" />
			<role name="Request()" element="liquibase.changelog.visitor.DBDocVisitor::visit(liquibase.changelog.ChangeSet, liquibase.changelog.DatabaseChangeLog, liquibase.database.Database, java.util.Set):void" />
		</instance>
		<instance>
			<role name="Adaptee" element="liquibase.database.Database" />
			<role name="Adapter" element="liquibase.changelog.visitor.RollbackVisitor" />
			<role name="adaptee" element="liquibase.changelog.visitor.RollbackVisitor::database:liquibase.database.Database" />
			<role name="Request()" element="liquibase.changelog.visitor.RollbackVisitor::visit(liquibase.changelog.ChangeSet, liquibase.changelog.DatabaseChangeLog, liquibase.database.Database, java.util.Set):void" />
		</instance>
		<instance>
			<role name="Adaptee" element="liquibase.database.Database" />
			<role name="Adapter" element="liquibase.changelog.visitor.UpdateVisitor" />
			<role name="adaptee" element="liquibase.changelog.visitor.UpdateVisitor::database:liquibase.database.Database" />
			<role name="Request()" element="liquibase.changelog.visitor.UpdateVisitor::visit(liquibase.changelog.ChangeSet, liquibase.changelog.DatabaseChangeLog, liquibase.database.Database, java.util.Set):void" />
		</instance>
		<instance>
			<role name="Adaptee" element="liquibase.database.Database" />
			<role name="Adapter" element="liquibase.changelog.filter.DbmsChangeSetFilter" />
			<role name="adaptee" element="liquibase.changelog.filter.DbmsChangeSetFilter::database:liquibase.database.Database" />
			<role name="Request()" element="liquibase.changelog.filter.DbmsChangeSetFilter::accepts(liquibase.changelog.ChangeSet):liquibase.changelog.filter.ChangeSetFilterResult" />
		</instance>
		<instance>
			<role name="Adaptee" element="liquibase.database.Database" />
			<role name="Adapter" element="liquibase.diff.ObjectDifferences$DatabaseObjectNameCompareFunction" />
			<role name="adaptee" element="liquibase.diff.ObjectDifferences$DatabaseObjectNameCompareFunction::accordingTo:liquibase.database.Database" />
			<role name="Request()" element="liquibase.diff.ObjectDifferences$DatabaseObjectNameCompareFunction::areEqual(java.lang.Object, java.lang.Object):boolean" />
		</instance>
		<instance>
			<role name="Adaptee" element="liquibase.executor.jvm.RowMapper" />
			<role name="Adapter" element="liquibase.executor.jvm.RowMapperResultSetExtractor" />
			<role name="adaptee" element="liquibase.executor.jvm.RowMapperResultSetExtractor::rowMapper:liquibase.executor.jvm.RowMapper" />
			<role name="Request()" element="liquibase.executor.jvm.RowMapperResultSetExtractor::extractData(java.sql.ResultSet):java.lang.Object" />
		</instance>
		<instance>
			<role name="Adaptee" element="liquibase.changelog.filter.ShouldRunChangeSetFilter" />
			<role name="Adapter" element="liquibase.changelog.visitor.UpdateVisitor" />
			<role name="adaptee" element="liquibase.changelog.visitor.UpdateVisitor::shouldRunChangeSetFilter:liquibase.changelog.filter.ShouldRunChangeSetFilter" />
			<role name="Request()" element="liquibase.changelog.visitor.UpdateVisitor::visit(liquibase.changelog.ChangeSet, liquibase.changelog.DatabaseChangeLog, liquibase.database.Database, java.util.Set):void" />
		</instance>
		<instance>
			<role name="Adaptee" element="liquibase.changelog.visitor.ChangeLogSyncListener" />
			<role name="Adapter" element="liquibase.changelog.visitor.ChangeLogSyncVisitor" />
			<role name="adaptee" element="liquibase.changelog.visitor.ChangeLogSyncVisitor::listener:liquibase.changelog.visitor.ChangeLogSyncListener" />
			<role name="Request()" element="liquibase.changelog.visitor.ChangeLogSyncVisitor::visit(liquibase.changelog.ChangeSet, liquibase.changelog.DatabaseChangeLog, liquibase.database.Database, java.util.Set):void" />
		</instance>
		<instance>
			<role name="Adaptee" element="liquibase.executor.jvm.ResultSetExtractor" />
			<role name="Adapter" element="liquibase.executor.jvm.JdbcExecutor$QueryCallableStatementCallback" />
			<role name="adaptee" element="liquibase.executor.jvm.JdbcExecutor$QueryCallableStatementCallback::rse:liquibase.executor.jvm.ResultSetExtractor" />
			<role name="Request()" element="liquibase.executor.jvm.JdbcExecutor$QueryCallableStatementCallback::doInCallableStatement(java.sql.CallableStatement):java.lang.Object" />
		</instance>
		<instance>
			<role name="Adaptee" element="liquibase.executor.jvm.ResultSetExtractor" />
			<role name="Adapter" element="liquibase.executor.jvm.JdbcExecutor$QueryStatementCallback" />
			<role name="adaptee" element="liquibase.executor.jvm.JdbcExecutor$QueryStatementCallback::rse:liquibase.executor.jvm.ResultSetExtractor" />
			<role name="Request()" element="liquibase.executor.jvm.JdbcExecutor$QueryStatementCallback::doInStatement(java.sql.Statement):java.lang.Object" />
		</instance>
	</pattern>
	<pattern name="Command">
		<instance>
			<role name="Receiver" element="liquibase.database.Database" />
			<role name="ConcreteCommand" element="liquibase.command.core.helpers.AbstractDatabaseConnectionCommandStep" />
			<role name="receiver" element="liquibase.command.core.helpers.AbstractDatabaseConnectionCommandStep::database:liquibase.database.Database" />
			<role name="Execute()" element="liquibase.command.core.helpers.AbstractDatabaseConnectionCommandStep::cleanUp(liquibase.command.CommandResultsBuilder):void" />
		</instance>
		<instance>
			<role name="Receiver" element="liquibase.command.CommandScope" />
			<role name="ConcreteCommand" element="liquibase.command.core.InternalHistoryCommandStep$LegacyDeploymentDetails" />
			<role name="receiver" element="liquibase.command.core.InternalHistoryCommandStep$LegacyDeploymentDetails::commandScope:liquibase.command.CommandScope" />
			<role name="Execute()" element="liquibase.command.core.InternalHistoryCommandStep$LegacyDeploymentDetails::printReport(java.io.PrintWriter):void" />
		</instance>
	</pattern>
	<pattern name="Composite">
		<instance>
			<role name="Component" element="liquibase.precondition.Precondition" />
			<role name="Composite" element="liquibase.precondition.PreconditionLogic" />
			<role name="Operation()" element="liquibase.precondition.PreconditionLogic::validate(liquibase.database.Database):liquibase.exception.ValidationErrors" />
		</instance>
		<instance>
			<role name="Component" element="liquibase.resource.ResourceAccessor" />
			<role name="Composite" element="liquibase.resource.CompositeResourceAccessor" />
			<role name="Operation()" element="liquibase.resource.CompositeResourceAccessor::search(java.lang.String, boolean):java.util.List" />
			<role name="Operation()" element="liquibase.resource.CompositeResourceAccessor::getAll(java.lang.String):java.util.List" />
			<role name="Operation()" element="liquibase.resource.CompositeResourceAccessor::describeLocations():java.util.List" />
		</instance>
	</pattern>
	<pattern name="Decorator">
		<instance>
			<role name="Component" element="liquibase.ui.UIService" />
			<role name="Decorator" element="liquibase.ui.CompositeUIService" />
			<role name="component" element="liquibase.ui.CompositeUIService::inputService:liquibase.ui.UIService" />
			<role name="Operation()" element="liquibase.ui.CompositeUIService::setAllowPrompt(boolean):void" />
			<role name="Operation()" element="liquibase.ui.CompositeUIService::getAllowPrompt():boolean" />
		</instance>
		<instance>
			<role name="Component" element="liquibase.executor.Executor" />
			<role name="Decorator" element="liquibase.executor.LoggingExecutor" />
			<role name="component" element="liquibase.executor.LoggingExecutor::delegatedReadExecutor:liquibase.executor.Executor" />
			<role name="Operation()" element="liquibase.executor.LoggingExecutor::queryForLong(liquibase.statement.SqlStatement):long" />
			<role name="Operation()" element="liquibase.executor.LoggingExecutor::queryForLong(liquibase.statement.SqlStatement, java.util.List):long" />
			<role name="Operation()" element="liquibase.executor.LoggingExecutor::queryForInt(liquibase.statement.SqlStatement):int" />
			<role name="Operation()" element="liquibase.executor.LoggingExecutor::queryForInt(liquibase.statement.SqlStatement, java.util.List):int" />
			<role name="Operation()" element="liquibase.executor.LoggingExecutor::queryForList(liquibase.statement.SqlStatement, java.lang.Class):java.util.List" />
			<role name="Operation()" element="liquibase.executor.LoggingExecutor::queryForList(liquibase.statement.SqlStatement, java.lang.Class, java.util.List):java.util.List" />
			<role name="Operation()" element="liquibase.executor.LoggingExecutor::queryForList(liquibase.statement.SqlStatement):java.util.List" />
			<role name="Operation()" element="liquibase.executor.LoggingExecutor::queryForList(liquibase.statement.SqlStatement, java.util.List):java.util.List" />
		</instance>
	</pattern>
	<pattern name="Observer">
		<instance>
			<role name="Observer" element="liquibase.sqlgenerator.SqlGenerator" />
			<role name="Subject" element="liquibase.sqlgenerator.SqlGeneratorFactory" />
			<role name="Notify()" element="liquibase.sqlgenerator.SqlGeneratorFactory::getGenerators(liquibase.statement.SqlStatement, liquibase.database.Database):java.util.SortedSet" />
			<role name="Notify()" element="liquibase.sqlgenerator.SqlGeneratorFactory::checkType(java.lang.reflect.Type, liquibase.statement.SqlStatement, liquibase.sqlgenerator.SqlGenerator, liquibase.database.Database, java.util.SortedSet):void" />
			<role name="Notify()" element="liquibase.sqlgenerator.SqlGeneratorFactory::generateStatementsVolatile(liquibase.statement.SqlStatement, liquibase.database.Database):boolean" />
			<role name="Notify()" element="liquibase.sqlgenerator.SqlGeneratorFactory::generateRollbackStatementsVolatile(liquibase.statement.SqlStatement, liquibase.database.Database):boolean" />
		</instance>
		<instance>
			<role name="Observer" element="liquibase.diff.output.changelog.ChangeGenerator" />
			<role name="Subject" element="liquibase.diff.output.changelog.ChangeGeneratorFactory" />
			<role name="Notify()" element="liquibase.diff.output.changelog.ChangeGeneratorFactory::getGenerators(java.lang.Class, java.lang.Class, liquibase.database.Database):java.util.SortedSet" />
			<role name="Notify()" element="liquibase.diff.output.changelog.ChangeGeneratorFactory::runAfterTypes(java.lang.Class, liquibase.database.Database, java.lang.Class):java.util.Set" />
			<role name="Notify()" element="liquibase.diff.output.changelog.ChangeGeneratorFactory::runBeforeTypes(java.lang.Class, liquibase.database.Database, java.lang.Class):java.util.Set" />
		</instance>
		<instance>
			<role name="Observer" element="liquibase.parser.NamespaceDetails" />
			<role name="Subject" element="liquibase.parser.NamespaceDetailsFactory" />
			<role name="Notify()" element="liquibase.parser.NamespaceDetailsFactory::getNamespaceDetails(liquibase.parser.LiquibaseParser, java.lang.String):liquibase.parser.NamespaceDetails" />
			<role name="Notify()" element="liquibase.parser.NamespaceDetailsFactory::getNamespaceDetails(liquibase.serializer.LiquibaseSerializer, java.lang.String):liquibase.parser.NamespaceDetails" />
		</instance>
		<instance>
			<role name="Observer" element="liquibase.structure.DatabaseObject" />
			<role name="Subject" element="liquibase.snapshot.DatabaseSnapshot" />
			<role name="Notify()" element="liquibase.snapshot.DatabaseSnapshot::isWrongCatalog(liquibase.structure.DatabaseObject):boolean" />
			<role name="Notify()" element="liquibase.snapshot.DatabaseSnapshot::isWrongSchema(liquibase.structure.DatabaseObject):boolean" />
		</instance>
		<instance>
			<role name="Observer" element="liquibase.snapshot.SnapshotGenerator" />
			<role name="Subject" element="liquibase.snapshot.SnapshotGeneratorFactory" />
			<role name="Notify()" element="liquibase.snapshot.SnapshotGeneratorFactory::getGenerators(java.lang.Class, liquibase.database.Database):java.util.SortedSet" />
		</instance>
		<instance>
			<role name="Observer" element="liquibase.diff.compare.DatabaseObjectComparator" />
			<role name="Subject" element="liquibase.diff.compare.DatabaseObjectComparatorFactory" />
			<role name="Notify()" element="liquibase.diff.compare.DatabaseObjectComparatorFactory::getComparators(java.lang.Class, liquibase.database.Database):java.util.List" />
		</instance>
		<instance>
			<role name="Observer" element="liquibase.parser.SnapshotParser" />
			<role name="Subject" element="liquibase.parser.SnapshotParserFactory" />
			<role name="Notify()" element="liquibase.parser.SnapshotParserFactory::getParser(java.lang.String, liquibase.resource.ResourceAccessor):liquibase.parser.SnapshotParser" />
		</instance>
	</pattern>
	<pattern name="State">
		<instance>
			<role name="Context" element="liquibase.configuration.ConfigurationDefinition" />
			<role name="State" element="liquibase.configuration.ConfigurationValueConverter" />
			<role name="state" element="liquibase.configuration.ConfigurationDefinition::valueConverter:liquibase.configuration.ConfigurationValueConverter" />
			<role name="Request()" element="liquibase.configuration.ConfigurationDefinition::getCurrentConfiguredValue(liquibase.configuration.ConfigurationValueProvider[]):liquibase.configuration.ConfiguredValue" />
		</instance>
		<instance>
			<role name="Context" element="liquibase.configuration.ConfiguredValue" />
			<role name="State" element="liquibase.configuration.ConfigurationValueConverter" />
			<role name="state" element="liquibase.configuration.ConfiguredValue::valueConverter:liquibase.configuration.ConfigurationValueConverter" />
			<role name="Request()" element="liquibase.configuration.ConfiguredValue::getValue():java.lang.Object" />
		</instance>
		<instance>
			<role name="Context" element="liquibase.change.ChangeParameterMetaData" />
			<role name="State" element="liquibase.change.Change" />
			<role name="state" element="liquibase.change.ChangeParameterMetaData::change:liquibase.change.Change" />
			<role name="Request()" element="liquibase.change.ChangeParameterMetaData::analyzeSupportedDatabases(java.lang.String[]):java.util.Set" />
			<role name="Request()" element="liquibase.change.ChangeParameterMetaData::analyzeRequiredDatabases(java.lang.String[]):java.util.Set" />
		</instance>
		<instance>
			<role name="Context" element="liquibase.util.DependencyUtil$DependencyGraph" />
			<role name="State" element="liquibase.util.DependencyUtil$NodeValueListener" />
			<role name="state" element="liquibase.util.DependencyUtil$DependencyGraph::listener:liquibase.util.DependencyUtil$NodeValueListener" />
			<role name="Request()" element="liquibase.util.DependencyUtil$DependencyGraph::computeDependencies():void" />
			<role name="Request()" element="liquibase.util.DependencyUtil$DependencyGraph::computeDependencies(java.util.List):void" />
		</instance>
		<instance>
			<role name="Context" element="liquibase.Liquibase" />
			<role name="State" element="liquibase.database.Database" />
			<role name="state" element="liquibase.Liquibase::database:liquibase.database.Database" />
			<role name="Request()" element="liquibase.Liquibase::clearCheckSums():void" />
			<role name="Request()" element="liquibase.Liquibase::close():void" />
		</instance>
		<instance>
			<role name="Context" element="liquibase.snapshot.JdbcDatabaseSnapshot$CachingDatabaseMetaData" />
			<role name="State" element="liquibase.database.Database" />
			<role name="state" element="liquibase.snapshot.JdbcDatabaseSnapshot$CachingDatabaseMetaData::database:liquibase.database.Database" />
			<role name="Request()" element="liquibase.snapshot.JdbcDatabaseSnapshot$CachingDatabaseMetaData::getColumns(java.lang.String, java.lang.String, java.lang.String, java.lang.String):java.util.List" />
			<role name="Request()" element="liquibase.snapshot.JdbcDatabaseSnapshot$CachingDatabaseMetaData::getViews(java.lang.String, java.lang.String, java.lang.String):java.util.List" />
		</instance>
		<instance>
			<role name="Context" element="liquibase.integration.jakarta.cdi.SchemesTreeBuilder$SchemaNode" />
			<role name="State" element="liquibase.integration.jakarta.cdi.annotations.LiquibaseSchema" />
			<role name="state" element="liquibase.integration.jakarta.cdi.SchemesTreeBuilder$SchemaNode::item:liquibase.integration.jakarta.cdi.annotations.LiquibaseSchema" />
			<role name="Request()" element="liquibase.integration.jakarta.cdi.SchemesTreeBuilder$SchemaNode::find(java.lang.String):liquibase.integration.jakarta.cdi.SchemesTreeBuilder$SchemaNode" />
		</instance>
		<instance>
			<role name="State" element="liquibase.logging.Logger" />
			<role name="Context" element="liquibase.integration.spring.SpringLiquibase" />
			<role name="state" element="liquibase.integration.spring.SpringLiquibase::log:liquibase.logging.Logger" />
			<role name="Request()" element="liquibase.integration.spring.SpringLiquibase::getDatabaseProductName():java.lang.String" />
			<role name="Request()" element="liquibase.integration.spring.SpringLiquibase::createDatabase(java.sql.Connection, liquibase.resource.ResourceAccessor):liquibase.database.Database" />
		</instance>
		<instance>
			<role name="State" element="liquibase.logging.Logger" />
			<role name="Context" element="liquibase.integration.jakarta.cdi.SchemesCDIConfigBuilder" />
			<role name="state" element="liquibase.integration.jakarta.cdi.SchemesCDIConfigBuilder::log:liquibase.logging.Logger" />
			<role name="Request()" element="liquibase.integration.jakarta.cdi.SchemesCDIConfigBuilder::createCDILiquibaseConfig():liquibase.integration.jakarta.cdi.CDILiquibaseConfig" />
			<role name="Request()" element="liquibase.integration.jakarta.cdi.SchemesCDIConfigBuilder::createCDILiquibaseConfig(java.lang.String, java.io.InputStream):liquibase.integration.jakarta.cdi.CDILiquibaseConfig" />
			<role name="Request()" element="liquibase.integration.jakarta.cdi.SchemesCDIConfigBuilder::fileLocked(java.lang.String, java.util.concurrent.Callable):liquibase.integration.jakarta.cdi.CDILiquibaseConfig" />
			<role name="Request()" element="liquibase.integration.jakarta.cdi.SchemesCDIConfigBuilder::copyToFile(java.lang.String, java.lang.String, java.lang.String):java.lang.String" />
		</instance>
		<instance>
			<role name="State" element="liquibase.logging.Logger" />
			<role name="Context" element="liquibase.integration.commandline.Main" />
			<role name="state" element="liquibase.integration.commandline.Main::LOG:liquibase.logging.Logger" />
			<role name="Request()" element="liquibase.integration.commandline.Main::addWarFileClasspathEntries(java.io.File, java.util.List):void" />
			<role name="Request()" element="liquibase.integration.commandline.Main::configureClassLoader():java.lang.ClassLoader" />
		</instance>
		<instance>
			<role name="State" element="liquibase.logging.Logger" />
			<role name="Context" element="liquibase.integration.jakarta.cdi.SchemesTreeBuilder" />
			<role name="state" element="liquibase.integration.jakarta.cdi.SchemesTreeBuilder::log:liquibase.logging.Logger" />
			<role name="Request()" element="liquibase.integration.jakarta.cdi.SchemesTreeBuilder::build(java.lang.String, java.util.Collection):java.util.List" />
		</instance>
		<instance>
			<role name="Context" element="liquibase.snapshot.jvm.SnowflakeResultSetConstraintsExtractor" />
			<role name="State" element="liquibase.database.Database" />
			<role name="state" element="liquibase.snapshot.jvm.SnowflakeResultSetConstraintsExtractor::database:liquibase.database.Database" />
			<role name="Request()" element="liquibase.snapshot.jvm.SnowflakeResultSetConstraintsExtractor::createSql(java.lang.String, java.lang.String, java.lang.String):java.lang.String" />
		</instance>
		<instance>
			<role name="State" element="liquibase.logging.Logger" />
			<role name="Context" element="liquibase.change.core.LoadDataChange" />
			<role name="state" element="liquibase.change.core.LoadDataChange::LOG:liquibase.logging.Logger" />
			<role name="Request()" element="liquibase.change.core.LoadDataChange::generateStatements(liquibase.database.Database):liquibase.statement.SqlStatement[]" />
			<role name="Request()" element="liquibase.change.core.LoadDataChange::retrieveMissingColumnLoadTypes(java.util.List, liquibase.database.Database):void" />
		</instance>
		<instance>
			<role name="Context" element="liquibase.database.core.PostgresDatabase" />
			<role name="State" element="liquibase.logging.Logger" />
			<role name="state" element="liquibase.database.core.PostgresDatabase::LOG:liquibase.logging.Logger" />
			<role name="Request()" element="liquibase.database.core.PostgresDatabase::isCorrectDatabaseImplementation(liquibase.database.DatabaseConnection):boolean" />
			<role name="Request()" element="liquibase.database.core.PostgresDatabase::setConnection(liquibase.database.DatabaseConnection):void" />
		</instance>
		<instance>
			<role name="Context" element="liquibase.command.core.DropAllCommandStep" />
			<role name="State" element="liquibase.logging.Logger" />
			<role name="state" element="liquibase.command.core.DropAllCommandStep::log:liquibase.logging.Logger" />
			<role name="Request()" element="liquibase.command.core.DropAllCommandStep::run(liquibase.command.CommandResultsBuilder):void" />
		</instance>
		<instance>
			<role name="Context" element="liquibase.dbdoc.ChangeLogWriter" />
			<role name="State" element="liquibase.resource.Resource" />
			<role name="state" element="liquibase.dbdoc.ChangeLogWriter::outputDir:liquibase.resource.Resource" />
			<role name="Request()" element="liquibase.dbdoc.ChangeLogWriter::writeChangeLog(java.lang.String, java.lang.String):void" />
		</instance>
		<instance>
			<role name="Context" element="liquibase.lockservice.StandardLockService" />
			<role name="State" element="liquibase.database.Database" />
			<role name="state" element="liquibase.lockservice.StandardLockService::database:liquibase.database.Database" />
			<role name="Request()" element="liquibase.lockservice.StandardLockService::init():void" />
			<role name="Request()" element="liquibase.lockservice.StandardLockService::handleOldChangelogTableFormat(liquibase.executor.Executor):void" />
			<role name="Request()" element="liquibase.lockservice.StandardLockService::isDatabaseChangeLogLockTableInitialized(boolean, boolean):boolean" />
			<role name="Request()" element="liquibase.lockservice.StandardLockService::acquireLock():boolean" />
			<role name="Request()" element="liquibase.lockservice.StandardLockService::releaseLock():void" />
			<role name="Request()" element="liquibase.lockservice.StandardLockService::destroy():void" />
		</instance>
		<instance>
			<role name="Context" element="liquibase.resource.PathHandlerFactory$FoundResourceAccessor" />
			<role name="State" element="liquibase.resource.Resource" />
			<role name="state" element="liquibase.resource.PathHandlerFactory$FoundResourceAccessor::foundResource:liquibase.resource.Resource" />
			<role name="Request()" element="liquibase.resource.PathHandlerFactory$FoundResourceAccessor::getAll(java.lang.String):java.util.List" />
		</instance>
		<instance>
			<role name="Context" element="liquibase.changelog.visitor.ChangeLogSyncVisitor" />
			<role name="State" element="liquibase.database.Database" />
			<role name="state" element="liquibase.changelog.visitor.ChangeLogSyncVisitor::database:liquibase.database.Database" />
			<role name="Request()" element="liquibase.changelog.visitor.ChangeLogSyncVisitor::visit(liquibase.changelog.ChangeSet, liquibase.changelog.DatabaseChangeLog, liquibase.database.Database, java.util.Set):void" />
		</instance>
		<instance>
			<role name="Context" element="liquibase.changelog.visitor.DBDocVisitor" />
			<role name="State" element="liquibase.database.Database" />
			<role name="state" element="liquibase.changelog.visitor.DBDocVisitor::database:liquibase.database.Database" />
			<role name="Request()" element="liquibase.changelog.visitor.DBDocVisitor::visit(liquibase.changelog.ChangeSet, liquibase.changelog.DatabaseChangeLog, liquibase.database.Database, java.util.Set):void" />
			<role name="Request()" element="liquibase.changelog.visitor.DBDocVisitor::writeHTML(liquibase.resource.Resource, liquibase.resource.ResourceAccessor, liquibase.CatalogAndSchema[]):void" />
			<role name="Request()" element="liquibase.changelog.visitor.DBDocVisitor::shouldNotWriteColumnHtml(liquibase.structure.core.Column):boolean" />
			<role name="Request()" element="liquibase.changelog.visitor.DBDocVisitor::lambda$writeHTML$0(liquibase.structure.core.Table):boolean" />
		</instance>
		<instance>
			<role name="Context" element="liquibase.changelog.visitor.RollbackVisitor" />
			<role name="State" element="liquibase.database.Database" />
			<role name="state" element="liquibase.changelog.visitor.RollbackVisitor::database:liquibase.database.Database" />
			<role name="Request()" element="liquibase.changelog.visitor.RollbackVisitor::visit(liquibase.changelog.ChangeSet, liquibase.changelog.DatabaseChangeLog, liquibase.database.Database, java.util.Set):void" />
		</instance>
		<instance>
			<role name="Context" element="liquibase.changelog.visitor.UpdateVisitor" />
			<role name="State" element="liquibase.database.Database" />
			<role name="state" element="liquibase.changelog.visitor.UpdateVisitor::database:liquibase.database.Database" />
			<role name="Request()" element="liquibase.changelog.visitor.UpdateVisitor::visit(liquibase.changelog.ChangeSet, liquibase.changelog.DatabaseChangeLog, liquibase.database.Database, java.util.Set):void" />
			<role name="Request()" element="liquibase.changelog.visitor.UpdateVisitor::executeAcceptedChange(liquibase.changelog.ChangeSet, liquibase.changelog.DatabaseChangeLog, liquibase.database.Database):void" />
		</instance>
		<instance>
			<role name="Context" element="liquibase.changelog.visitor.ValidatingVisitor" />
			<role name="State" element="liquibase.database.Database" />
			<role name="state" element="liquibase.changelog.visitor.ValidatingVisitor::database:liquibase.database.Database" />
			<role name="Request()" element="liquibase.changelog.visitor.ValidatingVisitor::validate(liquibase.database.Database, liquibase.changelog.DatabaseChangeLog):void" />
		</instance>
		<instance>
			<role name="State" element="liquibase.logging.Logger" />
			<role name="Context" element="liquibase.changelog.DatabaseChangeLog" />
			<role name="state" element="liquibase.changelog.DatabaseChangeLog::LOG:liquibase.logging.Logger" />
			<role name="Request()" element="liquibase.changelog.DatabaseChangeLog::findResources(java.lang.String, boolean, liquibase.changelog.IncludeAllFilter, boolean, java.util.Comparator, liquibase.resource.ResourceAccessor, int, int, java.lang.String):java.util.SortedSet" />
		</instance>
		<instance>
			<role name="State" element="liquibase.change.custom.CustomChange" />
			<role name="Context" element="liquibase.change.custom.CustomChangeWrapper" />
			<role name="state" element="liquibase.change.custom.CustomChangeWrapper::customChange:liquibase.change.custom.CustomChange" />
			<role name="Request()" element="liquibase.change.custom.CustomChangeWrapper::validate(liquibase.database.Database):liquibase.exception.ValidationErrors" />
			<role name="Request()" element="liquibase.change.custom.CustomChangeWrapper::getConfirmationMessage():java.lang.String" />
			<role name="Request()" element="liquibase.change.custom.CustomChangeWrapper::configureCustomChange():void" />
		</instance>
		<instance>
			<role name="Context" element="liquibase.changelog.visitor.RollbackVisitor" />
			<role name="State" element="liquibase.changelog.visitor.ChangeExecListener" />
			<role name="state" element="liquibase.changelog.visitor.RollbackVisitor::execListener:liquibase.changelog.visitor.ChangeExecListener" />
			<role name="Request()" element="liquibase.changelog.visitor.RollbackVisitor::fireRollbackFailed(liquibase.changelog.ChangeSet, liquibase.changelog.DatabaseChangeLog, liquibase.database.Database, java.lang.Exception):void" />
			<role name="Request()" element="liquibase.changelog.visitor.RollbackVisitor::sendRollbackWillRunEvent(liquibase.changelog.ChangeSet, liquibase.changelog.DatabaseChangeLog, liquibase.database.Database):void" />
			<role name="Request()" element="liquibase.changelog.visitor.RollbackVisitor::sendRollbackEvent(liquibase.changelog.ChangeSet, liquibase.changelog.DatabaseChangeLog, liquibase.database.Database):void" />
		</instance>
		<instance>
			<role name="Context" element="liquibase.changelog.visitor.UpdateVisitor" />
			<role name="State" element="liquibase.changelog.visitor.ChangeExecListener" />
			<role name="state" element="liquibase.changelog.visitor.UpdateVisitor::execListener:liquibase.changelog.visitor.ChangeExecListener" />
			<role name="Request()" element="liquibase.changelog.visitor.UpdateVisitor::fireRunFailed(liquibase.changelog.ChangeSet, liquibase.changelog.DatabaseChangeLog, liquibase.database.Database, liquibase.exception.MigrationFailedException):void" />
			<role name="Request()" element="liquibase.changelog.visitor.UpdateVisitor::fireWillRun(liquibase.changelog.ChangeSet, liquibase.changelog.DatabaseChangeLog, liquibase.database.Database, liquibase.changelog.ChangeSet$RunStatus):void" />
			<role name="Request()" element="liquibase.changelog.visitor.UpdateVisitor::fireRan(liquibase.changelog.ChangeSet, liquibase.changelog.DatabaseChangeLog, liquibase.database.Database, liquibase.changelog.ChangeSet$ExecType):void" />
		</instance>
		<instance>
			<role name="Context" element="liquibase.database.DatabaseFactory" />
			<role name="State" element="liquibase.logging.Logger" />
			<role name="state" element="liquibase.database.DatabaseFactory::LOG:liquibase.logging.Logger" />
			<role name="Request()" element="liquibase.database.DatabaseFactory::findCorrectDatabaseImplementation(liquibase.database.DatabaseConnection):liquibase.database.Database" />
			<role name="Request()" element="liquibase.database.DatabaseFactory::openConnection(java.lang.String, java.lang.String, java.lang.String, java.lang.String, java.util.Properties, liquibase.resource.ResourceAccessor):liquibase.database.DatabaseConnection" />
			<role name="Request()" element="liquibase.database.DatabaseFactory::buildDriverProperties(java.lang.String, java.lang.String, java.lang.String, java.lang.String):java.util.Properties" />
		</instance>
		<instance>
			<role name="Context" element="liquibase.Scope" />
			<role name="State" element="liquibase.ScopeManager" />
			<role name="state" element="liquibase.Scope::scopeManager:liquibase.ScopeManager" />
			<role name="Request()" element="liquibase.Scope::getCurrentScope():liquibase.Scope" />
			<role name="Request()" element="liquibase.Scope::enter(liquibase.listener.LiquibaseListener, java.util.Map):java.lang.String" />
			<role name="Request()" element="liquibase.Scope::exit(java.lang.String):void" />
		</instance>
		<instance>
			<role name="Context" element="liquibase.statement.BatchDmlExecutablePreparedStatement" />
			<role name="State" element="liquibase.logging.Logger" />
			<role name="state" element="liquibase.statement.BatchDmlExecutablePreparedStatement::LOG:liquibase.logging.Logger" />
			<role name="Request()" element="liquibase.statement.BatchDmlExecutablePreparedStatement::executePreparedStatement(java.sql.PreparedStatement):void" />
		</instance>
		<instance>
			<role name="Context" element="liquibase.changelog.filter.DbmsChangeSetFilter" />
			<role name="State" element="liquibase.database.Database" />
			<role name="state" element="liquibase.changelog.filter.DbmsChangeSetFilter::database:liquibase.database.Database" />
			<role name="Request()" element="liquibase.changelog.filter.DbmsChangeSetFilter::accepts(liquibase.changelog.ChangeSet):liquibase.changelog.filter.ChangeSetFilterResult" />
		</instance>
		<instance>
			<role name="State" element="liquibase.database.Database" />
			<role name="Context" element="liquibase.diff.ObjectDifferences$DatabaseObjectNameCompareFunction" />
			<role name="state" element="liquibase.diff.ObjectDifferences$DatabaseObjectNameCompareFunction::accordingTo:liquibase.database.Database" />
			<role name="Request()" element="liquibase.diff.ObjectDifferences$DatabaseObjectNameCompareFunction::areEqual(java.lang.Object, java.lang.Object):boolean" />
		</instance>
		<instance>
			<role name="Context" element="liquibase.dbdoc.HTMLListWriter" />
			<role name="State" element="liquibase.resource.Resource" />
			<role name="state" element="liquibase.dbdoc.HTMLListWriter::outputDir:liquibase.resource.Resource" />
			<role name="Request()" element="liquibase.dbdoc.HTMLListWriter::writeHTML(java.util.SortedSet):void" />
		</instance>
		<instance>
			<role name="Context" element="liquibase.executor.jvm.RowMapperResultSetExtractor" />
			<role name="State" element="liquibase.executor.jvm.RowMapper" />
			<role name="state" element="liquibase.executor.jvm.RowMapperResultSetExtractor::rowMapper:liquibase.executor.jvm.RowMapper" />
			<role name="Request()" element="liquibase.executor.jvm.RowMapperResultSetExtractor::extractData(java.sql.ResultSet):java.lang.Object" />
		</instance>
		<instance>
			<role name="Context" element="liquibase.changelog.visitor.ChangeLogSyncVisitor" />
			<role name="State" element="liquibase.changelog.visitor.ChangeLogSyncListener" />
			<role name="state" element="liquibase.changelog.visitor.ChangeLogSyncVisitor::listener:liquibase.changelog.visitor.ChangeLogSyncListener" />
			<role name="Request()" element="liquibase.changelog.visitor.ChangeLogSyncVisitor::visit(liquibase.changelog.ChangeSet, liquibase.changelog.DatabaseChangeLog, liquibase.database.Database, java.util.Set):void" />
		</instance>
		<instance>
			<role name="Context" element="liquibase.executor.jvm.JdbcExecutor$QueryCallableStatementCallback" />
			<role name="State" element="liquibase.executor.jvm.ResultSetExtractor" />
			<role name="state" element="liquibase.executor.jvm.JdbcExecutor$QueryCallableStatementCallback::rse:liquibase.executor.jvm.ResultSetExtractor" />
			<role name="Request()" element="liquibase.executor.jvm.JdbcExecutor$QueryCallableStatementCallback::doInCallableStatement(java.sql.CallableStatement):java.lang.Object" />
		</instance>
		<instance>
			<role name="Context" element="liquibase.executor.jvm.JdbcExecutor$QueryStatementCallback" />
			<role name="State" element="liquibase.executor.jvm.ResultSetExtractor" />
			<role name="state" element="liquibase.executor.jvm.JdbcExecutor$QueryStatementCallback::rse:liquibase.executor.jvm.ResultSetExtractor" />
			<role name="Request()" element="liquibase.executor.jvm.JdbcExecutor$QueryStatementCallback::doInStatement(java.sql.Statement):java.lang.Object" />
		</instance>
		<instance>
			<role name="Context" element="liquibase.integration.servlet.ServletConfigurationValueProvider" />
			<role name="State" element="liquibase.integration.servlet.GenericServletWrapper$ServletContext" />
			<role name="state" element="liquibase.integration.servlet.ServletConfigurationValueProvider::servletContext:liquibase.integration.servlet.GenericServletWrapper$ServletContext" />
			<role name="Request()" element="liquibase.integration.servlet.ServletConfigurationValueProvider::getProvidedValue(java.lang.String[]):liquibase.configuration.ProvidedValue" />
		</instance>
		<instance>
			<role name="Context" element="liquibase.snapshot.SnapshotControl" />
			<role name="State" element="liquibase.diff.output.ObjectChangeFilter" />
			<role name="state" element="liquibase.snapshot.SnapshotControl::objectChangeFilter:liquibase.diff.output.ObjectChangeFilter" />
			<role name="Request()" element="liquibase.snapshot.SnapshotControl::shouldInclude():boolean" />
		</instance>
	</pattern>
	<pattern name="Strategy" />
	<pattern name="Bridge">
		<instance>
			<role name="Abstraction" element="liquibase.snapshot.DatabaseSnapshot" />
			<role name="Implementor" element="liquibase.structure.DatabaseObject" />
			<role name="implementor" element="liquibase.snapshot.DatabaseSnapshot::originalExamples:liquibase.structure.DatabaseObject[]" />
			<role name="Operation()" element="liquibase.snapshot.DatabaseSnapshot::isWrongSchema(liquibase.structure.DatabaseObject):boolean" />
			<role name="Operation()" element="liquibase.snapshot.DatabaseSnapshot::isWrongCatalog(liquibase.structure.DatabaseObject):boolean" />
		</instance>
		<instance>
			<role name="Abstraction" element="liquibase.database.AbstractJdbcDatabase" />
			<role name="Implementor" element="liquibase.database.DatabaseConnection" />
			<role name="implementor" element="liquibase.database.AbstractJdbcDatabase::connection:liquibase.database.DatabaseConnection" />
			<role name="Operation()" element="liquibase.database.AbstractJdbcDatabase::setConnection(liquibase.database.DatabaseConnection):void" />
			<role name="Operation()" element="liquibase.database.AbstractJdbcDatabase::getDatabaseProductName():java.lang.String" />
			<role name="Operation()" element="liquibase.database.AbstractJdbcDatabase::getDatabaseProductVersion():java.lang.String" />
			<role name="Operation()" element="liquibase.database.AbstractJdbcDatabase::getDatabaseMajorVersion():int" />
			<role name="Operation()" element="liquibase.database.AbstractJdbcDatabase::getDatabaseMinorVersion():int" />
			<role name="Operation()" element="liquibase.database.AbstractJdbcDatabase::getConnectionCatalogName():java.lang.String" />
		</instance>
		<instance>
			<role name="Abstraction" element="liquibase.command.core.helpers.AbstractDatabaseConnectionCommandStep" />
			<role name="Implementor" element="liquibase.database.Database" />
			<role name="implementor" element="liquibase.command.core.helpers.AbstractDatabaseConnectionCommandStep::database:liquibase.database.Database" />
			<role name="Operation()" element="liquibase.command.core.helpers.AbstractDatabaseConnectionCommandStep::createDatabaseObject(java.lang.String, java.lang.String, java.lang.String, java.lang.String, java.lang.String, java.lang.String, java.lang.String, java.lang.String, java.lang.String):liquibase.database.Database" />
			<role name="Operation()" element="liquibase.command.core.helpers.AbstractDatabaseConnectionCommandStep::cleanUp(liquibase.command.CommandResultsBuilder):void" />
		</instance>
		<instance>
			<role name="Abstraction" element="liquibase.snapshot.ResultSetCache$ResultSetExtractor" />
			<role name="Implementor" element="liquibase.database.Database" />
			<role name="implementor" element="liquibase.snapshot.ResultSetCache$ResultSetExtractor::database:liquibase.database.Database" />
			<role name="Operation()" element="liquibase.snapshot.ResultSetCache$ResultSetExtractor::extract(java.sql.ResultSet, boolean):java.util.List" />
		</instance>
		<instance>
			<role name="Abstraction" element="liquibase.snapshot.DatabaseSnapshot" />
			<role name="Implementor" element="liquibase.database.Database" />
			<role name="implementor" element="liquibase.snapshot.DatabaseSnapshot::database:liquibase.database.Database" />
			<role name="Operation()" element="liquibase.snapshot.DatabaseSnapshot::init(liquibase.structure.DatabaseObject[]):void" />
			<role name="Operation()" element="liquibase.snapshot.DatabaseSnapshot::getSerializableFieldValue(java.lang.String):java.lang.Object" />
			<role name="Operation()" element="liquibase.snapshot.DatabaseSnapshot::include():liquibase.structure.DatabaseObject" />
			<role name="Operation()" element="liquibase.snapshot.DatabaseSnapshot::isWrongCatalog(liquibase.structure.DatabaseObject):boolean" />
		</instance>
		<instance>
			<role name="Abstraction" element="liquibase.extension.testing.testsystem.DatabaseTestSystem" />
			<role name="Implementor" element="liquibase.extension.testing.testsystem.wrapper.DatabaseWrapper" />
			<role name="implementor" element="liquibase.extension.testing.testsystem.DatabaseTestSystem::wrapper:liquibase.extension.testing.testsystem.wrapper.DatabaseWrapper" />
			<role name="Operation()" element="liquibase.extension.testing.testsystem.DatabaseTestSystem::start():void" />
			<role name="Operation()" element="liquibase.extension.testing.testsystem.DatabaseTestSystem::stop():void" />
			<role name="Operation()" element="liquibase.extension.testing.testsystem.DatabaseTestSystem::openSetupConnection():java.sql.Connection" />
			<role name="Operation()" element="liquibase.extension.testing.testsystem.DatabaseTestSystem::getConnectionUrl():java.lang.String" />
		</instance>
		<instance>
			<role name="Abstraction" element="liquibase.dbdoc.HTMLWriter" />
			<role name="Implementor" element="liquibase.resource.Resource" />
			<role name="implementor" element="liquibase.dbdoc.HTMLWriter::outputDir:liquibase.resource.Resource" />
			<role name="Operation()" element="liquibase.dbdoc.HTMLWriter::createFileWriter(java.lang.Object):java.io.Writer" />
		</instance>
		<instance>
			<role name="Abstraction" element="liquibase.snapshot.DatabaseSnapshot" />
			<role name="Implementor" element="liquibase.logging.Logger" />
			<role name="implementor" element="liquibase.snapshot.DatabaseSnapshot::LOGGER:liquibase.logging.Logger" />
			<role name="Operation()" element="liquibase.snapshot.DatabaseSnapshot::include():liquibase.structure.DatabaseObject" />
		</instance>
		<instance>
			<role name="Abstraction" element="liquibase.dbdoc.HTMLWriter" />
			<role name="Implementor" element="liquibase.database.Database" />
			<role name="implementor" element="liquibase.dbdoc.HTMLWriter::database:liquibase.database.Database" />
			<role name="Operation()" element="liquibase.dbdoc.HTMLWriter::writeChanges(java.lang.String, java.io.Writer, java.util.List):void" />
		</instance>
	</pattern>
	<pattern name="Template Method">
		<instance>
			<role name="AbstractClass" element="liquibase.parser.core.xml.AbstractChangeLogParser" />
			<role name="TemplateMethod()" element="liquibase.parser.core.xml.AbstractChangeLogParser::parse(java.lang.String, liquibase.changelog.ChangeLogParameters, liquibase.resource.ResourceAccessor):liquibase.changelog.DatabaseChangeLog" />
		</instance>
		<instance>
			<role name="AbstractClass" element="liquibase.command.AbstractCliWrapperCommandStep" />
			<role name="TemplateMethod()" element="liquibase.command.AbstractCliWrapperCommandStep::run(liquibase.command.CommandResultsBuilder):void" />
		</instance>
		<instance>
			<role name="AbstractClass" element="liquibase.parser.AbstractFormattedChangeLogParser" />
			<role name="TemplateMethod()" element="liquibase.parser.AbstractFormattedChangeLogParser::supports(java.lang.String, liquibase.resource.ResourceAccessor):boolean" />
			<role name="TemplateMethod()" element="liquibase.parser.AbstractFormattedChangeLogParser::parse(java.lang.String, liquibase.changelog.ChangeLogParameters, liquibase.resource.ResourceAccessor):liquibase.changelog.DatabaseChangeLog" />
			<role name="TemplateMethod()" element="liquibase.parser.AbstractFormattedChangeLogParser::configureChangeSet(java.lang.String, liquibase.changelog.ChangeLogParameters, java.io.BufferedReader, java.lang.StringBuilder, java.lang.StringBuilder, liquibase.changelog.ChangeSet, int, java.lang.String, java.util.regex.Matcher):void" />
			<role name="TemplateMethod()" element="liquibase.parser.AbstractFormattedChangeLogParser::configureRollbackChange(liquibase.changelog.ChangeLogParameters, java.lang.StringBuilder, liquibase.changelog.ChangeSet, java.util.regex.Matcher, boolean, java.lang.String):void" />
			<role name="TemplateMethod()" element="liquibase.parser.AbstractFormattedChangeLogParser::extractMultiLineRollBack(java.io.BufferedReader):java.lang.StringBuilder" />
		</instance>
		<instance>
			<role name="AbstractClass" element="liquibase.database.AbstractJdbcDatabase" />
			<role name="TemplateMethod()" element="liquibase.database.AbstractJdbcDatabase::getDatabaseProductName():java.lang.String" />
			<role name="TemplateMethod()" element="liquibase.database.AbstractJdbcDatabase::generateDatabaseFunctionValue(liquibase.statement.DatabaseFunction):java.lang.String" />
		</instance>
		<instance>
			<role name="AbstractClass" element="org.liquibase.maven.plugins.AbstractLiquibaseFlowMojo" />
			<role name="TemplateMethod()" element="org.liquibase.maven.plugins.AbstractLiquibaseFlowMojo::performLiquibaseTask(liquibase.Liquibase):void" />
		</instance>
		<instance>
			<role name="AbstractClass" element="org.liquibase.maven.plugins.AbstractLiquibaseMojo" />
			<role name="TemplateMethod()" element="org.liquibase.maven.plugins.AbstractLiquibaseMojo::lambda$execute$1():void" />
		</instance>
		<instance>
			<role name="AbstractClass" element="org.liquibase.maven.plugins.AbstractLiquibaseUpdateMojo" />
			<role name="TemplateMethod()" element="org.liquibase.maven.plugins.AbstractLiquibaseUpdateMojo::performLiquibaseTask(liquibase.Liquibase):void" />
		</instance>
		<instance>
			<role name="AbstractClass" element="liquibase.configuration.AbstractMapConfigurationValueProvider" />
			<role name="TemplateMethod()" element="liquibase.configuration.AbstractMapConfigurationValueProvider::getMapHash():int" />
			<role name="TemplateMethod()" element="liquibase.configuration.AbstractMapConfigurationValueProvider::lookupProvidedValue(java.lang.String[]):liquibase.configuration.ProvidedValue" />
		</instance>
		<instance>
			<role name="AbstractClass" element="liquibase.command.core.helpers.AbstractOutputWriterCommandStep" />
			<role name="TemplateMethod()" element="liquibase.command.core.helpers.AbstractOutputWriterCommandStep::providedDependencies():java.util.List" />
			<role name="TemplateMethod()" element="liquibase.command.core.helpers.AbstractOutputWriterCommandStep::requiredDependencies():java.util.List" />
			<role name="TemplateMethod()" element="liquibase.command.core.helpers.AbstractOutputWriterCommandStep::run(liquibase.command.CommandResultsBuilder):void" />
			<role name="TemplateMethod()" element="liquibase.command.core.helpers.AbstractOutputWriterCommandStep::defineCommandNames():java.lang.String[][]" />
		</instance>
		<instance>
			<role name="AbstractClass" element="liquibase.resource.AbstractPathResourceAccessor" />
			<role name="TemplateMethod()" element="liquibase.resource.AbstractPathResourceAccessor::toString():java.lang.String" />
			<role name="TemplateMethod()" element="liquibase.resource.AbstractPathResourceAccessor::describeLocations():java.util.List" />
			<role name="TemplateMethod()" element="liquibase.resource.AbstractPathResourceAccessor::getAll(java.lang.String):java.util.List" />
			<role name="TemplateMethod()" element="liquibase.resource.AbstractPathResourceAccessor::standardizePath(java.lang.String):java.lang.String" />
			<role name="TemplateMethod()" element="liquibase.resource.AbstractPathResourceAccessor::search(java.lang.String, liquibase.resource.ResourceAccessor$SearchOptions):java.util.List" />
		</instance>
		<instance>
			<role name="AbstractClass" element="liquibase.plugin.AbstractPluginFactory" />
			<role name="TemplateMethod()" element="liquibase.plugin.AbstractPluginFactory::getPlugins(java.lang.Object[]):java.util.Set" />
			<role name="TemplateMethod()" element="liquibase.plugin.AbstractPluginFactory::getForcedPluginIfAvailable():java.util.Optional" />
			<role name="TemplateMethod()" element="liquibase.plugin.AbstractPluginFactory::findAllInstances():java.util.Collection" />
			<role name="TemplateMethod()" element="liquibase.plugin.AbstractPluginFactory::lambda$getPlugins$0(java.lang.Object[], liquibase.plugin.Plugin, liquibase.plugin.Plugin):int" />
		</instance>
		<instance>
			<role name="AbstractClass" element="liquibase.command.core.AbstractUpdateCommandStep" />
			<role name="TemplateMethod()" element="liquibase.command.core.AbstractUpdateCommandStep::run(liquibase.command.CommandResultsBuilder):void" />
			<role name="TemplateMethod()" element="liquibase.command.core.AbstractUpdateCommandStep::isUpToDate(liquibase.command.CommandScope, liquibase.database.Database, liquibase.changelog.DatabaseChangeLog, liquibase.Contexts, liquibase.LabelExpression, java.io.OutputStream):boolean" />
			<role name="TemplateMethod()" element="liquibase.command.core.AbstractUpdateCommandStep::lambda$run$0(liquibase.changelog.ChangeLogIterator, liquibase.database.Database, liquibase.changelog.visitor.ChangeExecListener, liquibase.Contexts, liquibase.LabelExpression, liquibase.changelog.DatabaseChangeLog, liquibase.command.CommandScope, liquibase.changelog.visitor.StatusVisitor, liquibase.command.CommandResultsBuilder):void" />
		</instance>
		<instance>
			<role name="AbstractClass" element="liquibase.integration.ant.BaseLiquibaseTask" />
			<role name="TemplateMethod()" element="liquibase.integration.ant.BaseLiquibaseTask::lambda$execute$0(liquibase.database.Database[]):void" />
		</instance>
		<instance>
			<role name="AbstractClass" element="liquibase.extension.testing.testsystem.DatabaseTestSystem" />
			<role name="TemplateMethod()" element="liquibase.extension.testing.testsystem.DatabaseTestSystem::createWrapper():liquibase.extension.testing.testsystem.wrapper.DatabaseWrapper" />
			<role name="TemplateMethod()" element="liquibase.extension.testing.testsystem.DatabaseTestSystem::setup():void" />
		</instance>
		<instance>
			<role name="AbstractClass" element="liquibase.statement.ExecutablePreparedStatementBase" />
			<role name="TemplateMethod()" element="liquibase.statement.ExecutablePreparedStatementBase::execute(liquibase.database.PreparedStatementFactory):void" />
		</instance>
		<instance>
			<role name="AbstractClass" element="liquibase.dbdoc.HTMLWriter" />
			<role name="TemplateMethod()" element="liquibase.dbdoc.HTMLWriter::writeHTML(java.lang.Object, java.util.List, java.util.List, java.lang.String):void" />
			<role name="TemplateMethod()" element="liquibase.dbdoc.HTMLWriter::writeBody(java.io.Writer, java.lang.Object, java.util.List, java.util.List):void" />
			<role name="TemplateMethod()" element="liquibase.dbdoc.HTMLWriter::writeHeader(java.lang.Object, java.io.Writer):void" />
		</instance>
		<instance>
			<role name="AbstractClass" element="liquibase.sqlgenerator.core.InsertOrUpdateGenerator" />
			<role name="TemplateMethod()" element="liquibase.sqlgenerator.core.InsertOrUpdateGenerator::generateSql(liquibase.statement.core.InsertOrUpdateStatement, liquibase.database.Database, liquibase.sqlgenerator.SqlGeneratorChain):liquibase.sql.Sql[]" />
		</instance>
		<instance>
			<role name="AbstractClass" element="liquibase.snapshot.jvm.JdbcSnapshotGenerator" />
			<role name="TemplateMethod()" element="liquibase.snapshot.jvm.JdbcSnapshotGenerator::snapshot(liquibase.structure.DatabaseObject, liquibase.snapshot.DatabaseSnapshot, liquibase.snapshot.SnapshotGeneratorChain):liquibase.structure.DatabaseObject" />
		</instance>
		<instance>
			<role name="AbstractClass" element="liquibase.snapshot.ResultSetCache$SingleResultSetExtractor" />
			<role name="TemplateMethod()" element="liquibase.snapshot.ResultSetCache$SingleResultSetExtractor::fastFetch():java.util.List" />
			<role name="TemplateMethod()" element="liquibase.snapshot.ResultSetCache$SingleResultSetExtractor::bulkFetch():java.util.List" />
		</instance>
	</pattern>
	<pattern name="Visitor" />
	<pattern name="Proxy">
		<instance>
			<role name="Proxy" element="liquibase.resource.ClassLoaderResourceAccessor" />
			<role name="RealSubject" element="liquibase.resource.CompositeResourceAccessor" />
			<role name="Request()" element="liquibase.resource.ClassLoaderResourceAccessor::describeLocations():java.util.List" />
		</instance>
		<instance>
			<role name="Proxy" element="liquibase.diff.ObjectDifferences$OrderedCollectionCompareFunction" />
			<role name="RealSubject" element="liquibase.diff.ObjectDifferences$StandardCompareFunction" />
			<role name="Request()" element="liquibase.diff.ObjectDifferences$OrderedCollectionCompareFunction::areEqual(java.lang.Object, java.lang.Object):boolean" />
		</instance>
		<instance>
			<role name="Proxy" element="liquibase.diff.ObjectDifferences$UnOrderedCollectionCompareFunction" />
			<role name="RealSubject" element="liquibase.diff.ObjectDifferences$StandardCompareFunction" />
			<role name="Request()" element="liquibase.diff.ObjectDifferences$UnOrderedCollectionCompareFunction::areEqual(java.lang.Object, java.lang.Object):boolean" />
		</instance>
	</pattern>
	<pattern name="Proxy2" />
	<pattern name="Chain of Responsibility" />
</system>

