<?xml version="1.0" encoding="UTF-8"?>
<system>
	<pattern name="Factory Method">
		<instance>
			<role name="Creator" element="org.apache.hadoop.hive.shims.HadoopShims$HdfsErasureCodingShim" />
			<role name="FactoryMethod()" element="org.apache.hadoop.hive.shims.HadoopShims$HdfsErasureCodingShim::getErasureCodingPolicy(org.apache.hadoop.fs.Path):org.apache.hadoop.hive.shims.HadoopShims$HdfsFileErasureCodingPolicy" />
		</instance>
		<instance>
			<role name="Creator" element="org.apache.hadoop.hive.ql.io.sarg.SearchArgument$Builder" />
			<role name="FactoryMethod()" element="org.apache.hadoop.hive.ql.io.sarg.SearchArgument$Builder::build():org.apache.hadoop.hive.ql.io.sarg.SearchArgument" />
		</instance>
	</pattern>
	<pattern name="Prototype" />
	<pattern name="Singleton" />
	<pattern name="(Object)Adapter">
		<instance>
			<role name="Adaptee" element="org.apache.hadoop.hive.common.type.HiveIntervalDayTime" />
			<role name="Adapter" element="org.apache.hadoop.hive.ql.exec.vector.IntervalDayTimeColumnVector" />
			<role name="adaptee" element="org.apache.hadoop.hive.ql.exec.vector.IntervalDayTimeColumnVector::scratchIntervalDayTime:org.apache.hadoop.hive.common.type.HiveIntervalDayTime" />
			<role name="Request()" element="org.apache.hadoop.hive.ql.exec.vector.IntervalDayTimeColumnVector::stringifyValue(java.lang.StringBuilder, int):void" />
		</instance>
		<instance>
			<role name="Adaptee" element="org.apache.hadoop.hive.serde2.io.HiveDecimalWritable" />
			<role name="Adapter" element="org.apache.hadoop.hive.ql.exec.vector.Decimal64ColumnVector" />
			<role name="adaptee" element="org.apache.hadoop.hive.ql.exec.vector.Decimal64ColumnVector::scratchHiveDecWritable:org.apache.hadoop.hive.serde2.io.HiveDecimalWritable" />
			<role name="Request()" element="org.apache.hadoop.hive.ql.exec.vector.Decimal64ColumnVector::set(int, org.apache.hadoop.hive.serde2.io.HiveDecimalWritable):void" />
			<role name="Request()" element="org.apache.hadoop.hive.ql.exec.vector.Decimal64ColumnVector::set(int, org.apache.hadoop.hive.common.type.HiveDecimal):void" />
		</instance>
		<instance>
			<role name="Adaptee" element="org.apache.hadoop.hive.ql.io.sarg.ExpressionTree" />
			<role name="Adapter" element="org.apache.hadoop.hive.ql.io.sarg.SearchArgumentImpl$BuilderImpl" />
			<role name="adaptee" element="org.apache.hadoop.hive.ql.io.sarg.SearchArgumentImpl$BuilderImpl::root:org.apache.hadoop.hive.ql.io.sarg.ExpressionTree" />
			<role name="Request()" element="org.apache.hadoop.hive.ql.io.sarg.SearchArgumentImpl$BuilderImpl::end():org.apache.hadoop.hive.ql.io.sarg.SearchArgument$Builder" />
		</instance>
		<instance>
			<role name="Adaptee" element="org.apache.hadoop.hive.ql.io.sarg.ExpressionTree" />
			<role name="Adapter" element="org.apache.hadoop.hive.ql.io.sarg.SearchArgumentImpl" />
			<role name="adaptee" element="org.apache.hadoop.hive.ql.io.sarg.SearchArgumentImpl::normalizedExpression:org.apache.hadoop.hive.ql.io.sarg.ExpressionTree" />
			<role name="Request()" element="org.apache.hadoop.hive.ql.io.sarg.SearchArgumentImpl::evaluate(org.apache.hadoop.hive.ql.io.sarg.SearchArgument$TruthValue[]):org.apache.hadoop.hive.ql.io.sarg.SearchArgument$TruthValue" />
		</instance>
	</pattern>
	<pattern name="Command" />
	<pattern name="Composite">
		<instance>
			<role name="Component" element="org.apache.hadoop.hive.ql.exec.vector.ColumnVector" />
			<role name="Composite" element="org.apache.hadoop.hive.ql.exec.vector.StructColumnVector" />
			<role name="Operation()" element="org.apache.hadoop.hive.ql.exec.vector.StructColumnVector::flatten(boolean, int[], int):void" />
			<role name="Operation()" element="org.apache.hadoop.hive.ql.exec.vector.StructColumnVector::stringifyValue(java.lang.StringBuilder, int):void" />
		</instance>
		<instance>
			<role name="Component" element="org.apache.hadoop.hive.ql.exec.vector.ColumnVector" />
			<role name="Composite" element="org.apache.hadoop.hive.ql.exec.vector.UnionColumnVector" />
			<role name="Operation()" element="org.apache.hadoop.hive.ql.exec.vector.UnionColumnVector::flatten(boolean, int[], int):void" />
		</instance>
	</pattern>
	<pattern name="Decorator">
		<instance>
			<role name="Component" element="org.apache.hadoop.hive.ql.exec.vector.ColumnVector" />
			<role name="Decorator" element="org.apache.hadoop.hive.ql.exec.vector.ListColumnVector" />
			<role name="component" element="org.apache.hadoop.hive.ql.exec.vector.ListColumnVector::child:org.apache.hadoop.hive.ql.exec.vector.ColumnVector" />
			<role name="Operation()" element="org.apache.hadoop.hive.ql.exec.vector.ListColumnVector::setElement(int, int, org.apache.hadoop.hive.ql.exec.vector.ColumnVector):void" />
			<role name="Operation()" element="org.apache.hadoop.hive.ql.exec.vector.ListColumnVector::stringifyValue(java.lang.StringBuilder, int):void" />
		</instance>
		<instance>
			<role name="Component" element="org.apache.hadoop.hive.ql.exec.vector.ColumnVector" />
			<role name="Decorator" element="org.apache.hadoop.hive.ql.exec.vector.MapColumnVector" />
			<role name="component" element="org.apache.hadoop.hive.ql.exec.vector.MapColumnVector::keys:org.apache.hadoop.hive.ql.exec.vector.ColumnVector" />
			<role name="component" element="org.apache.hadoop.hive.ql.exec.vector.MapColumnVector::values:org.apache.hadoop.hive.ql.exec.vector.ColumnVector" />
			<role name="Operation()" element="org.apache.hadoop.hive.ql.exec.vector.MapColumnVector::setElement(int, int, org.apache.hadoop.hive.ql.exec.vector.ColumnVector):void" />
			<role name="Operation()" element="org.apache.hadoop.hive.ql.exec.vector.MapColumnVector::stringifyValue(java.lang.StringBuilder, int):void" />
		</instance>
	</pattern>
	<pattern name="Observer" />
	<pattern name="State">
		<instance>
			<role name="Context" element="org.apache.hadoop.hive.ql.util.IncrementalObjectSizeEstimator" />
			<role name="State" element="org.apache.hadoop.hive.ql.util.JavaDataModel" />
			<role name="state" element="org.apache.hadoop.hive.ql.util.IncrementalObjectSizeEstimator::memoryModel:org.apache.hadoop.hive.ql.util.JavaDataModel" />
			<role name="Request()" element="org.apache.hadoop.hive.ql.util.IncrementalObjectSizeEstimator::createEstimators(java.lang.Object, java.util.HashMap):void" />
			<role name="Request()" element="org.apache.hadoop.hive.ql.util.IncrementalObjectSizeEstimator::addHardcodedEstimators(java.util.HashMap):void" />
		</instance>
		<instance>
			<role name="Context" element="org.apache.hadoop.hive.ql.io.sarg.ExpressionTree" />
			<role name="State" element="org.apache.hadoop.hive.ql.io.sarg.PredicateLeaf" />
			<role name="state" element="org.apache.hadoop.hive.ql.io.sarg.ExpressionTree::leaf:org.apache.hadoop.hive.ql.io.sarg.PredicateLeaf" />
			<role name="Request()" element="org.apache.hadoop.hive.ql.io.sarg.ExpressionTree::evaluate(org.apache.hadoop.hive.ql.io.sarg.SearchArgument$TruthValue[]):org.apache.hadoop.hive.ql.io.sarg.SearchArgument$TruthValue" />
			<role name="Request()" element="org.apache.hadoop.hive.ql.io.sarg.ExpressionTree::buildString(boolean, java.lang.StringBuilder):void" />
			<role name="Request()" element="org.apache.hadoop.hive.ql.io.sarg.ExpressionTree::getLeaf():int" />
		</instance>
		<instance>
			<role name="Context" element="org.apache.hadoop.hive.ql.exec.vector.VectorizedRowBatch" />
			<role name="State" element="org.apache.hadoop.hive.ql.exec.vector.ColumnVector" />
			<role name="state" element="org.apache.hadoop.hive.ql.exec.vector.VectorizedRowBatch::cols:org.apache.hadoop.hive.ql.exec.vector.ColumnVector[]" />
			<role name="Request()" element="org.apache.hadoop.hive.ql.exec.vector.VectorizedRowBatch::stringifyColumn(int):java.lang.String" />
			<role name="Request()" element="org.apache.hadoop.hive.ql.exec.vector.VectorizedRowBatch::stringify(java.lang.String):java.lang.String" />
		</instance>
	</pattern>
	<pattern name="Strategy" />
	<pattern name="Bridge" />
	<pattern name="Template Method">
		<instance>
			<role name="AbstractClass" element="org.apache.hadoop.hive.ql.util.JavaDataModel" />
			<role name="TemplateMethod()" element="org.apache.hadoop.hive.ql.util.JavaDataModel::lengthForRandom():int" />
			<role name="TemplateMethod()" element="org.apache.hadoop.hive.ql.util.JavaDataModel::lengthForPrimitiveArrayOfSize(int, long):long" />
			<role name="TemplateMethod()" element="org.apache.hadoop.hive.ql.util.JavaDataModel::lengthForObjectArrayOfSize(long):long" />
			<role name="TemplateMethod()" element="org.apache.hadoop.hive.ql.util.JavaDataModel::lengthOfDecimal():int" />
			<role name="TemplateMethod()" element="org.apache.hadoop.hive.ql.util.JavaDataModel::lengthOfBigInteger():int" />
			<role name="TemplateMethod()" element="org.apache.hadoop.hive.ql.util.JavaDataModel::lengthOfTimestamp():int" />
			<role name="TemplateMethod()" element="org.apache.hadoop.hive.ql.util.JavaDataModel::lengthOfDate():int" />
			<role name="TemplateMethod()" element="org.apache.hadoop.hive.ql.util.JavaDataModel::lengthForStringOfLength(int):int" />
		</instance>
		<instance>
			<role name="AbstractClass" element="org.apache.hadoop.hive.ql.exec.vector.MultiValuedColumnVector" />
			<role name="TemplateMethod()" element="org.apache.hadoop.hive.ql.exec.vector.MultiValuedColumnVector::flatten(boolean, int[], int):void" />
		</instance>
	</pattern>
	<pattern name="Visitor" />
	<pattern name="Proxy" />
	<pattern name="Proxy2" />
	<pattern name="Chain of Responsibility" />
</system>

