<?xml version="1.0" encoding="UTF-8"?>
<system>
	<pattern name="Factory Method" />
	<pattern name="Prototype" />
	<pattern name="Singleton">
		<instance>
			<role name="Singleton" element="com.github.rnewson.couchdb.lucene.Tika" />
			<role name="uniqueInstance" element="com.github.rnewson.couchdb.lucene.Tika::INSTANCE:com.github.rnewson.couchdb.lucene.Tika" />
		</instance>
		<instance>
			<role name="Singleton" element="com.github.rnewson.couchdb.lucene.couchdb.UpdateSequence" />
			<role name="uniqueInstance" element="com.github.rnewson.couchdb.lucene.couchdb.UpdateSequence::START:com.github.rnewson.couchdb.lucene.couchdb.UpdateSequence" />
		</instance>
	</pattern>
	<pattern name="(Object)Adapter" />
	<pattern name="Command" />
	<pattern name="Composite" />
	<pattern name="Decorator" />
	<pattern name="Observer" />
	<pattern name="State">
		<instance>
			<role name="Context" element="com.github.rnewson.couchdb.lucene.TypedField" />
			<role name="State" element="com.github.rnewson.couchdb.lucene.couchdb.FieldType" />
			<role name="state" element="com.github.rnewson.couchdb.lucene.TypedField::type:com.github.rnewson.couchdb.lucene.couchdb.FieldType" />
			<role name="Request()" element="com.github.rnewson.couchdb.lucene.TypedField::toRangeQuery(java.lang.String, java.lang.String, boolean, boolean):org.apache.lucene.search.Query" />
			<role name="Request()" element="com.github.rnewson.couchdb.lucene.TypedField::toTermQuery(java.lang.String):org.apache.lucene.search.Query" />
		</instance>
		<instance>
			<role name="Context" element="com.github.rnewson.couchdb.lucene.DatabaseIndexer$IndexState" />
			<role name="State" element="com.github.rnewson.couchdb.lucene.couchdb.UpdateSequence" />
			<role name="state" element="com.github.rnewson.couchdb.lucene.DatabaseIndexer$IndexState::pending_seq:com.github.rnewson.couchdb.lucene.couchdb.UpdateSequence" />
			<role name="Request()" element="com.github.rnewson.couchdb.lucene.DatabaseIndexer$IndexState::blockForLatest(boolean):void" />
		</instance>
		<instance>
			<role name="Context" element="com.github.rnewson.couchdb.lucene.DatabaseIndexer" />
			<role name="State" element="com.github.rnewson.couchdb.lucene.couchdb.UpdateSequence" />
			<role name="state" element="com.github.rnewson.couchdb.lucene.DatabaseIndexer::ddoc_seq:com.github.rnewson.couchdb.lucene.couchdb.UpdateSequence" />
			<role name="state" element="com.github.rnewson.couchdb.lucene.DatabaseIndexer::since:com.github.rnewson.couchdb.lucene.couchdb.UpdateSequence" />
			<role name="Request()" element="com.github.rnewson.couchdb.lucene.DatabaseIndexer::handleResponse(org.apache.http.HttpResponse):java.lang.Void" />
			<role name="Request()" element="com.github.rnewson.couchdb.lucene.DatabaseIndexer::init():void" />
		</instance>
	</pattern>
	<pattern name="Strategy" />
	<pattern name="Bridge" />
	<pattern name="Template Method">
		<instance>
			<role name="AbstractClass" element="com.github.rnewson.couchdb.lucene.util.Analyzers" />
			<role name="TemplateMethod()" element="com.github.rnewson.couchdb.lucene.util.Analyzers::getAnalyzer(java.lang.String):org.apache.lucene.analysis.Analyzer" />
			<role name="TemplateMethod()" element="com.github.rnewson.couchdb.lucene.util.Analyzers::getAnalyzer(org.json.JSONObject):org.apache.lucene.analysis.Analyzer" />
		</instance>
	</pattern>
	<pattern name="Visitor" />
	<pattern name="Proxy" />
	<pattern name="Proxy2" />
	<pattern name="Chain of Responsibility" />
</system>

