<?xml version="1.0" encoding="UTF-8"?>
<system>
	<pattern name="Factory Method" />
	<pattern name="Prototype" />
	<pattern name="Singleton" />
	<pattern name="(Object)Adapter">
		<instance>
			<role name="Adapter" element="org.webbitserver.handler.logging.LoggingWebSocketHandler" />
			<role name="Adaptee" element="org.webbitserver.handler.logging.LogSink" />
			<role name="adaptee" element="org.webbitserver.handler.logging.LoggingWebSocketHandler::logSink:org.webbitserver.handler.logging.LogSink" />
			<role name="Request()" element="org.webbitserver.handler.logging.LoggingWebSocketHandler::onOpen(org.webbitserver.WebSocketConnection):void" />
			<role name="Request()" element="org.webbitserver.handler.logging.LoggingWebSocketHandler::onClose(org.webbitserver.WebSocketConnection):void" />
			<role name="Request()" element="org.webbitserver.handler.logging.LoggingWebSocketHandler::onMessage(org.webbitserver.WebSocketConnection, java.lang.String):void" />
			<role name="Request()" element="org.webbitserver.handler.logging.LoggingWebSocketHandler::onMessage(org.webbitserver.WebSocketConnection, byte[]):void" />
			<role name="Request()" element="org.webbitserver.handler.logging.LoggingWebSocketHandler::onPing(org.webbitserver.WebSocketConnection, byte[]):void" />
			<role name="Request()" element="org.webbitserver.handler.logging.LoggingWebSocketHandler::onPong(org.webbitserver.WebSocketConnection, byte[]):void" />
		</instance>
		<instance>
			<role name="Adaptee" element="org.webbitserver.HttpResponse" />
			<role name="Adapter" element="org.webbitserver.handler.StaticFileHandler$FileWorker" />
			<role name="adaptee" element="org.webbitserver.handler.StaticFileHandler$FileWorker::response:org.webbitserver.HttpResponse" />
			<role name="Request()" element="org.webbitserver.handler.StaticFileHandler$FileWorker::fileBytes():byte[]" />
		</instance>
		<instance>
			<role name="Adapter" element="org.webbitserver.netty.NettyHttpControl" />
			<role name="Adaptee" element="org.webbitserver.HttpResponse" />
			<role name="adaptee" element="org.webbitserver.netty.NettyHttpControl::webbitHttpResponse:org.webbitserver.HttpResponse" />
			<role name="Request()" element="org.webbitserver.netty.NettyHttpControl::nextHandler(org.webbitserver.HttpRequest, org.webbitserver.HttpResponse, org.webbitserver.HttpControl):void" />
		</instance>
		<instance>
			<role name="Adaptee" element="org.webbitserver.handler.logging.LogSink" />
			<role name="Adapter" element="org.webbitserver.handler.logging.LoggingEventSourceHandler" />
			<role name="adaptee" element="org.webbitserver.handler.logging.LoggingEventSourceHandler::logSink:org.webbitserver.handler.logging.LogSink" />
			<role name="Request()" element="org.webbitserver.handler.logging.LoggingEventSourceHandler::onOpen(org.webbitserver.EventSourceConnection):void" />
			<role name="Request()" element="org.webbitserver.handler.logging.LoggingEventSourceHandler::onClose(org.webbitserver.EventSourceConnection):void" />
		</instance>
		<instance>
			<role name="Adaptee" element="org.webbitserver.HttpRequest" />
			<role name="Adapter" element="org.webbitserver.handler.StaticFileHandler$FileWorker" />
			<role name="adaptee" element="org.webbitserver.handler.StaticFileHandler$FileWorker::request:org.webbitserver.HttpRequest" />
			<role name="Request()" element="org.webbitserver.handler.StaticFileHandler$FileWorker::fileBytes():byte[]" />
		</instance>
		<instance>
			<role name="Adapter" element="org.webbitserver.handler.logging.LoggingWebSocketHandler" />
			<role name="Adaptee" element="org.webbitserver.WebSocketConnection" />
			<role name="adaptee" element="org.webbitserver.handler.logging.LoggingWebSocketHandler::loggingConnection:org.webbitserver.WebSocketConnection" />
			<role name="Request()" element="org.webbitserver.handler.logging.LoggingWebSocketHandler::onClose(org.webbitserver.WebSocketConnection):void" />
		</instance>
		<instance>
			<role name="Adaptee" element="org.webbitserver.EventSourceConnection" />
			<role name="Adapter" element="org.webbitserver.handler.logging.LoggingEventSourceHandler" />
			<role name="adaptee" element="org.webbitserver.handler.logging.LoggingEventSourceHandler::loggingConnection:org.webbitserver.EventSourceConnection" />
			<role name="Request()" element="org.webbitserver.handler.logging.LoggingEventSourceHandler::onClose(org.webbitserver.EventSourceConnection):void" />
		</instance>
		<instance>
			<role name="Adaptee" element="org.webbitserver.handler.authentication.PasswordAuthenticator" />
			<role name="Adapter" element="org.webbitserver.handler.authentication.BasicAuthenticationHandler" />
			<role name="adaptee" element="org.webbitserver.handler.authentication.BasicAuthenticationHandler::authenticator:org.webbitserver.handler.authentication.PasswordAuthenticator" />
			<role name="Request()" element="org.webbitserver.handler.authentication.BasicAuthenticationHandler::handleHttpRequest(org.webbitserver.HttpRequest, org.webbitserver.HttpResponse, org.webbitserver.HttpControl):void" />
		</instance>
		<instance>
			<role name="Adaptee" element="org.webbitserver.handler.logging.LogSink" />
			<role name="Adapter" element="org.webbitserver.handler.logging.LoggingHandler" />
			<role name="adaptee" element="org.webbitserver.handler.logging.LoggingHandler::logSink:org.webbitserver.handler.logging.LogSink" />
			<role name="Request()" element="org.webbitserver.handler.logging.LoggingHandler::handleHttpRequest(org.webbitserver.HttpRequest, org.webbitserver.HttpResponse, org.webbitserver.HttpControl):void" />
		</instance>
	</pattern>
	<pattern name="Command" />
	<pattern name="Composite" />
	<pattern name="Decorator">
		<instance>
			<role name="Component" element="org.webbitserver.HttpHandler" />
			<role name="Decorator" element="org.webbitserver.handler.PathMatchHandler" />
			<role name="component" element="org.webbitserver.handler.PathMatchHandler::httpHandler:org.webbitserver.HttpHandler" />
			<role name="Operation()" element="org.webbitserver.handler.PathMatchHandler::handleHttpRequest(org.webbitserver.HttpRequest, org.webbitserver.HttpResponse, org.webbitserver.HttpControl):void" />
		</instance>
		<instance>
			<role name="Component" element="org.webbitserver.HttpResponse" />
			<role name="Decorator" element="org.webbitserver.wrapper.HttpResponseWrapper" />
			<role name="component" element="org.webbitserver.wrapper.HttpResponseWrapper::response:org.webbitserver.HttpResponse" />
			<role name="Operation()" element="org.webbitserver.wrapper.HttpResponseWrapper::charset():java.nio.charset.Charset" />
			<role name="Operation()" element="org.webbitserver.wrapper.HttpResponseWrapper::status():int" />
			<role name="Operation()" element="org.webbitserver.wrapper.HttpResponseWrapper::containsHeader(java.lang.String):boolean" />
		</instance>
		<instance>
			<role name="Component" element="org.webbitserver.HttpControl" />
			<role name="Decorator" element="org.webbitserver.wrapper.HttpControlWrapper" />
			<role name="component" element="org.webbitserver.wrapper.HttpControlWrapper::control:org.webbitserver.HttpControl" />
			<role name="Operation()" element="org.webbitserver.wrapper.HttpControlWrapper::nextHandler():void" />
			<role name="Operation()" element="org.webbitserver.wrapper.HttpControlWrapper::nextHandler(org.webbitserver.HttpRequest, org.webbitserver.HttpResponse):void" />
			<role name="Operation()" element="org.webbitserver.wrapper.HttpControlWrapper::upgradeToWebSocketConnection(org.webbitserver.WebSocketHandler):org.webbitserver.WebSocketConnection" />
			<role name="Operation()" element="org.webbitserver.wrapper.HttpControlWrapper::webSocketConnection():org.webbitserver.WebSocketConnection" />
			<role name="Operation()" element="org.webbitserver.wrapper.HttpControlWrapper::upgradeToEventSourceConnection(org.webbitserver.EventSourceHandler):org.webbitserver.EventSourceConnection" />
			<role name="Operation()" element="org.webbitserver.wrapper.HttpControlWrapper::eventSourceConnection():org.webbitserver.EventSourceConnection" />
			<role name="Operation()" element="org.webbitserver.wrapper.HttpControlWrapper::handlerExecutor():java.util.concurrent.Executor" />
		</instance>
		<instance>
			<role name="Component" element="org.webbitserver.WebSocketConnection" />
			<role name="Decorator" element="org.webbitserver.wrapper.WebSocketConnectionWrapper" />
			<role name="component" element="org.webbitserver.wrapper.WebSocketConnectionWrapper::connection:org.webbitserver.WebSocketConnection" />
			<role name="Operation()" element="org.webbitserver.wrapper.WebSocketConnectionWrapper::version():java.lang.String" />
		</instance>
		<instance>
			<role name="Component" element="org.webbitserver.HttpRequest" />
			<role name="Decorator" element="org.webbitserver.wrapper.HttpRequestWrapper" />
			<role name="component" element="org.webbitserver.wrapper.HttpRequestWrapper::request:org.webbitserver.HttpRequest" />
			<role name="Operation()" element="org.webbitserver.wrapper.HttpRequestWrapper::uri():java.lang.String" />
			<role name="Operation()" element="org.webbitserver.wrapper.HttpRequestWrapper::header(java.lang.String):java.lang.String" />
			<role name="Operation()" element="org.webbitserver.wrapper.HttpRequestWrapper::hasHeader(java.lang.String):boolean" />
			<role name="Operation()" element="org.webbitserver.wrapper.HttpRequestWrapper::cookies():java.util.List" />
			<role name="Operation()" element="org.webbitserver.wrapper.HttpRequestWrapper::cookie(java.lang.String):java.net.HttpCookie" />
			<role name="Operation()" element="org.webbitserver.wrapper.HttpRequestWrapper::queryParam(java.lang.String):java.lang.String" />
			<role name="Operation()" element="org.webbitserver.wrapper.HttpRequestWrapper::queryParams(java.lang.String):java.util.List" />
			<role name="Operation()" element="org.webbitserver.wrapper.HttpRequestWrapper::queryParamKeys():java.util.Set" />
			<role name="Operation()" element="org.webbitserver.wrapper.HttpRequestWrapper::postParam(java.lang.String):java.lang.String" />
			<role name="Operation()" element="org.webbitserver.wrapper.HttpRequestWrapper::postParams(java.lang.String):java.util.List" />
			<role name="Operation()" element="org.webbitserver.wrapper.HttpRequestWrapper::postParamKeys():java.util.Set" />
			<role name="Operation()" element="org.webbitserver.wrapper.HttpRequestWrapper::cookieValue(java.lang.String):java.lang.String" />
			<role name="Operation()" element="org.webbitserver.wrapper.HttpRequestWrapper::headers(java.lang.String):java.util.List" />
			<role name="Operation()" element="org.webbitserver.wrapper.HttpRequestWrapper::allHeaders():java.util.List" />
			<role name="Operation()" element="org.webbitserver.wrapper.HttpRequestWrapper::method():java.lang.String" />
			<role name="Operation()" element="org.webbitserver.wrapper.HttpRequestWrapper::body():java.lang.String" />
			<role name="Operation()" element="org.webbitserver.wrapper.HttpRequestWrapper::bodyAsBytes():byte[]" />
			<role name="Operation()" element="org.webbitserver.wrapper.HttpRequestWrapper::remoteAddress():java.net.SocketAddress" />
			<role name="Operation()" element="org.webbitserver.wrapper.HttpRequestWrapper::id():java.lang.Object" />
			<role name="Operation()" element="org.webbitserver.wrapper.HttpRequestWrapper::timestamp():long" />
		</instance>
		<instance>
			<role name="Component" element="org.webbitserver.WebSocketHandler" />
			<role name="Decorator" element="org.webbitserver.handler.ReconnectingWebSocketHandler" />
			<role name="component" element="org.webbitserver.handler.ReconnectingWebSocketHandler::handler:org.webbitserver.WebSocketHandler" />
			<role name="Operation()" element="org.webbitserver.handler.ReconnectingWebSocketHandler::onOpen(org.webbitserver.WebSocketConnection):void" />
			<role name="Operation()" element="org.webbitserver.handler.ReconnectingWebSocketHandler::onClose(org.webbitserver.WebSocketConnection):void" />
			<role name="Operation()" element="org.webbitserver.handler.ReconnectingWebSocketHandler::onMessage(org.webbitserver.WebSocketConnection, java.lang.String):void" />
			<role name="Operation()" element="org.webbitserver.handler.ReconnectingWebSocketHandler::onMessage(org.webbitserver.WebSocketConnection, byte[]):void" />
			<role name="Operation()" element="org.webbitserver.handler.ReconnectingWebSocketHandler::onPing(org.webbitserver.WebSocketConnection, byte[]):void" />
			<role name="Operation()" element="org.webbitserver.handler.ReconnectingWebSocketHandler::onPong(org.webbitserver.WebSocketConnection, byte[]):void" />
		</instance>
		<instance>
			<role name="Component" element="org.webbitserver.WebSocketHandler" />
			<role name="Decorator" element="org.webbitserver.handler.logging.LoggingWebSocketHandler" />
			<role name="component" element="org.webbitserver.handler.logging.LoggingWebSocketHandler::handler:org.webbitserver.WebSocketHandler" />
			<role name="Operation()" element="org.webbitserver.handler.logging.LoggingWebSocketHandler::onOpen(org.webbitserver.WebSocketConnection):void" />
			<role name="Operation()" element="org.webbitserver.handler.logging.LoggingWebSocketHandler::onClose(org.webbitserver.WebSocketConnection):void" />
			<role name="Operation()" element="org.webbitserver.handler.logging.LoggingWebSocketHandler::onMessage(org.webbitserver.WebSocketConnection, java.lang.String):void" />
			<role name="Operation()" element="org.webbitserver.handler.logging.LoggingWebSocketHandler::onMessage(org.webbitserver.WebSocketConnection, byte[]):void" />
			<role name="Operation()" element="org.webbitserver.handler.logging.LoggingWebSocketHandler::onPing(org.webbitserver.WebSocketConnection, byte[]):void" />
			<role name="Operation()" element="org.webbitserver.handler.logging.LoggingWebSocketHandler::onPong(org.webbitserver.WebSocketConnection, byte[]):void" />
		</instance>
		<instance>
			<role name="Component" element="org.webbitserver.EventSourceHandler" />
			<role name="Decorator" element="org.webbitserver.handler.logging.LoggingEventSourceHandler" />
			<role name="component" element="org.webbitserver.handler.logging.LoggingEventSourceHandler::handler:org.webbitserver.EventSourceHandler" />
			<role name="Operation()" element="org.webbitserver.handler.logging.LoggingEventSourceHandler::onOpen(org.webbitserver.EventSourceConnection):void" />
			<role name="Operation()" element="org.webbitserver.handler.logging.LoggingEventSourceHandler::onClose(org.webbitserver.EventSourceConnection):void" />
		</instance>
	</pattern>
	<pattern name="Observer" />
	<pattern name="State">
		<instance>
			<role name="Context" element="org.webbitserver.handler.logging.LoggingWebSocketHandler" />
			<role name="State" element="org.webbitserver.handler.logging.LogSink" />
			<role name="state" element="org.webbitserver.handler.logging.LoggingWebSocketHandler::logSink:org.webbitserver.handler.logging.LogSink" />
			<role name="Request()" element="org.webbitserver.handler.logging.LoggingWebSocketHandler::onOpen(org.webbitserver.WebSocketConnection):void" />
			<role name="Request()" element="org.webbitserver.handler.logging.LoggingWebSocketHandler::onClose(org.webbitserver.WebSocketConnection):void" />
			<role name="Request()" element="org.webbitserver.handler.logging.LoggingWebSocketHandler::onMessage(org.webbitserver.WebSocketConnection, java.lang.String):void" />
			<role name="Request()" element="org.webbitserver.handler.logging.LoggingWebSocketHandler::onMessage(org.webbitserver.WebSocketConnection, byte[]):void" />
			<role name="Request()" element="org.webbitserver.handler.logging.LoggingWebSocketHandler::onPing(org.webbitserver.WebSocketConnection, byte[]):void" />
			<role name="Request()" element="org.webbitserver.handler.logging.LoggingWebSocketHandler::onPong(org.webbitserver.WebSocketConnection, byte[]):void" />
		</instance>
		<instance>
			<role name="Context" element="org.webbitserver.handler.logging.LoggingWebSocketConnection" />
			<role name="State" element="org.webbitserver.handler.logging.LogSink" />
			<role name="state" element="org.webbitserver.handler.logging.LoggingWebSocketConnection::logSink:org.webbitserver.handler.logging.LogSink" />
			<role name="Request()" element="org.webbitserver.handler.logging.LoggingWebSocketConnection::send(java.lang.String):org.webbitserver.wrapper.WebSocketConnectionWrapper" />
			<role name="Request()" element="org.webbitserver.handler.logging.LoggingWebSocketConnection::send(byte[]):org.webbitserver.wrapper.WebSocketConnectionWrapper" />
			<role name="Request()" element="org.webbitserver.handler.logging.LoggingWebSocketConnection::send(byte[], int, int):org.webbitserver.wrapper.WebSocketConnectionWrapper" />
			<role name="Request()" element="org.webbitserver.handler.logging.LoggingWebSocketConnection::ping(byte[]):org.webbitserver.wrapper.WebSocketConnectionWrapper" />
			<role name="Request()" element="org.webbitserver.handler.logging.LoggingWebSocketConnection::pong(byte[]):org.webbitserver.wrapper.WebSocketConnectionWrapper" />
		</instance>
		<instance>
			<role name="Context" element="org.webbitserver.handler.StaticFileHandler$FileWorker" />
			<role name="State" element="org.webbitserver.HttpResponse" />
			<role name="state" element="org.webbitserver.handler.StaticFileHandler$FileWorker::response:org.webbitserver.HttpResponse" />
			<role name="Request()" element="org.webbitserver.handler.StaticFileHandler$FileWorker::fileBytes():byte[]" />
		</instance>
		<instance>
			<role name="Context" element="org.webbitserver.netty.NettyHttpControl" />
			<role name="State" element="org.webbitserver.HttpResponse" />
			<role name="state" element="org.webbitserver.netty.NettyHttpControl::webbitHttpResponse:org.webbitserver.HttpResponse" />
			<role name="Request()" element="org.webbitserver.netty.NettyHttpControl::nextHandler(org.webbitserver.HttpRequest, org.webbitserver.HttpResponse, org.webbitserver.HttpControl):void" />
		</instance>
		<instance>
			<role name="Context" element="org.webbitserver.handler.logging.LoggingEventSourceHandler" />
			<role name="State" element="org.webbitserver.handler.logging.LogSink" />
			<role name="state" element="org.webbitserver.handler.logging.LoggingEventSourceHandler::logSink:org.webbitserver.handler.logging.LogSink" />
			<role name="Request()" element="org.webbitserver.handler.logging.LoggingEventSourceHandler::onOpen(org.webbitserver.EventSourceConnection):void" />
			<role name="Request()" element="org.webbitserver.handler.logging.LoggingEventSourceHandler::onClose(org.webbitserver.EventSourceConnection):void" />
		</instance>
		<instance>
			<role name="Context" element="org.webbitserver.handler.StaticFileHandler$FileWorker" />
			<role name="State" element="org.webbitserver.HttpRequest" />
			<role name="state" element="org.webbitserver.handler.StaticFileHandler$FileWorker::request:org.webbitserver.HttpRequest" />
			<role name="Request()" element="org.webbitserver.handler.StaticFileHandler$FileWorker::fileBytes():byte[]" />
		</instance>
		<instance>
			<role name="Context" element="org.webbitserver.handler.logging.LoggingEventSourceConnection" />
			<role name="State" element="org.webbitserver.handler.logging.LogSink" />
			<role name="state" element="org.webbitserver.handler.logging.LoggingEventSourceConnection::logSink:org.webbitserver.handler.logging.LogSink" />
			<role name="Request()" element="org.webbitserver.handler.logging.LoggingEventSourceConnection::send(org.webbitserver.EventSourceMessage):org.webbitserver.wrapper.EventSourceConnectionWrapper" />
		</instance>
		<instance>
			<role name="Context" element="org.webbitserver.handler.authentication.BasicAuthenticationHandler" />
			<role name="State" element="org.webbitserver.handler.authentication.PasswordAuthenticator" />
			<role name="state" element="org.webbitserver.handler.authentication.BasicAuthenticationHandler::authenticator:org.webbitserver.handler.authentication.PasswordAuthenticator" />
			<role name="Request()" element="org.webbitserver.handler.authentication.BasicAuthenticationHandler::handleHttpRequest(org.webbitserver.HttpRequest, org.webbitserver.HttpResponse, org.webbitserver.HttpControl):void" />
		</instance>
		<instance>
			<role name="Context" element="org.webbitserver.handler.logging.LoggingHandler" />
			<role name="State" element="org.webbitserver.handler.logging.LogSink" />
			<role name="state" element="org.webbitserver.handler.logging.LoggingHandler::logSink:org.webbitserver.handler.logging.LogSink" />
			<role name="Request()" element="org.webbitserver.handler.logging.LoggingHandler::handleHttpRequest(org.webbitserver.HttpRequest, org.webbitserver.HttpResponse, org.webbitserver.HttpControl):void" />
		</instance>
	</pattern>
	<pattern name="Strategy" />
	<pattern name="Bridge">
		<instance>
			<role name="Abstraction" element="org.webbitserver.handler.AbstractResourceHandler$IOWorker" />
			<role name="Implementor" element="org.webbitserver.HttpResponse" />
			<role name="implementor" element="org.webbitserver.handler.AbstractResourceHandler$IOWorker::response:org.webbitserver.HttpResponse" />
			<role name="Operation()" element="org.webbitserver.handler.AbstractResourceHandler$IOWorker::run():void" />
			<role name="Operation()" element="org.webbitserver.handler.AbstractResourceHandler$IOWorker::guessMimeType(java.lang.String):java.lang.String" />
		</instance>
	</pattern>
	<pattern name="Template Method">
		<instance>
			<role name="AbstractClass" element="org.webbitserver.handler.AbstractResourceHandler$IOWorker" />
			<role name="TemplateMethod()" element="org.webbitserver.handler.AbstractResourceHandler$IOWorker::run():void" />
		</instance>
		<instance>
			<role name="AbstractClass" element="org.webbitserver.handler.AbstractResourceHandler" />
			<role name="TemplateMethod()" element="org.webbitserver.handler.AbstractResourceHandler::handleHttpRequest(org.webbitserver.HttpRequest, org.webbitserver.HttpResponse, org.webbitserver.HttpControl):void" />
		</instance>
		<instance>
			<role name="AbstractClass" element="org.webbitserver.netty.CatchingRunnable" />
			<role name="TemplateMethod()" element="org.webbitserver.netty.CatchingRunnable::run():void" />
		</instance>
	</pattern>
	<pattern name="Visitor" />
	<pattern name="Proxy" />
	<pattern name="Proxy2" />
	<pattern name="Chain of Responsibility" />
</system>

