<?xml version="1.0" encoding="UTF-8"?>
<system>
	<pattern name="Factory Method">
		<instance>
			<role name="Creator" element="com.tagtraum.perf.gcviewer.imp.AbstractDataReaderSun" />
			<role name="FactoryMethod()" element="com.tagtraum.perf.gcviewer.imp.AbstractDataReaderSun::parseLine(java.lang.String, com.tagtraum.perf.gcviewer.util.ParseInformation):com.tagtraum.perf.gcviewer.model.AbstractGCEvent" />
		</instance>
		<instance>
			<role name="Creator" element="com.tagtraum.perf.gcviewer.ctrl.GCModelLoaderController" />
			<role name="FactoryMethod()" element="com.tagtraum.perf.gcviewer.ctrl.GCModelLoaderController::reload(com.tagtraum.perf.gcviewer.view.GCDocument):com.tagtraum.perf.gcviewer.ctrl.GCModelLoaderGroupTracker" />
		</instance>
	</pattern>
	<pattern name="Prototype" />
	<pattern name="Singleton">
		<instance>
			<role name="Singleton" element="com.tagtraum.perf.gcviewer.model.AbstractGCEvent$ExtendedType" />
			<role name="uniqueInstance" element="com.tagtraum.perf.gcviewer.model.AbstractGCEvent$ExtendedType::UNDEFINED:com.tagtraum.perf.gcviewer.model.AbstractGCEvent$ExtendedType" />
		</instance>
	</pattern>
	<pattern name="(Object)Adapter">
		<instance>
			<role name="Adaptee" element="com.tagtraum.perf.gcviewer.model.GCModel" />
			<role name="Adapter" element="com.tagtraum.perf.gcviewer.view.ModelChartImpl" />
			<role name="adaptee" element="com.tagtraum.perf.gcviewer.view.ModelChartImpl::model:com.tagtraum.perf.gcviewer.model.GCModel" />
			<role name="Request()" element="com.tagtraum.perf.gcviewer.view.ModelChartImpl::setShowDateStamp(boolean):void" />
		</instance>
		<instance>
			<role name="Adaptee" element="com.tagtraum.perf.gcviewer.view.TimeOffsetPanel" />
			<role name="Adapter" element="com.tagtraum.perf.gcviewer.view.ModelChartImpl" />
			<role name="adaptee" element="com.tagtraum.perf.gcviewer.view.ModelChartImpl::timeOffsetPanel:com.tagtraum.perf.gcviewer.view.TimeOffsetPanel" />
			<role name="Request()" element="com.tagtraum.perf.gcviewer.view.ModelChartImpl::setShowDateStamp(boolean):void" />
		</instance>
		<instance>
			<role name="Adaptee" element="com.tagtraum.perf.gcviewer.view.ModelChartImpl$Chart" />
			<role name="Adapter" element="com.tagtraum.perf.gcviewer.view.ModelChartImpl" />
			<role name="adaptee" element="com.tagtraum.perf.gcviewer.view.ModelChartImpl::chart:com.tagtraum.perf.gcviewer.view.ModelChartImpl$Chart" />
			<role name="Request()" element="com.tagtraum.perf.gcviewer.view.ModelChartImpl::resetPolygonCache():void" />
			<role name="Request()" element="com.tagtraum.perf.gcviewer.view.ModelChartImpl::setScaleFactor(double):void" />
			<role name="Request()" element="com.tagtraum.perf.gcviewer.view.ModelChartImpl::setRunningTime(double):void" />
			<role name="Request()" element="com.tagtraum.perf.gcviewer.view.ModelChartImpl::setFootprint(long):void" />
			<role name="Request()" element="com.tagtraum.perf.gcviewer.view.ModelChartImpl::setMaxPause(double):void" />
		</instance>
		<instance>
			<role name="Adaptee" element="com.tagtraum.perf.gcviewer.view.ModelChartImpl$Ruler" />
			<role name="Adapter" element="com.tagtraum.perf.gcviewer.view.ModelChartImpl" />
			<role name="adaptee" element="com.tagtraum.perf.gcviewer.view.ModelChartImpl::memoryRuler:com.tagtraum.perf.gcviewer.view.ModelChartImpl$Ruler" />
			<role name="adaptee" element="com.tagtraum.perf.gcviewer.view.ModelChartImpl::pauseRuler:com.tagtraum.perf.gcviewer.view.ModelChartImpl$Ruler" />
			<role name="adaptee" element="com.tagtraum.perf.gcviewer.view.ModelChartImpl::timestampRuler:com.tagtraum.perf.gcviewer.view.ModelChartImpl$Ruler" />
			<role name="Request()" element="com.tagtraum.perf.gcviewer.view.ModelChartImpl::setScaleFactor(double):void" />
			<role name="Request()" element="com.tagtraum.perf.gcviewer.view.ModelChartImpl::setShowDateStamp(boolean):void" />
			<role name="Request()" element="com.tagtraum.perf.gcviewer.view.ModelChartImpl::isShowDateStamp():boolean" />
			<role name="Request()" element="com.tagtraum.perf.gcviewer.view.ModelChartImpl::setRunningTime(double):void" />
			<role name="Request()" element="com.tagtraum.perf.gcviewer.view.ModelChartImpl::setFootprint(long):void" />
			<role name="Request()" element="com.tagtraum.perf.gcviewer.view.ModelChartImpl::setMaxPause(double):void" />
		</instance>
		<instance>
			<role name="Adaptee" element="com.tagtraum.perf.gcviewer.view.renderer.ConcurrentGcBegionEndRenderer" />
			<role name="Adapter" element="com.tagtraum.perf.gcviewer.view.ModelChartImpl" />
			<role name="adaptee" element="com.tagtraum.perf.gcviewer.view.ModelChartImpl::concurrentGcLineRenderer:com.tagtraum.perf.gcviewer.view.renderer.ConcurrentGcBegionEndRenderer" />
			<role name="Request()" element="com.tagtraum.perf.gcviewer.view.ModelChartImpl::setShowConcurrentCollectionBeginEnd(boolean):void" />
			<role name="Request()" element="com.tagtraum.perf.gcviewer.view.ModelChartImpl::isShowConcurrentCollectionBeginEnd():boolean" />
		</instance>
		<instance>
			<role name="Adaptee" element="com.tagtraum.perf.gcviewer.view.renderer.FullGCLineRenderer" />
			<role name="Adapter" element="com.tagtraum.perf.gcviewer.view.ModelChartImpl" />
			<role name="adaptee" element="com.tagtraum.perf.gcviewer.view.ModelChartImpl::fullGCLineRenderer:com.tagtraum.perf.gcviewer.view.renderer.FullGCLineRenderer" />
			<role name="Request()" element="com.tagtraum.perf.gcviewer.view.ModelChartImpl::isShowFullGCLines():boolean" />
			<role name="Request()" element="com.tagtraum.perf.gcviewer.view.ModelChartImpl::setShowFullGCLines(boolean):void" />
		</instance>
		<instance>
			<role name="Adaptee" element="com.tagtraum.perf.gcviewer.view.renderer.GCRectanglesRenderer" />
			<role name="Adapter" element="com.tagtraum.perf.gcviewer.view.ModelChartImpl" />
			<role name="adaptee" element="com.tagtraum.perf.gcviewer.view.ModelChartImpl::gcRectanglesRenderer:com.tagtraum.perf.gcviewer.view.renderer.GCRectanglesRenderer" />
			<role name="Request()" element="com.tagtraum.perf.gcviewer.view.ModelChartImpl::isShowGCTimesRectangles():boolean" />
			<role name="Request()" element="com.tagtraum.perf.gcviewer.view.ModelChartImpl::setShowGCTimesRectangles(boolean):void" />
		</instance>
		<instance>
			<role name="Adaptee" element="com.tagtraum.perf.gcviewer.view.renderer.GCTimesRenderer" />
			<role name="Adapter" element="com.tagtraum.perf.gcviewer.view.ModelChartImpl" />
			<role name="adaptee" element="com.tagtraum.perf.gcviewer.view.ModelChartImpl::gcTimesRenderer:com.tagtraum.perf.gcviewer.view.renderer.GCTimesRenderer" />
			<role name="Request()" element="com.tagtraum.perf.gcviewer.view.ModelChartImpl::isShowGCTimesLine():boolean" />
			<role name="Request()" element="com.tagtraum.perf.gcviewer.view.ModelChartImpl::setShowGCTimesLine(boolean):void" />
		</instance>
		<instance>
			<role name="Adaptee" element="com.tagtraum.perf.gcviewer.view.renderer.IncLineRenderer" />
			<role name="Adapter" element="com.tagtraum.perf.gcviewer.view.ModelChartImpl" />
			<role name="adaptee" element="com.tagtraum.perf.gcviewer.view.ModelChartImpl::incLineRenderer:com.tagtraum.perf.gcviewer.view.renderer.IncLineRenderer" />
			<role name="Request()" element="com.tagtraum.perf.gcviewer.view.ModelChartImpl::isShowIncGCLines():boolean" />
			<role name="Request()" element="com.tagtraum.perf.gcviewer.view.ModelChartImpl::setShowIncGCLines(boolean):void" />
		</instance>
		<instance>
			<role name="Adaptee" element="com.tagtraum.perf.gcviewer.view.renderer.InitialMarkLevelRenderer" />
			<role name="Adapter" element="com.tagtraum.perf.gcviewer.view.ModelChartImpl" />
			<role name="adaptee" element="com.tagtraum.perf.gcviewer.view.ModelChartImpl::initialMarkLevelRenderer:com.tagtraum.perf.gcviewer.view.renderer.InitialMarkLevelRenderer" />
			<role name="Request()" element="com.tagtraum.perf.gcviewer.view.ModelChartImpl::setShowInitialMarkLevel(boolean):void" />
			<role name="Request()" element="com.tagtraum.perf.gcviewer.view.ModelChartImpl::isShowInitialMarkLevel():boolean" />
		</instance>
		<instance>
			<role name="Adaptee" element="com.tagtraum.perf.gcviewer.view.renderer.TotalHeapRenderer" />
			<role name="Adapter" element="com.tagtraum.perf.gcviewer.view.ModelChartImpl" />
			<role name="adaptee" element="com.tagtraum.perf.gcviewer.view.ModelChartImpl::totalHeapRenderer:com.tagtraum.perf.gcviewer.view.renderer.TotalHeapRenderer" />
			<role name="Request()" element="com.tagtraum.perf.gcviewer.view.ModelChartImpl::isShowTotalMemoryLine():boolean" />
			<role name="Request()" element="com.tagtraum.perf.gcviewer.view.ModelChartImpl::setShowTotalMemoryLine(boolean):void" />
		</instance>
		<instance>
			<role name="Adaptee" element="com.tagtraum.perf.gcviewer.view.renderer.TotalTenuredRenderer" />
			<role name="Adapter" element="com.tagtraum.perf.gcviewer.view.ModelChartImpl" />
			<role name="adaptee" element="com.tagtraum.perf.gcviewer.view.ModelChartImpl::totalTenuredRenderer:com.tagtraum.perf.gcviewer.view.renderer.TotalTenuredRenderer" />
			<role name="Request()" element="com.tagtraum.perf.gcviewer.view.ModelChartImpl::isShowTenured():boolean" />
			<role name="Request()" element="com.tagtraum.perf.gcviewer.view.ModelChartImpl::setShowTenured(boolean):void" />
		</instance>
		<instance>
			<role name="Adaptee" element="com.tagtraum.perf.gcviewer.view.renderer.TotalYoungRenderer" />
			<role name="Adapter" element="com.tagtraum.perf.gcviewer.view.ModelChartImpl" />
			<role name="adaptee" element="com.tagtraum.perf.gcviewer.view.ModelChartImpl::totalYoungRenderer:com.tagtraum.perf.gcviewer.view.renderer.TotalYoungRenderer" />
			<role name="Request()" element="com.tagtraum.perf.gcviewer.view.ModelChartImpl::isShowYoung():boolean" />
			<role name="Request()" element="com.tagtraum.perf.gcviewer.view.ModelChartImpl::setShowYoung(boolean):void" />
		</instance>
		<instance>
			<role name="Adaptee" element="com.tagtraum.perf.gcviewer.view.renderer.UsedHeapRenderer" />
			<role name="Adapter" element="com.tagtraum.perf.gcviewer.view.ModelChartImpl" />
			<role name="adaptee" element="com.tagtraum.perf.gcviewer.view.ModelChartImpl::usedHeapRenderer:com.tagtraum.perf.gcviewer.view.renderer.UsedHeapRenderer" />
			<role name="Request()" element="com.tagtraum.perf.gcviewer.view.ModelChartImpl::isShowUsedMemoryLine():boolean" />
			<role name="Request()" element="com.tagtraum.perf.gcviewer.view.ModelChartImpl::setShowUsedMemoryLine(boolean):void" />
			<role name="Request()" element="com.tagtraum.perf.gcviewer.view.ModelChartImpl::setRunningTime(double):void" />
		</instance>
		<instance>
			<role name="Adaptee" element="com.tagtraum.perf.gcviewer.view.renderer.UsedTenuredRenderer" />
			<role name="Adapter" element="com.tagtraum.perf.gcviewer.view.ModelChartImpl" />
			<role name="adaptee" element="com.tagtraum.perf.gcviewer.view.ModelChartImpl::usedTenuredRenderer:com.tagtraum.perf.gcviewer.view.renderer.UsedTenuredRenderer" />
			<role name="Request()" element="com.tagtraum.perf.gcviewer.view.ModelChartImpl::isShowUsedTenuredMemoryLine():boolean" />
			<role name="Request()" element="com.tagtraum.perf.gcviewer.view.ModelChartImpl::setShowUsedTenuredMemoryLine(boolean):void" />
		</instance>
		<instance>
			<role name="Adaptee" element="com.tagtraum.perf.gcviewer.view.renderer.UsedYoungRenderer" />
			<role name="Adapter" element="com.tagtraum.perf.gcviewer.view.ModelChartImpl" />
			<role name="adaptee" element="com.tagtraum.perf.gcviewer.view.ModelChartImpl::usedYoungRenderer:com.tagtraum.perf.gcviewer.view.renderer.UsedYoungRenderer" />
			<role name="Request()" element="com.tagtraum.perf.gcviewer.view.ModelChartImpl::isShowUsedYoungMemoryLine():boolean" />
			<role name="Request()" element="com.tagtraum.perf.gcviewer.view.ModelChartImpl::setShowUsedYoungMemoryLine(boolean):void" />
		</instance>
		<instance>
			<role name="Adaptee" element="com.tagtraum.perf.gcviewer.imp.DataReaderFacade" />
			<role name="Adapter" element="com.tagtraum.perf.gcviewer.ctrl.impl.GCModelLoaderImpl" />
			<role name="adaptee" element="com.tagtraum.perf.gcviewer.ctrl.impl.GCModelLoaderImpl::dataReaderFacade:com.tagtraum.perf.gcviewer.imp.DataReaderFacade" />
			<role name="Request()" element="com.tagtraum.perf.gcviewer.ctrl.impl.GCModelLoaderImpl::loadGcModel():com.tagtraum.perf.gcviewer.model.GCModel" />
		</instance>
		<instance>
			<role name="Adaptee" element="com.tagtraum.perf.gcviewer.imp.DataReaderFacade" />
			<role name="Adapter" element="com.tagtraum.perf.gcviewer.ctrl.impl.GCModelSeriesLoaderImpl" />
			<role name="adaptee" element="com.tagtraum.perf.gcviewer.ctrl.impl.GCModelSeriesLoaderImpl::dataReaderFacade:com.tagtraum.perf.gcviewer.imp.DataReaderFacade" />
			<role name="Request()" element="com.tagtraum.perf.gcviewer.ctrl.impl.GCModelSeriesLoaderImpl::loadGcModel():com.tagtraum.perf.gcviewer.model.GCModel" />
		</instance>
	</pattern>
	<pattern name="Command" />
	<pattern name="Composite" />
	<pattern name="Decorator" />
	<pattern name="Observer" />
	<pattern name="State">
		<instance>
			<role name="State" element="com.tagtraum.perf.gcviewer.view.ModelChart" />
			<role name="Context" element="com.tagtraum.perf.gcviewer.view.GCDocument" />
			<role name="state" element="com.tagtraum.perf.gcviewer.view.GCDocument::modelChartListFacade:com.tagtraum.perf.gcviewer.view.ModelChart" />
			<role name="Request()" element="com.tagtraum.perf.gcviewer.view.GCDocument::addChartPanelView(com.tagtraum.perf.gcviewer.view.ChartPanelView):void" />
			<role name="Request()" element="com.tagtraum.perf.gcviewer.view.GCDocument::propertyChange(java.beans.PropertyChangeEvent):void" />
		</instance>
		<instance>
			<role name="Context" element="com.tagtraum.perf.gcviewer.ctrl.action.OpenFile" />
			<role name="State" element="com.tagtraum.perf.gcviewer.ctrl.GCModelLoaderController" />
			<role name="state" element="com.tagtraum.perf.gcviewer.ctrl.action.OpenFile::controller:com.tagtraum.perf.gcviewer.ctrl.GCModelLoaderController" />
			<role name="Request()" element="com.tagtraum.perf.gcviewer.ctrl.action.OpenFile::openFiles(java.io.File[], boolean):void" />
		</instance>
		<instance>
			<role name="Context" element="com.tagtraum.perf.gcviewer.ctrl.action.OpenSeries" />
			<role name="State" element="com.tagtraum.perf.gcviewer.ctrl.GCModelLoaderController" />
			<role name="state" element="com.tagtraum.perf.gcviewer.ctrl.action.OpenSeries::controller:com.tagtraum.perf.gcviewer.ctrl.GCModelLoaderController" />
			<role name="Request()" element="com.tagtraum.perf.gcviewer.ctrl.action.OpenSeries::actionPerformed(java.awt.event.ActionEvent):void" />
		</instance>
		<instance>
			<role name="Context" element="com.tagtraum.perf.gcviewer.ctrl.action.Refresh" />
			<role name="State" element="com.tagtraum.perf.gcviewer.ctrl.GCModelLoaderController" />
			<role name="state" element="com.tagtraum.perf.gcviewer.ctrl.action.Refresh::controller:com.tagtraum.perf.gcviewer.ctrl.GCModelLoaderController" />
			<role name="Request()" element="com.tagtraum.perf.gcviewer.ctrl.action.Refresh::actionPerformed(java.awt.event.ActionEvent):void" />
		</instance>
		<instance>
			<role name="Context" element="com.tagtraum.perf.gcviewer.ctrl.action.OpenRecent" />
			<role name="State" element="com.tagtraum.perf.gcviewer.ctrl.GCModelLoaderController" />
			<role name="state" element="com.tagtraum.perf.gcviewer.ctrl.action.OpenRecent::controller:com.tagtraum.perf.gcviewer.ctrl.GCModelLoaderController" />
			<role name="Request()" element="com.tagtraum.perf.gcviewer.ctrl.action.OpenRecent::actionPerformed(java.awt.event.ActionEvent):void" />
		</instance>
		<instance>
			<role name="Context" element="com.tagtraum.perf.gcviewer.ctrl.action.OpenURL" />
			<role name="State" element="com.tagtraum.perf.gcviewer.ctrl.GCModelLoaderController" />
			<role name="state" element="com.tagtraum.perf.gcviewer.ctrl.action.OpenURL::controller:com.tagtraum.perf.gcviewer.ctrl.GCModelLoaderController" />
			<role name="Request()" element="com.tagtraum.perf.gcviewer.ctrl.action.OpenURL::actionPerformed(java.awt.event.ActionEvent):void" />
		</instance>
		<instance>
			<role name="Context" element="com.tagtraum.perf.gcviewer.ctrl.impl.FileDropTargetListener" />
			<role name="State" element="com.tagtraum.perf.gcviewer.ctrl.GCModelLoaderController" />
			<role name="state" element="com.tagtraum.perf.gcviewer.ctrl.impl.FileDropTargetListener::controller:com.tagtraum.perf.gcviewer.ctrl.GCModelLoaderController" />
			<role name="Request()" element="com.tagtraum.perf.gcviewer.ctrl.impl.FileDropTargetListener::drop(java.awt.dnd.DropTargetDropEvent):void" />
		</instance>
		<instance>
			<role name="State" element="com.tagtraum.perf.gcviewer.model.GCResource" />
			<role name="Context" element="com.tagtraum.perf.gcviewer.view.ChartPanelView" />
			<role name="state" element="com.tagtraum.perf.gcviewer.view.ChartPanelView::gcResource:com.tagtraum.perf.gcviewer.model.GCResource" />
			<role name="Request()" element="com.tagtraum.perf.gcviewer.view.ChartPanelView::setGcResource(com.tagtraum.perf.gcviewer.model.GCResource):void" />
		</instance>
		<instance>
			<role name="State" element="com.tagtraum.perf.gcviewer.model.GCResource" />
			<role name="Context" element="com.tagtraum.perf.gcviewer.imp.IBMJ9SAXHandler" />
			<role name="state" element="com.tagtraum.perf.gcviewer.imp.IBMJ9SAXHandler::gcResource:com.tagtraum.perf.gcviewer.model.GCResource" />
			<role name="Request()" element="com.tagtraum.perf.gcviewer.imp.IBMJ9SAXHandler::getLogger():java.util.logging.Logger" />
		</instance>
		<instance>
			<role name="State" element="com.tagtraum.perf.gcviewer.model.GCResource" />
			<role name="Context" element="com.tagtraum.perf.gcviewer.view.GCModelLoaderView" />
			<role name="state" element="com.tagtraum.perf.gcviewer.view.GCModelLoaderView::gcResource:com.tagtraum.perf.gcviewer.model.GCResource" />
			<role name="Request()" element="com.tagtraum.perf.gcviewer.view.GCModelLoaderView::setGCResource(com.tagtraum.perf.gcviewer.model.GCResource):void" />
			<role name="Request()" element="com.tagtraum.perf.gcviewer.view.GCModelLoaderView::actionPerformed(java.awt.event.ActionEvent):void" />
		</instance>
		<instance>
			<role name="State" element="com.tagtraum.perf.gcviewer.model.GCResource" />
			<role name="Context" element="com.tagtraum.perf.gcviewer.imp.DataReaderFactory" />
			<role name="state" element="com.tagtraum.perf.gcviewer.imp.DataReaderFactory::gcResource:com.tagtraum.perf.gcviewer.model.GCResource" />
			<role name="Request()" element="com.tagtraum.perf.gcviewer.imp.DataReaderFactory::getLogger():java.util.logging.Logger" />
		</instance>
		<instance>
			<role name="State" element="com.tagtraum.perf.gcviewer.ctrl.GCModelLoaderGroupTracker" />
			<role name="Context" element="com.tagtraum.perf.gcviewer.ctrl.action.RefreshWatchDog$ModelReloader" />
			<role name="state" element="com.tagtraum.perf.gcviewer.ctrl.action.RefreshWatchDog$ModelReloader::tracker:com.tagtraum.perf.gcviewer.ctrl.GCModelLoaderGroupTracker" />
			<role name="Request()" element="com.tagtraum.perf.gcviewer.ctrl.action.RefreshWatchDog$ModelReloader::propertyChange(java.beans.PropertyChangeEvent):void" />
			<role name="Request()" element="com.tagtraum.perf.gcviewer.ctrl.action.RefreshWatchDog$ModelReloader::run():void" />
		</instance>
		<instance>
			<role name="Context" element="com.tagtraum.perf.gcviewer.exp.impl.SummaryDataWriter" />
			<role name="State" element="com.tagtraum.perf.gcviewer.exp.impl.ISummaryExportFormatter" />
			<role name="state" element="com.tagtraum.perf.gcviewer.exp.impl.SummaryDataWriter::formatter:com.tagtraum.perf.gcviewer.exp.impl.ISummaryExportFormatter" />
			<role name="Request()" element="com.tagtraum.perf.gcviewer.exp.impl.SummaryDataWriter::exportValue(java.io.PrintWriter, java.lang.String, java.lang.String, java.lang.String):void" />
		</instance>
	</pattern>
	<pattern name="Strategy" />
	<pattern name="Bridge">
		<instance>
			<role name="Abstraction" element="com.tagtraum.perf.gcviewer.imp.AbstractDataReader" />
			<role name="Implementor" element="com.tagtraum.perf.gcviewer.model.GCResource" />
			<role name="implementor" element="com.tagtraum.perf.gcviewer.imp.AbstractDataReader::gcResource:com.tagtraum.perf.gcviewer.model.GCResource" />
			<role name="Operation()" element="com.tagtraum.perf.gcviewer.imp.AbstractDataReader::getLogger():java.util.logging.Logger" />
			<role name="Operation()" element="com.tagtraum.perf.gcviewer.imp.AbstractDataReader::shouldContinue():boolean" />
		</instance>
	</pattern>
	<pattern name="Template Method">
		<instance>
			<role name="AbstractClass" element="com.tagtraum.perf.gcviewer.model.AbstractGCEvent" />
			<role name="TemplateMethod()" element="com.tagtraum.perf.gcviewer.model.AbstractGCEvent::toString():java.lang.String" />
		</instance>
		<instance>
			<role name="AbstractClass" element="com.tagtraum.perf.gcviewer.ctrl.impl.AbstractGCModelLoaderImpl" />
			<role name="TemplateMethod()" element="com.tagtraum.perf.gcviewer.ctrl.impl.AbstractGCModelLoaderImpl::doInBackground():com.tagtraum.perf.gcviewer.model.GCModel" />
		</instance>
		<instance>
			<role name="AbstractClass" element="com.tagtraum.perf.gcviewer.view.ChartRenderer" />
			<role name="TemplateMethod()" element="com.tagtraum.perf.gcviewer.view.ChartRenderer::paintComponent(java.awt.Graphics):void" />
		</instance>
		<instance>
			<role name="AbstractClass" element="com.tagtraum.perf.gcviewer.view.renderer.PolygonChartRenderer" />
			<role name="TemplateMethod()" element="com.tagtraum.perf.gcviewer.view.renderer.PolygonChartRenderer::paintComponent(java.awt.Graphics2D):void" />
		</instance>
	</pattern>
	<pattern name="Visitor" />
	<pattern name="Proxy" />
	<pattern name="Proxy2" />
	<pattern name="Chain of Responsibility" />
</system>

