<?xml version="1.0" encoding="UTF-8"?>
<system>
	<pattern name="Factory Method">
		<instance>
			<role name="Creator" element="org.xhtmlrenderer.css.parser.FSColor" />
			<role name="FactoryMethod()" element="org.xhtmlrenderer.css.parser.FSColor::lightenColor():org.xhtmlrenderer.css.parser.FSColor" />
			<role name="FactoryMethod()" element="org.xhtmlrenderer.css.parser.FSColor::darkenColor():org.xhtmlrenderer.css.parser.FSColor" />
		</instance>
		<instance>
			<role name="Creator" element="org.xhtmlrenderer.layout.breaker.LineBreakingStrategy" />
			<role name="FactoryMethod()" element="org.xhtmlrenderer.layout.breaker.LineBreakingStrategy::getBreakPointsProvider(java.lang.String, java.lang.String, org.xhtmlrenderer.css.style.CalculatedStyle):org.xhtmlrenderer.layout.breaker.BreakPointsProvider" />
		</instance>
		<instance>
			<role name="Creator" element="org.xhtmlrenderer.extend.ReplacedElementFactory" />
			<role name="FactoryMethod()" element="org.xhtmlrenderer.extend.ReplacedElementFactory::createReplacedElement(org.xhtmlrenderer.layout.LayoutContext, org.xhtmlrenderer.render.BlockBox, org.xhtmlrenderer.extend.UserAgentCallback, int, int):org.xhtmlrenderer.extend.ReplacedElement" />
		</instance>
		<instance>
			<role name="Creator" element="org.xhtmlrenderer.css.extend.StylesheetFactory" />
			<role name="FactoryMethod()" element="org.xhtmlrenderer.css.extend.StylesheetFactory::parse(java.io.Reader, org.xhtmlrenderer.css.sheet.StylesheetInfo):org.xhtmlrenderer.css.sheet.Stylesheet" />
		</instance>
		<instance>
			<role name="Creator" element="org.xhtmlrenderer.extend.TextRenderer" />
			<role name="FactoryMethod()" element="org.xhtmlrenderer.extend.TextRenderer::getFSFontMetrics(org.xhtmlrenderer.extend.FontContext, org.xhtmlrenderer.render.FSFont, java.lang.String):org.xhtmlrenderer.render.FSFontMetrics" />
			<role name="FactoryMethod()" element="org.xhtmlrenderer.extend.TextRenderer::getGlyphVector(org.xhtmlrenderer.extend.OutputDevice, org.xhtmlrenderer.render.FSFont, java.lang.String):org.xhtmlrenderer.extend.FSGlyphVector" />
		</instance>
		<instance>
			<role name="Creator" element="org.xhtmlrenderer.extend.UserAgentCallback" />
			<role name="FactoryMethod()" element="org.xhtmlrenderer.extend.UserAgentCallback::getCSSResource(java.lang.String):org.xhtmlrenderer.resource.CSSResource" />
			<role name="FactoryMethod()" element="org.xhtmlrenderer.extend.UserAgentCallback::getImageResource(java.lang.String):org.xhtmlrenderer.resource.ImageResource" />
		</instance>
	</pattern>
	<pattern name="Prototype" />
	<pattern name="Singleton">
		<instance>
			<role name="Singleton" element="org.xhtmlrenderer.css.style.derived.BorderPropertySet" />
			<role name="uniqueInstance" element="org.xhtmlrenderer.css.style.derived.BorderPropertySet::EMPTY_BORDER:org.xhtmlrenderer.css.style.derived.BorderPropertySet" />
		</instance>
		<instance>
			<role name="Singleton" element="org.xhtmlrenderer.css.newmatch.CascadedStyle" />
			<role name="uniqueInstance" element="org.xhtmlrenderer.css.newmatch.CascadedStyle::emptyCascadedStyle:org.xhtmlrenderer.css.newmatch.CascadedStyle" />
		</instance>
		<instance>
			<role name="Singleton" element="org.xhtmlrenderer.util.Configuration" />
			<role name="uniqueInstance" element="org.xhtmlrenderer.util.Configuration::sInstance:org.xhtmlrenderer.util.Configuration" />
		</instance>
		<instance>
			<role name="Singleton" element="org.xhtmlrenderer.resource.FSEntityResolver" />
			<role name="uniqueInstance" element="org.xhtmlrenderer.resource.FSEntityResolver::instance:org.xhtmlrenderer.resource.FSEntityResolver" />
		</instance>
		<instance>
			<role name="Singleton" element="org.xhtmlrenderer.pdf.HTMLOutline$NestedSectioningFilter" />
			<role name="uniqueInstance" element="org.xhtmlrenderer.pdf.HTMLOutline$NestedSectioningFilter::INSTANCE:org.xhtmlrenderer.pdf.HTMLOutline$NestedSectioningFilter" />
		</instance>
		<instance>
			<role name="Singleton" element="org.xhtmlrenderer.css.style.derived.RectPropertySet" />
			<role name="uniqueInstance" element="org.xhtmlrenderer.css.style.derived.RectPropertySet::ALL_ZEROS:org.xhtmlrenderer.css.style.derived.RectPropertySet" />
		</instance>
		<instance>
			<role name="Singleton" element="org.xhtmlrenderer.newtable.TableCellBox" />
			<role name="uniqueInstance" element="org.xhtmlrenderer.newtable.TableCellBox::SPANNING_CELL:org.xhtmlrenderer.newtable.TableCellBox" />
		</instance>
	</pattern>
	<pattern name="(Object)Adapter">
		<instance>
			<role name="Adapter" element="org.xhtmlrenderer.render.BlockBox" />
			<role name="Adaptee" element="org.xhtmlrenderer.render.FloatedBoxData" />
			<role name="adaptee" element="org.xhtmlrenderer.render.BlockBox::_floatedBoxData:org.xhtmlrenderer.render.FloatedBoxData" />
			<role name="Request()" element="org.xhtmlrenderer.render.BlockBox::calcCanvasLocation():void" />
		</instance>
		<instance>
			<role name="Adapter" element="org.xhtmlrenderer.layout.LayoutContext" />
			<role name="Adaptee" element="org.xhtmlrenderer.layout.SharedContext" />
			<role name="adaptee" element="org.xhtmlrenderer.layout.LayoutContext::_sharedContext:org.xhtmlrenderer.layout.SharedContext" />
			<role name="Request()" element="org.xhtmlrenderer.layout.LayoutContext::getCss():org.xhtmlrenderer.context.StyleReference" />
			<role name="Request()" element="org.xhtmlrenderer.layout.LayoutContext::getMmPerDot():float" />
			<role name="Request()" element="org.xhtmlrenderer.layout.LayoutContext::getDotsPerPixel():int" />
			<role name="Request()" element="org.xhtmlrenderer.layout.LayoutContext::getFontSize2D(org.xhtmlrenderer.css.value.FontSpecification):float" />
			<role name="Request()" element="org.xhtmlrenderer.layout.LayoutContext::getXHeight(org.xhtmlrenderer.css.value.FontSpecification):float" />
			<role name="Request()" element="org.xhtmlrenderer.layout.LayoutContext::getFont(org.xhtmlrenderer.css.value.FontSpecification):org.xhtmlrenderer.render.FSFont" />
		</instance>
		<instance>
			<role name="Adapter" element="org.xhtmlrenderer.render.RenderingContext" />
			<role name="Adaptee" element="org.xhtmlrenderer.layout.SharedContext" />
			<role name="adaptee" element="org.xhtmlrenderer.render.RenderingContext::sharedContext:org.xhtmlrenderer.layout.SharedContext" />
			<role name="Request()" element="org.xhtmlrenderer.render.RenderingContext::getMmPerDot():float" />
			<role name="Request()" element="org.xhtmlrenderer.render.RenderingContext::getDotsPerPixel():int" />
			<role name="Request()" element="org.xhtmlrenderer.render.RenderingContext::getFontSize2D(org.xhtmlrenderer.css.value.FontSpecification):float" />
			<role name="Request()" element="org.xhtmlrenderer.render.RenderingContext::getXHeight(org.xhtmlrenderer.css.value.FontSpecification):float" />
			<role name="Request()" element="org.xhtmlrenderer.render.RenderingContext::getFont(org.xhtmlrenderer.css.value.FontSpecification):org.xhtmlrenderer.render.FSFont" />
			<role name="Request()" element="org.xhtmlrenderer.render.RenderingContext::getCss():org.xhtmlrenderer.context.StyleReference" />
		</instance>
		<instance>
			<role name="Adaptee" element="org.xhtmlrenderer.swing.ImageResourceLoader" />
			<role name="Adapter" element="org.xhtmlrenderer.swing.DelegatingUserAgent" />
			<role name="adaptee" element="org.xhtmlrenderer.swing.DelegatingUserAgent::_imageResourceLoader:org.xhtmlrenderer.swing.ImageResourceLoader" />
			<role name="Request()" element="org.xhtmlrenderer.swing.DelegatingUserAgent::getImageResource(java.lang.String):org.xhtmlrenderer.resource.ImageResource" />
			<role name="Request()" element="org.xhtmlrenderer.swing.DelegatingUserAgent::documentStarted():void" />
		</instance>
		<instance>
			<role name="Adaptee" element="org.xhtmlrenderer.demo.browser.swt.BrowserStatus" />
			<role name="Adapter" element="org.xhtmlrenderer.demo.browser.swt.Browser" />
			<role name="adaptee" element="org.xhtmlrenderer.demo.browser.swt.Browser::_status:org.xhtmlrenderer.demo.browser.swt.BrowserStatus" />
			<role name="Request()" element="org.xhtmlrenderer.demo.browser.swt.Browser::documentLoaded():void" />
		</instance>
		<instance>
			<role name="Adaptee" element="org.xhtmlrenderer.swing.UriResolver" />
			<role name="Adapter" element="org.xhtmlrenderer.swing.DelegatingUserAgent" />
			<role name="adaptee" element="org.xhtmlrenderer.swing.DelegatingUserAgent::_uriResolver:org.xhtmlrenderer.swing.UriResolver" />
			<role name="Request()" element="org.xhtmlrenderer.swing.DelegatingUserAgent::getXMLResource(java.lang.String):org.xhtmlrenderer.resource.XMLResource" />
			<role name="Request()" element="org.xhtmlrenderer.swing.DelegatingUserAgent::getBinaryResource(java.lang.String):byte[]" />
			<role name="Request()" element="org.xhtmlrenderer.swing.DelegatingUserAgent::setBaseURL(java.lang.String):void" />
			<role name="Request()" element="org.xhtmlrenderer.swing.DelegatingUserAgent::resolveURI(java.lang.String):java.lang.String" />
			<role name="Request()" element="org.xhtmlrenderer.swing.DelegatingUserAgent::getBaseURL():java.lang.String" />
		</instance>
		<instance>
			<role name="Adaptee" element="org.xhtmlrenderer.simple.extend.form.TextAreaField$TextAreaFieldJTextArea" />
			<role name="Adapter" element="org.xhtmlrenderer.simple.extend.form.TextAreaField" />
			<role name="adaptee" element="org.xhtmlrenderer.simple.extend.form.TextAreaField::_textarea:org.xhtmlrenderer.simple.extend.form.TextAreaField$TextAreaFieldJTextArea" />
			<role name="Request()" element="org.xhtmlrenderer.simple.extend.form.TextAreaField::create():javax.swing.JComponent" />
		</instance>
		<instance>
			<role name="Adaptee" element="org.xhtmlrenderer.newtable.TableBox" />
			<role name="Adapter" element="org.xhtmlrenderer.newtable.TableBox$AutoTableLayout" />
			<role name="adaptee" element="org.xhtmlrenderer.newtable.TableBox$AutoTableLayout::_table:org.xhtmlrenderer.newtable.TableBox" />
			<role name="Request()" element="org.xhtmlrenderer.newtable.TableBox$AutoTableLayout::calcMinMaxWidth(org.xhtmlrenderer.layout.LayoutContext):void" />
			<role name="Request()" element="org.xhtmlrenderer.newtable.TableBox$AutoTableLayout::layout(org.xhtmlrenderer.layout.LayoutContext):void" />
		</instance>
		<instance>
			<role name="Adaptee" element="org.xhtmlrenderer.newtable.TableBox" />
			<role name="Adapter" element="org.xhtmlrenderer.newtable.TableBox$FixedTableLayout" />
			<role name="adaptee" element="org.xhtmlrenderer.newtable.TableBox$FixedTableLayout::_table:org.xhtmlrenderer.newtable.TableBox" />
			<role name="Request()" element="org.xhtmlrenderer.newtable.TableBox$FixedTableLayout::calcMinMaxWidth(org.xhtmlrenderer.layout.LayoutContext):void" />
			<role name="Request()" element="org.xhtmlrenderer.newtable.TableBox$FixedTableLayout::layout(org.xhtmlrenderer.layout.LayoutContext):void" />
		</instance>
		<instance>
			<role name="Adaptee" element="org.xhtmlrenderer.simple.SWTXHTMLRenderer" />
			<role name="Adapter" element="org.xhtmlrenderer.demo.browser.swt.Browser" />
			<role name="adaptee" element="org.xhtmlrenderer.demo.browser.swt.Browser::_xhtml:org.xhtmlrenderer.simple.SWTXHTMLRenderer" />
			<role name="Request()" element="org.xhtmlrenderer.demo.browser.swt.Browser::documentLoaded():void" />
		</instance>
		<instance>
			<role name="Adaptee" element="org.xhtmlrenderer.swing.ScalableXHTMLPanel" />
			<role name="Adapter" element="org.xhtmlrenderer.demo.browser.BrowserPanel" />
			<role name="adaptee" element="org.xhtmlrenderer.demo.browser.BrowserPanel::view:org.xhtmlrenderer.swing.ScalableXHTMLPanel" />
			<role name="Request()" element="org.xhtmlrenderer.demo.browser.BrowserPanel::documentLoaded():void" />
		</instance>
		<instance>
			<role name="Adaptee" element="org.xhtmlrenderer.css.parser.CSSParser" />
			<role name="Adapter" element="org.xhtmlrenderer.context.StylesheetFactoryImpl" />
			<role name="adaptee" element="org.xhtmlrenderer.context.StylesheetFactoryImpl::_cssParser:org.xhtmlrenderer.css.parser.CSSParser" />
			<role name="Request()" element="org.xhtmlrenderer.context.StylesheetFactoryImpl::parse(java.io.Reader, org.xhtmlrenderer.css.sheet.StylesheetInfo):org.xhtmlrenderer.css.sheet.Stylesheet" />
			<role name="Request()" element="org.xhtmlrenderer.context.StylesheetFactoryImpl::parseStyleDeclaration(int, java.lang.String):org.xhtmlrenderer.css.sheet.Ruleset" />
		</instance>
		<instance>
			<role name="Adaptee" element="org.xhtmlrenderer.extend.NamespaceHandler" />
			<role name="Adapter" element="org.xhtmlrenderer.context.StandardAttributeResolver" />
			<role name="adaptee" element="org.xhtmlrenderer.context.StandardAttributeResolver::nsh:org.xhtmlrenderer.extend.NamespaceHandler" />
			<role name="Request()" element="org.xhtmlrenderer.context.StandardAttributeResolver::getAttributeValue(java.lang.Object, java.lang.String):java.lang.String" />
			<role name="Request()" element="org.xhtmlrenderer.context.StandardAttributeResolver::getAttributeValue(java.lang.Object, java.lang.String, java.lang.String):java.lang.String" />
			<role name="Request()" element="org.xhtmlrenderer.context.StandardAttributeResolver::getClass(java.lang.Object):java.lang.String" />
			<role name="Request()" element="org.xhtmlrenderer.context.StandardAttributeResolver::getID(java.lang.Object):java.lang.String" />
			<role name="Request()" element="org.xhtmlrenderer.context.StandardAttributeResolver::getNonCssStyling(java.lang.Object):java.lang.String" />
			<role name="Request()" element="org.xhtmlrenderer.context.StandardAttributeResolver::getElementStyling(java.lang.Object):java.lang.String" />
			<role name="Request()" element="org.xhtmlrenderer.context.StandardAttributeResolver::getLang(java.lang.Object):java.lang.String" />
			<role name="Request()" element="org.xhtmlrenderer.context.StandardAttributeResolver::isLink(java.lang.Object):boolean" />
			<role name="Request()" element="org.xhtmlrenderer.context.StandardAttributeResolver::isVisited(java.lang.Object):boolean" />
		</instance>
		<instance>
			<role name="Adaptee" element="org.xhtmlrenderer.swt.SWTFSImage" />
			<role name="Adapter" element="org.xhtmlrenderer.swt.ImageReplacedElement" />
			<role name="adaptee" element="org.xhtmlrenderer.swt.ImageReplacedElement::_image:org.xhtmlrenderer.swt.SWTFSImage" />
			<role name="Request()" element="org.xhtmlrenderer.swt.ImageReplacedElement::getIntrinsicHeight():int" />
			<role name="Request()" element="org.xhtmlrenderer.swt.ImageReplacedElement::getIntrinsicWidth():int" />
		</instance>
		<instance>
			<role name="Adaptee" element="org.xhtmlrenderer.simple.xhtml.swt.SWTFormControl" />
			<role name="Adapter" element="org.xhtmlrenderer.swt.FormControlReplacementElement" />
			<role name="adaptee" element="org.xhtmlrenderer.swt.FormControlReplacementElement::_swtControl:org.xhtmlrenderer.simple.xhtml.swt.SWTFormControl" />
			<role name="Request()" element="org.xhtmlrenderer.swt.FormControlReplacementElement::setLocation(int, int):void" />
		</instance>
		<instance>
			<role name="Adaptee" element="org.xhtmlrenderer.extend.UserInterface" />
			<role name="Adapter" element="org.xhtmlrenderer.context.StandardAttributeResolver" />
			<role name="adaptee" element="org.xhtmlrenderer.context.StandardAttributeResolver::ui:org.xhtmlrenderer.extend.UserInterface" />
			<role name="Request()" element="org.xhtmlrenderer.context.StandardAttributeResolver::isHover(java.lang.Object):boolean" />
			<role name="Request()" element="org.xhtmlrenderer.context.StandardAttributeResolver::isActive(java.lang.Object):boolean" />
			<role name="Request()" element="org.xhtmlrenderer.context.StandardAttributeResolver::isFocus(java.lang.Object):boolean" />
		</instance>
		<instance>
			<role name="Adaptee" element="org.xhtmlrenderer.extend.UserAgentCallback" />
			<role name="Adapter" element="org.xhtmlrenderer.context.StandardAttributeResolver" />
			<role name="adaptee" element="org.xhtmlrenderer.context.StandardAttributeResolver::uac:org.xhtmlrenderer.extend.UserAgentCallback" />
			<role name="Request()" element="org.xhtmlrenderer.context.StandardAttributeResolver::isVisited(java.lang.Object):boolean" />
		</instance>
	</pattern>
	<pattern name="Command" />
	<pattern name="Composite" />
	<pattern name="Decorator">
		<instance>
			<role name="Component" element="org.xhtmlrenderer.simple.extend.FormSubmissionListener" />
			<role name="Decorator" element="org.xhtmlrenderer.swing.BasicPanel" />
			<role name="component" element="org.xhtmlrenderer.swing.BasicPanel::formSubmissionListener:org.xhtmlrenderer.simple.extend.FormSubmissionListener" />
			<role name="Operation()" element="org.xhtmlrenderer.swing.BasicPanel::submit(java.lang.String):void" />
		</instance>
	</pattern>
	<pattern name="Observer">
		<instance>
			<role name="Observer" element="org.xhtmlrenderer.swing.ScaleChangeListener" />
			<role name="Subject" element="org.xhtmlrenderer.swing.ScalableXHTMLPanel" />
			<role name="Notify()" element="org.xhtmlrenderer.swing.ScalableXHTMLPanel::scaleChanged():void" />
		</instance>
		<instance>
			<role name="Observer" element="org.xhtmlrenderer.simple.xhtml.controls.ButtonControlListener" />
			<role name="Subject" element="org.xhtmlrenderer.simple.xhtml.controls.ButtonControl" />
			<role name="Notify()" element="org.xhtmlrenderer.simple.xhtml.controls.ButtonControl::press():boolean" />
		</instance>
		<instance>
			<role name="Observer" element="org.xhtmlrenderer.simple.xhtml.FormControlListener" />
			<role name="Subject" element="org.xhtmlrenderer.simple.xhtml.controls.AbstractControl" />
			<role name="Notify()" element="org.xhtmlrenderer.simple.xhtml.controls.AbstractControl::fireChanged():void" />
			<role name="Notify()" element="org.xhtmlrenderer.simple.xhtml.controls.AbstractControl::fireSuccessful():void" />
			<role name="Notify()" element="org.xhtmlrenderer.simple.xhtml.controls.AbstractControl::fireEnabled():void" />
		</instance>
		<instance>
			<role name="Observer" element="org.xhtmlrenderer.test.ElementReplacer" />
			<role name="Subject" element="org.xhtmlrenderer.test.DelegatingReplacedElementFactory" />
			<role name="Notify()" element="org.xhtmlrenderer.test.DelegatingReplacedElementFactory::createReplacedElement(org.xhtmlrenderer.layout.LayoutContext, org.xhtmlrenderer.render.BlockBox, org.xhtmlrenderer.extend.UserAgentCallback, int, int):org.xhtmlrenderer.extend.ReplacedElement" />
			<role name="Notify()" element="org.xhtmlrenderer.test.DelegatingReplacedElementFactory::reset():void" />
		</instance>
		<instance>
			<role name="Observer" element="org.xhtmlrenderer.simple.xhtml.FormListener" />
			<role name="Subject" element="org.xhtmlrenderer.simple.xhtml.XhtmlForm" />
			<role name="Notify()" element="org.xhtmlrenderer.simple.xhtml.XhtmlForm::reset():void" />
			<role name="Notify()" element="org.xhtmlrenderer.simple.xhtml.XhtmlForm::submit():void" />
		</instance>
	</pattern>
	<pattern name="State">
		<instance>
			<role name="Context" element="org.xhtmlrenderer.layout.BoxRangeHelper" />
			<role name="State" element="org.xhtmlrenderer.extend.OutputDevice" />
			<role name="state" element="org.xhtmlrenderer.layout.BoxRangeHelper::_outputDevice:org.xhtmlrenderer.extend.OutputDevice" />
			<role name="Request()" element="org.xhtmlrenderer.layout.BoxRangeHelper::pushClipRegion(org.xhtmlrenderer.render.RenderingContext, int):void" />
			<role name="Request()" element="org.xhtmlrenderer.layout.BoxRangeHelper::popClipRegions(org.xhtmlrenderer.render.RenderingContext, int):void" />
		</instance>
		<instance>
			<role name="Context" element="org.xhtmlrenderer.css.parser.CSSParser" />
			<role name="State" element="org.xhtmlrenderer.css.parser.CSSErrorHandler" />
			<role name="state" element="org.xhtmlrenderer.css.parser.CSSParser::_errorHandler:org.xhtmlrenderer.css.parser.CSSErrorHandler" />
			<role name="Request()" element="org.xhtmlrenderer.css.parser.CSSParser::checkCSSName(org.xhtmlrenderer.css.constants.CSSName, java.lang.String):boolean" />
			<role name="Request()" element="org.xhtmlrenderer.css.parser.CSSParser::error(org.xhtmlrenderer.css.parser.CSSParseException, java.lang.String, boolean):void" />
		</instance>
		<instance>
			<role name="State" element="org.xhtmlrenderer.extend.UserAgentCallback" />
			<role name="Context" element="org.xhtmlrenderer.layout.SharedContext" />
			<role name="state" element="org.xhtmlrenderer.layout.SharedContext::uac:org.xhtmlrenderer.extend.UserAgentCallback" />
			<role name="Request()" element="org.xhtmlrenderer.layout.SharedContext::getBaseURL():java.lang.String" />
			<role name="Request()" element="org.xhtmlrenderer.layout.SharedContext::setBaseURL(java.lang.String):void" />
		</instance>
		<instance>
			<role name="State" element="org.xhtmlrenderer.extend.UserAgentCallback" />
			<role name="Context" element="org.xhtmlrenderer.context.StyleReference" />
			<role name="state" element="org.xhtmlrenderer.context.StyleReference::_uac:org.xhtmlrenderer.extend.UserAgentCallback" />
			<role name="Request()" element="org.xhtmlrenderer.context.StyleReference::flushStyleSheets():void" />
			<role name="Request()" element="org.xhtmlrenderer.context.StyleReference::getStylesheets():java.util.List" />
		</instance>
		<instance>
			<role name="Context" element="org.xhtmlrenderer.newtable.TableBox" />
			<role name="State" element="org.xhtmlrenderer.newtable.TableBox$TableLayout" />
			<role name="state" element="org.xhtmlrenderer.newtable.TableBox::_tableLayout:org.xhtmlrenderer.newtable.TableBox$TableLayout" />
			<role name="Request()" element="org.xhtmlrenderer.newtable.TableBox::calcMinMaxWidth(org.xhtmlrenderer.layout.LayoutContext):void" />
			<role name="Request()" element="org.xhtmlrenderer.newtable.TableBox::layout(org.xhtmlrenderer.layout.LayoutContext):void" />
			<role name="Request()" element="org.xhtmlrenderer.newtable.TableBox::reset(org.xhtmlrenderer.layout.LayoutContext):void" />
		</instance>
		<instance>
			<role name="Context" element="org.xhtmlrenderer.render.PageBox" />
			<role name="State" element="org.xhtmlrenderer.render.PageBox$MarginArea" />
			<role name="state" element="org.xhtmlrenderer.render.PageBox::MARGIN_AREA_DEFS:org.xhtmlrenderer.render.PageBox$MarginArea[]" />
			<role name="Request()" element="org.xhtmlrenderer.render.PageBox::paintMarginAreas(org.xhtmlrenderer.render.RenderingContext, int, short):void" />
			<role name="Request()" element="org.xhtmlrenderer.render.PageBox::layoutMarginAreas(org.xhtmlrenderer.layout.LayoutContext):void" />
		</instance>
		<instance>
			<role name="State" element="org.xhtmlrenderer.extend.FontResolver" />
			<role name="Context" element="org.xhtmlrenderer.layout.SharedContext" />
			<role name="state" element="org.xhtmlrenderer.layout.SharedContext::font_resolver:org.xhtmlrenderer.extend.FontResolver" />
			<role name="Request()" element="org.xhtmlrenderer.layout.SharedContext::flushFonts():void" />
		</instance>
		<instance>
			<role name="State" element="org.xhtmlrenderer.extend.NamespaceHandler" />
			<role name="Context" element="org.xhtmlrenderer.layout.SharedContext" />
			<role name="state" element="org.xhtmlrenderer.layout.SharedContext::namespaceHandler:org.xhtmlrenderer.extend.NamespaceHandler" />
			<role name="Request()" element="org.xhtmlrenderer.layout.SharedContext::removeElementReferences(org.w3c.dom.Element):void" />
		</instance>
		<instance>
			<role name="State" element="org.xhtmlrenderer.extend.NamespaceHandler" />
			<role name="Context" element="org.xhtmlrenderer.context.StyleReference" />
			<role name="state" element="org.xhtmlrenderer.context.StyleReference::_nsh:org.xhtmlrenderer.extend.NamespaceHandler" />
			<role name="Request()" element="org.xhtmlrenderer.context.StyleReference::getStylesheets():java.util.List" />
		</instance>
		<instance>
			<role name="State" element="org.xhtmlrenderer.extend.ReplacedElementFactory" />
			<role name="Context" element="org.xhtmlrenderer.layout.SharedContext" />
			<role name="state" element="org.xhtmlrenderer.layout.SharedContext::replacedElementFactory:org.xhtmlrenderer.extend.ReplacedElementFactory" />
			<role name="Request()" element="org.xhtmlrenderer.layout.SharedContext::setFormSubmissionListener(org.xhtmlrenderer.simple.extend.FormSubmissionListener):void" />
			<role name="Request()" element="org.xhtmlrenderer.layout.SharedContext::reset():void" />
			<role name="Request()" element="org.xhtmlrenderer.layout.SharedContext::setReplacedElementFactory(org.xhtmlrenderer.extend.ReplacedElementFactory):void" />
		</instance>
		<instance>
			<role name="Context" element="org.xhtmlrenderer.css.newmatch.Matcher" />
			<role name="State" element="org.xhtmlrenderer.css.extend.StylesheetFactory" />
			<role name="state" element="org.xhtmlrenderer.css.newmatch.Matcher::_styleFactory:org.xhtmlrenderer.css.extend.StylesheetFactory" />
			<role name="Request()" element="org.xhtmlrenderer.css.newmatch.Matcher::getElementStyle(org.w3c.dom.Node):org.xhtmlrenderer.css.sheet.Ruleset" />
			<role name="Request()" element="org.xhtmlrenderer.css.newmatch.Matcher::getNonCssStyle(org.w3c.dom.Node):org.xhtmlrenderer.css.sheet.Ruleset" />
		</instance>
		<instance>
			<role name="Context" element="org.xhtmlrenderer.util.XRLog" />
			<role name="State" element="org.xhtmlrenderer.util.XRLogger" />
			<role name="state" element="org.xhtmlrenderer.util.XRLog::loggerImpl:org.xhtmlrenderer.util.XRLogger" />
			<role name="Request()" element="org.xhtmlrenderer.util.XRLog::log(java.lang.String, java.util.logging.Level, java.lang.String):void" />
			<role name="Request()" element="org.xhtmlrenderer.util.XRLog::log(java.lang.String, java.util.logging.Level, java.lang.String, java.lang.Throwable):void" />
			<role name="Request()" element="org.xhtmlrenderer.util.XRLog::setLevel(java.lang.String, java.util.logging.Level):void" />
		</instance>
		<instance>
			<role name="Context" element="org.xhtmlrenderer.context.StandardAttributeResolver" />
			<role name="State" element="org.xhtmlrenderer.extend.NamespaceHandler" />
			<role name="state" element="org.xhtmlrenderer.context.StandardAttributeResolver::nsh:org.xhtmlrenderer.extend.NamespaceHandler" />
			<role name="Request()" element="org.xhtmlrenderer.context.StandardAttributeResolver::getAttributeValue(java.lang.Object, java.lang.String):java.lang.String" />
			<role name="Request()" element="org.xhtmlrenderer.context.StandardAttributeResolver::getAttributeValue(java.lang.Object, java.lang.String, java.lang.String):java.lang.String" />
			<role name="Request()" element="org.xhtmlrenderer.context.StandardAttributeResolver::getClass(java.lang.Object):java.lang.String" />
			<role name="Request()" element="org.xhtmlrenderer.context.StandardAttributeResolver::getID(java.lang.Object):java.lang.String" />
			<role name="Request()" element="org.xhtmlrenderer.context.StandardAttributeResolver::getNonCssStyling(java.lang.Object):java.lang.String" />
			<role name="Request()" element="org.xhtmlrenderer.context.StandardAttributeResolver::getElementStyling(java.lang.Object):java.lang.String" />
			<role name="Request()" element="org.xhtmlrenderer.context.StandardAttributeResolver::getLang(java.lang.Object):java.lang.String" />
			<role name="Request()" element="org.xhtmlrenderer.context.StandardAttributeResolver::isLink(java.lang.Object):boolean" />
			<role name="Request()" element="org.xhtmlrenderer.context.StandardAttributeResolver::isVisited(java.lang.Object):boolean" />
		</instance>
		<instance>
			<role name="Context" element="org.xhtmlrenderer.css.newmatch.Matcher" />
			<role name="State" element="org.xhtmlrenderer.css.extend.AttributeResolver" />
			<role name="state" element="org.xhtmlrenderer.css.newmatch.Matcher::_attRes:org.xhtmlrenderer.css.extend.AttributeResolver" />
			<role name="Request()" element="org.xhtmlrenderer.css.newmatch.Matcher::getElementStyle(org.w3c.dom.Node):org.xhtmlrenderer.css.sheet.Ruleset" />
			<role name="Request()" element="org.xhtmlrenderer.css.newmatch.Matcher::getNonCssStyle(org.w3c.dom.Node):org.xhtmlrenderer.css.sheet.Ruleset" />
		</instance>
		<instance>
			<role name="Context" element="org.xhtmlrenderer.swt.BasicRenderer" />
			<role name="State" element="org.xhtmlrenderer.swt.BasicRenderer$SpecialRedraw" />
			<role name="state" element="org.xhtmlrenderer.swt.BasicRenderer::_specialRedraw:org.xhtmlrenderer.swt.BasicRenderer$SpecialRedraw" />
			<role name="Request()" element="org.xhtmlrenderer.swt.BasicRenderer::redrawSpecial(org.xhtmlrenderer.swt.BasicRenderer$SpecialRedraw):void" />
		</instance>
		<instance>
			<role name="Context" element="org.xhtmlrenderer.pdf.ITextRenderer" />
			<role name="State" element="org.xhtmlrenderer.pdf.PDFCreationListener" />
			<role name="state" element="org.xhtmlrenderer.pdf.ITextRenderer::_listener:org.xhtmlrenderer.pdf.PDFCreationListener" />
			<role name="Request()" element="org.xhtmlrenderer.pdf.ITextRenderer::firePreOpen():void" />
			<role name="Request()" element="org.xhtmlrenderer.pdf.ITextRenderer::firePreWrite(int):void" />
			<role name="Request()" element="org.xhtmlrenderer.pdf.ITextRenderer::fireOnClose():void" />
		</instance>
		<instance>
			<role name="Context" element="org.xhtmlrenderer.css.newmatch.Matcher" />
			<role name="State" element="org.xhtmlrenderer.css.extend.TreeResolver" />
			<role name="state" element="org.xhtmlrenderer.css.newmatch.Matcher::_treeRes:org.xhtmlrenderer.css.extend.TreeResolver" />
			<role name="Request()" element="org.xhtmlrenderer.css.newmatch.Matcher::matchElement(org.w3c.dom.Node):org.xhtmlrenderer.css.newmatch.Matcher$Mapper" />
		</instance>
		<instance>
			<role name="Context" element="org.xhtmlrenderer.swt.SWTFSImage" />
			<role name="State" element="org.xhtmlrenderer.extend.UserAgentCallback" />
			<role name="state" element="org.xhtmlrenderer.swt.SWTFSImage::_uac:org.xhtmlrenderer.extend.UserAgentCallback" />
			<role name="Request()" element="org.xhtmlrenderer.swt.SWTFSImage::getImage():org.eclipse.swt.graphics.Image" />
		</instance>
		<instance>
			<role name="Context" element="org.xhtmlrenderer.swt.FormControlReplacementElement" />
			<role name="State" element="org.xhtmlrenderer.simple.xhtml.swt.SWTFormControl" />
			<role name="state" element="org.xhtmlrenderer.swt.FormControlReplacementElement::_swtControl:org.xhtmlrenderer.simple.xhtml.swt.SWTFormControl" />
			<role name="Request()" element="org.xhtmlrenderer.swt.FormControlReplacementElement::calculateSize(org.xhtmlrenderer.layout.LayoutContext, org.xhtmlrenderer.css.style.CalculatedStyle, int, int):void" />
			<role name="Request()" element="org.xhtmlrenderer.swt.FormControlReplacementElement::setLocation(int, int):void" />
		</instance>
		<instance>
			<role name="Context" element="org.xhtmlrenderer.context.StandardAttributeResolver" />
			<role name="State" element="org.xhtmlrenderer.extend.UserInterface" />
			<role name="state" element="org.xhtmlrenderer.context.StandardAttributeResolver::ui:org.xhtmlrenderer.extend.UserInterface" />
			<role name="Request()" element="org.xhtmlrenderer.context.StandardAttributeResolver::isHover(java.lang.Object):boolean" />
			<role name="Request()" element="org.xhtmlrenderer.context.StandardAttributeResolver::isActive(java.lang.Object):boolean" />
			<role name="Request()" element="org.xhtmlrenderer.context.StandardAttributeResolver::isFocus(java.lang.Object):boolean" />
		</instance>
		<instance>
			<role name="Context" element="org.xhtmlrenderer.css.style.derived.BorderPropertySet" />
			<role name="State" element="org.xhtmlrenderer.css.parser.FSColor" />
			<role name="state" element="org.xhtmlrenderer.css.style.derived.BorderPropertySet::_topColor:org.xhtmlrenderer.css.parser.FSColor" />
			<role name="state" element="org.xhtmlrenderer.css.style.derived.BorderPropertySet::_bottomColor:org.xhtmlrenderer.css.parser.FSColor" />
			<role name="state" element="org.xhtmlrenderer.css.style.derived.BorderPropertySet::_leftColor:org.xhtmlrenderer.css.parser.FSColor" />
			<role name="state" element="org.xhtmlrenderer.css.style.derived.BorderPropertySet::_rightColor:org.xhtmlrenderer.css.parser.FSColor" />
			<role name="Request()" element="org.xhtmlrenderer.css.style.derived.BorderPropertySet::lighten(org.xhtmlrenderer.css.constants.IdentValue):org.xhtmlrenderer.css.style.derived.BorderPropertySet" />
			<role name="Request()" element="org.xhtmlrenderer.css.style.derived.BorderPropertySet::darken(org.xhtmlrenderer.css.constants.IdentValue):org.xhtmlrenderer.css.style.derived.BorderPropertySet" />
		</instance>
		<instance>
			<role name="Context" element="org.xhtmlrenderer.pdf.ITextImageElement" />
			<role name="State" element="org.xhtmlrenderer.extend.FSImage" />
			<role name="state" element="org.xhtmlrenderer.pdf.ITextImageElement::_image:org.xhtmlrenderer.extend.FSImage" />
			<role name="Request()" element="org.xhtmlrenderer.pdf.ITextImageElement::getIntrinsicWidth():int" />
			<role name="Request()" element="org.xhtmlrenderer.pdf.ITextImageElement::getIntrinsicHeight():int" />
		</instance>
		<instance>
			<role name="Context" element="org.xhtmlrenderer.fop.nbsp.NonBreakPointsEnhancer" />
			<role name="State" element="org.xhtmlrenderer.fop.nbsp.NonBreakPointsLoader" />
			<role name="state" element="org.xhtmlrenderer.fop.nbsp.NonBreakPointsEnhancer::loader:org.xhtmlrenderer.fop.nbsp.NonBreakPointsLoader" />
			<role name="Request()" element="org.xhtmlrenderer.fop.nbsp.NonBreakPointsEnhancer::enhance(java.lang.String, java.lang.String):java.lang.String" />
		</instance>
		<instance>
			<role name="Context" element="org.xhtmlrenderer.demo.browser.BrowserPanel" />
			<role name="State" element="org.xhtmlrenderer.demo.browser.BrowserPanelListener" />
			<role name="state" element="org.xhtmlrenderer.demo.browser.BrowserPanel::listener:org.xhtmlrenderer.demo.browser.BrowserPanelListener" />
			<role name="Request()" element="org.xhtmlrenderer.demo.browser.BrowserPanel::loadPage(java.lang.String):void" />
		</instance>
		<instance>
			<role name="Context" element="org.xhtmlrenderer.swing.MutableFSImage" />
			<role name="State" element="org.xhtmlrenderer.swing.RepaintListener" />
			<role name="state" element="org.xhtmlrenderer.swing.MutableFSImage::repaintListener:org.xhtmlrenderer.swing.RepaintListener" />
			<role name="Request()" element="org.xhtmlrenderer.swing.MutableFSImage::setImage(java.lang.String, java.awt.image.BufferedImage, boolean):void" />
		</instance>
		<instance>
			<role name="Context" element="org.xhtmlrenderer.context.StandardAttributeResolver" />
			<role name="State" element="org.xhtmlrenderer.extend.UserAgentCallback" />
			<role name="state" element="org.xhtmlrenderer.context.StandardAttributeResolver::uac:org.xhtmlrenderer.extend.UserAgentCallback" />
			<role name="Request()" element="org.xhtmlrenderer.context.StandardAttributeResolver::isVisited(java.lang.Object):boolean" />
		</instance>
		<instance>
			<role name="Context" element="org.xhtmlrenderer.context.StylesheetFactoryImpl" />
			<role name="State" element="org.xhtmlrenderer.extend.UserAgentCallback" />
			<role name="state" element="org.xhtmlrenderer.context.StylesheetFactoryImpl::_userAgentCallback:org.xhtmlrenderer.extend.UserAgentCallback" />
			<role name="Request()" element="org.xhtmlrenderer.context.StylesheetFactoryImpl::parse(org.xhtmlrenderer.css.sheet.StylesheetInfo):org.xhtmlrenderer.css.sheet.Stylesheet" />
		</instance>
	</pattern>
	<pattern name="Strategy" />
	<pattern name="Bridge" />
	<pattern name="Template Method">
		<instance>
			<role name="AbstractClass" element="org.xhtmlrenderer.pdf.AbstractFormField" />
			<role name="TemplateMethod()" element="org.xhtmlrenderer.pdf.AbstractFormField::getFieldName(org.xhtmlrenderer.pdf.ITextOutputDevice, org.w3c.dom.Element):java.lang.String" />
		</instance>
		<instance>
			<role name="AbstractClass" element="org.xhtmlrenderer.render.AbstractOutputDevice" />
			<role name="TemplateMethod()" element="org.xhtmlrenderer.render.AbstractOutputDevice::drawFontMetrics(org.xhtmlrenderer.render.RenderingContext, org.xhtmlrenderer.render.InlineText):void" />
		</instance>
		<instance>
			<role name="AbstractClass" element="org.xhtmlrenderer.css.parser.property.BorderPropertyBuilders$BorderSidePropertyBuilder" />
			<role name="TemplateMethod()" element="org.xhtmlrenderer.css.parser.property.BorderPropertyBuilders$BorderSidePropertyBuilder::buildDeclarations(org.xhtmlrenderer.css.constants.CSSName, java.util.List, int, boolean, boolean):java.util.List" />
		</instance>
		<instance>
			<role name="AbstractClass" element="org.xhtmlrenderer.render.Box" />
			<role name="TemplateMethod()" element="org.xhtmlrenderer.render.Box::dumpBoxes(org.xhtmlrenderer.layout.LayoutContext, java.lang.String, java.util.List, int, java.lang.StringBuilder):void" />
			<role name="TemplateMethod()" element="org.xhtmlrenderer.render.Box::calcChildLocations():void" />
		</instance>
		<instance>
			<role name="AbstractClass" element="org.xhtmlrenderer.css.newmatch.Condition$AttributeCompareCondition" />
			<role name="TemplateMethod()" element="org.xhtmlrenderer.css.newmatch.Condition$AttributeCompareCondition::matches(org.w3c.dom.Node, org.xhtmlrenderer.css.extend.AttributeResolver, org.xhtmlrenderer.css.extend.TreeResolver):boolean" />
		</instance>
		<instance>
			<role name="AbstractClass" element="org.xhtmlrenderer.css.parser.property.CounterPropertyBuilder" />
			<role name="TemplateMethod()" element="org.xhtmlrenderer.css.parser.property.CounterPropertyBuilder::buildDeclarations(org.xhtmlrenderer.css.constants.CSSName, java.util.List, int, boolean, boolean):java.util.List" />
		</instance>
		<instance>
			<role name="AbstractClass" element="org.xhtmlrenderer.simple.extend.form.FormField" />
			<role name="TemplateMethod()" element="org.xhtmlrenderer.simple.extend.form.FormField::initialize():void" />
			<role name="TemplateMethod()" element="org.xhtmlrenderer.simple.extend.form.FormField::getFormDataStrings():java.util.Collection" />
		</instance>
		<instance>
			<role name="AbstractClass" element="org.xhtmlrenderer.util.ImageUtil$AbstractFastScaler" />
			<role name="TemplateMethod()" element="org.xhtmlrenderer.util.ImageUtil$AbstractFastScaler::getScaledInstance(java.awt.image.BufferedImage, org.xhtmlrenderer.util.ScalingOptions):java.awt.image.BufferedImage" />
		</instance>
		<instance>
			<role name="AbstractClass" element="org.xhtmlrenderer.css.parser.property.OneToFourPropertyBuilders$OneToFourPropertyBuilder" />
			<role name="TemplateMethod()" element="org.xhtmlrenderer.css.parser.property.OneToFourPropertyBuilders$OneToFourPropertyBuilder::buildDeclarations(org.xhtmlrenderer.css.constants.CSSName, java.util.List, int, boolean, boolean):java.util.List" />
		</instance>
		<instance>
			<role name="AbstractClass" element="org.xhtmlrenderer.css.parser.property.PrimitivePropertyBuilders$LengthLikeWithIdent" />
			<role name="TemplateMethod()" element="org.xhtmlrenderer.css.parser.property.PrimitivePropertyBuilders$LengthLikeWithIdent::buildDeclarations(org.xhtmlrenderer.css.constants.CSSName, java.util.List, int, boolean, boolean):java.util.List" />
		</instance>
		<instance>
			<role name="AbstractClass" element="org.xhtmlrenderer.css.parser.property.PrimitivePropertyBuilders$LengthWithIdent" />
			<role name="TemplateMethod()" element="org.xhtmlrenderer.css.parser.property.PrimitivePropertyBuilders$LengthWithIdent::buildDeclarations(org.xhtmlrenderer.css.constants.CSSName, java.util.List, int, boolean, boolean):java.util.List" />
		</instance>
		<instance>
			<role name="AbstractClass" element="org.xhtmlrenderer.css.parser.property.PrimitivePropertyBuilders$SingleIdent" />
			<role name="TemplateMethod()" element="org.xhtmlrenderer.css.parser.property.PrimitivePropertyBuilders$SingleIdent::buildDeclarations(org.xhtmlrenderer.css.constants.CSSName, java.util.List, int, boolean, boolean):java.util.List" />
		</instance>
		<instance>
			<role name="AbstractClass" element="org.xhtmlrenderer.resource.XMLResource$ObjectPool" />
			<role name="TemplateMethod()" element="org.xhtmlrenderer.resource.XMLResource$ObjectPool::get():java.lang.Object" />
		</instance>
	</pattern>
	<pattern name="Visitor" />
	<pattern name="Proxy" />
	<pattern name="Proxy2" />
	<pattern name="Chain of Responsibility">
		<instance>
			<role name="Handler" element="org.xhtmlrenderer.render.Box" />
			<role name="successor" element="org.xhtmlrenderer.render.Box::_parent:org.xhtmlrenderer.render.Box" />
			<role name="successor" element="org.xhtmlrenderer.render.Box::_containingBlock:org.xhtmlrenderer.render.Box" />
		</instance>
	</pattern>
</system>

