<?xml version="1.0" encoding="UTF-8"?>
<system>
	<pattern name="Factory Method">
		<instance>
			<role name="Creator" element="com.impetus.kundera.proxy.collection.ProxyCollection" />
			<role name="FactoryMethod()" element="com.impetus.kundera.proxy.collection.ProxyCollection::getCopy():com.impetus.kundera.proxy.collection.ProxyCollection" />
		</instance>
	</pattern>
	<pattern name="Prototype" />
	<pattern name="Singleton">
		<instance>
			<role name="Singleton" element="com.impetus.kundera.cache.ElementCollectionCacheManager" />
			<role name="uniqueInstance" element="com.impetus.kundera.cache.ElementCollectionCacheManager::instance:com.impetus.kundera.cache.ElementCollectionCacheManager" />
		</instance>
		<instance>
			<role name="Singleton" element="com.impetus.kundera.persistence.jta.KunderaJTAUserTransaction" />
			<role name="uniqueInstance" element="com.impetus.kundera.persistence.jta.KunderaJTAUserTransaction::currentTx:com.impetus.kundera.persistence.jta.KunderaJTAUserTransaction" />
		</instance>
	</pattern>
	<pattern name="(Object)Adapter">
		<instance>
			<role name="Adaptee" element="com.impetus.kundera.persistence.PersistenceDelegator" />
			<role name="Adapter" element="com.impetus.kundera.graph.Node" />
			<role name="adaptee" element="com.impetus.kundera.graph.Node::pd:com.impetus.kundera.persistence.PersistenceDelegator" />
			<role name="Request()" element="com.impetus.kundera.graph.Node::setPersistenceDelegator(com.impetus.kundera.persistence.PersistenceDelegator):void" />
			<role name="Request()" element="com.impetus.kundera.graph.Node::refresh():void" />
			<role name="Request()" element="com.impetus.kundera.graph.Node::find():void" />
		</instance>
		<instance>
			<role name="Adaptee" element="com.impetus.kundera.persistence.PersistenceDelegator" />
			<role name="Adapter" element="com.impetus.kundera.proxy.cglib.CglibLazyInitializer" />
			<role name="adaptee" element="com.impetus.kundera.proxy.cglib.CglibLazyInitializer::persistenceDelegator:com.impetus.kundera.persistence.PersistenceDelegator" />
			<role name="Request()" element="com.impetus.kundera.proxy.cglib.CglibLazyInitializer::initialize():void" />
		</instance>
	</pattern>
	<pattern name="Command" />
	<pattern name="Composite" />
	<pattern name="Decorator" />
	<pattern name="Observer" />
	<pattern name="State">
		<instance>
			<role name="Context" element="com.impetus.kundera.persistence.PersistenceValidator" />
			<role name="State" element="com.impetus.kundera.validation.ValidationFactory" />
			<role name="state" element="com.impetus.kundera.persistence.PersistenceValidator::factory:com.impetus.kundera.validation.ValidationFactory" />
			<role name="Request()" element="com.impetus.kundera.persistence.PersistenceValidator::validateEntityAttributes(, com.impetus.kundera.persistence.EntityManagerFactoryImpl$KunderaMetadata):void" />
			<role name="Request()" element="com.impetus.kundera.persistence.PersistenceValidator::onValidateEmbeddable(java.lang.Object, javax.persistence.metamodel.EmbeddableType):void" />
		</instance>
		<instance>
			<role name="State" element="com.impetus.kundera.metadata.validator.EntityValidator" />
			<role name="Context" element="com.impetus.kundera.metadata.MetadataBuilder" />
			<role name="state" element="com.impetus.kundera.metadata.MetadataBuilder::validator:com.impetus.kundera.metadata.validator.EntityValidator" />
			<role name="Request()" element="com.impetus.kundera.metadata.MetadataBuilder::validate(java.lang.Class):void" />
		</instance>
		<instance>
			<role name="Context" element="com.impetus.kundera.persistence.EntityManagerFactoryImpl" />
			<role name="State" element="com.impetus.kundera.cache.CacheProvider" />
			<role name="state" element="com.impetus.kundera.persistence.EntityManagerFactoryImpl::cacheProvider:com.impetus.kundera.cache.CacheProvider" />
			<role name="Request()" element="com.impetus.kundera.persistence.EntityManagerFactoryImpl::configure(java.lang.String, java.util.Map):void" />
			<role name="Request()" element="com.impetus.kundera.persistence.EntityManagerFactoryImpl::close():void" />
			<role name="Request()" element="com.impetus.kundera.persistence.EntityManagerFactoryImpl::getCache():javax.persistence.Cache" />
		</instance>
		<instance>
			<role name="Context" element="com.impetus.kundera.persistence.context.CacheBase" />
			<role name="State" element="com.impetus.kundera.cache.Cache" />
			<role name="state" element="com.impetus.kundera.persistence.context.CacheBase::l2Cache:com.impetus.kundera.cache.Cache" />
			<role name="Request()" element="com.impetus.kundera.persistence.context.CacheBase::addNodeToCache(com.impetus.kundera.graph.Node):void" />
			<role name="Request()" element="com.impetus.kundera.persistence.context.CacheBase::lookupL2Cache(java.lang.String, com.impetus.kundera.persistence.PersistenceDelegator):com.impetus.kundera.graph.Node" />
		</instance>
		<instance>
			<role name="Context" element="com.impetus.kundera.classreading.JarFileIterator" />
			<role name="State" element="com.impetus.kundera.classreading.Filter" />
			<role name="state" element="com.impetus.kundera.classreading.JarFileIterator::filter:com.impetus.kundera.classreading.Filter" />
			<role name="Request()" element="com.impetus.kundera.classreading.JarFileIterator::setNext():void" />
		</instance>
		<instance>
			<role name="Context" element="com.impetus.kundera.configure.MetamodelConfiguration" />
			<role name="State" element="com.impetus.kundera.validation.ValidationFactory" />
			<role name="state" element="com.impetus.kundera.configure.MetamodelConfiguration::factory:com.impetus.kundera.validation.ValidationFactory" />
			<role name="Request()" element="com.impetus.kundera.configure.MetamodelConfiguration::scanClassAndPutMetadata(java.io.InputStream, com.impetus.kundera.classreading.Reader, java.util.Map, java.util.Map, java.lang.String, java.lang.String, java.util.Map, java.util.Map):java.util.List" />
		</instance>
		<instance>
			<role name="Context" element="com.impetus.kundera.metadata.processor.TableProcessor" />
			<role name="State" element="com.impetus.kundera.validation.ValidationFactory" />
			<role name="state" element="com.impetus.kundera.metadata.processor.TableProcessor::factory:com.impetus.kundera.validation.ValidationFactory" />
			<role name="Request()" element="com.impetus.kundera.metadata.processor.TableProcessor::addRelationIntoMetadata(java.lang.Class, java.lang.reflect.Field, com.impetus.kundera.metadata.model.EntityMetadata):void" />
		</instance>
	</pattern>
	<pattern name="Strategy" />
	<pattern name="Bridge">
		<instance>
			<role name="Abstraction" element="com.impetus.kundera.loader.GenericClientFactory" />
			<role name="Implementor" element="com.impetus.kundera.client.Client" />
			<role name="implementor" element="com.impetus.kundera.loader.GenericClientFactory::client:com.impetus.kundera.client.Client" />
			<role name="Operation()" element="com.impetus.kundera.loader.GenericClientFactory::unload():void" />
		</instance>
		<instance>
			<role name="Abstraction" element="com.impetus.kundera.metadata.processor.AbstractEntityFieldProcessor" />
			<role name="Implementor" element="com.impetus.kundera.metadata.validator.EntityValidator" />
			<role name="implementor" element="com.impetus.kundera.metadata.processor.AbstractEntityFieldProcessor::validator:com.impetus.kundera.metadata.validator.EntityValidator" />
			<role name="Operation()" element="com.impetus.kundera.metadata.processor.AbstractEntityFieldProcessor::validate(java.lang.Class):void" />
		</instance>
	</pattern>
	<pattern name="Template Method">
		<instance>
			<role name="AbstractClass" element="com.impetus.kundera.configure.AbstractPropertyReader" />
			<role name="TemplateMethod()" element="com.impetus.kundera.configure.AbstractPropertyReader::read(java.lang.String):void" />
		</instance>
		<instance>
			<role name="AbstractClass" element="com.impetus.kundera.configure.schema.api.AbstractSchemaManager" />
			<role name="TemplateMethod()" element="com.impetus.kundera.configure.schema.api.AbstractSchemaManager::exportSchema(java.lang.String, java.util.List):void" />
			<role name="TemplateMethod()" element="com.impetus.kundera.configure.schema.api.AbstractSchemaManager::handleOperations(java.util.List):void" />
		</instance>
		<instance>
			<role name="AbstractClass" element="com.impetus.kundera.client.ClientBase" />
			<role name="TemplateMethod()" element="com.impetus.kundera.client.ClientBase::persist(com.impetus.kundera.graph.Node):void" />
			<role name="TemplateMethod()" element="com.impetus.kundera.client.ClientBase::remove(java.lang.Object, java.lang.Object):void" />
		</instance>
		<instance>
			<role name="AbstractClass" element="com.impetus.kundera.loader.GenericClientFactory" />
			<role name="TemplateMethod()" element="com.impetus.kundera.loader.GenericClientFactory::load(java.lang.String, java.util.Map):void" />
			<role name="TemplateMethod()" element="com.impetus.kundera.loader.GenericClientFactory::getClientInstance():com.impetus.kundera.client.Client" />
		</instance>
		<instance>
			<role name="AbstractClass" element="com.impetus.kundera.service.HostConfiguration" />
			<role name="TemplateMethod()" element="com.impetus.kundera.service.HostConfiguration::buildHosts(java.util.Map, java.util.List, java.lang.String, com.impetus.kundera.persistence.EntityManagerFactoryImpl$KunderaMetadata):void" />
		</instance>
		<instance>
			<role name="AbstractClass" element="com.impetus.kundera.query.QueryImpl" />
			<role name="TemplateMethod()" element="com.impetus.kundera.query.QueryImpl::executeUpdate():int" />
			<role name="TemplateMethod()" element="com.impetus.kundera.query.QueryImpl::getResultList():java.util.List" />
			<role name="TemplateMethod()" element="com.impetus.kundera.query.QueryImpl::setRelationEntities(java.util.List, com.impetus.kundera.client.Client, com.impetus.kundera.metadata.model.EntityMetadata):java.util.List" />
			<role name="TemplateMethod()" element="com.impetus.kundera.query.QueryImpl::findUsingLucene(com.impetus.kundera.metadata.model.EntityMetadata, com.impetus.kundera.client.Client, java.lang.Object[]):java.util.List" />
			<role name="TemplateMethod()" element="com.impetus.kundera.query.QueryImpl::fetch():java.util.List" />
		</instance>
	</pattern>
	<pattern name="Visitor" />
	<pattern name="Proxy" />
	<pattern name="Proxy2" />
	<pattern name="Chain of Responsibility" />
</system>

