<?xml version="1.0" encoding="UTF-8"?>
<system>
	<pattern name="Factory Method">
		<instance>
			<role name="Creator" element="org.apache.avro.util.internal.Accessor$FieldAccessor" />
			<role name="FactoryMethod()" element="org.apache.avro.util.internal.Accessor$FieldAccessor::createField(java.lang.String, org.apache.avro.Schema, java.lang.String, com.fasterxml.jackson.databind.JsonNode):org.apache.avro.Schema$Field" />
			<role name="FactoryMethod()" element="org.apache.avro.util.internal.Accessor$FieldAccessor::createField(java.lang.String, org.apache.avro.Schema, java.lang.String, com.fasterxml.jackson.databind.JsonNode, boolean, org.apache.avro.Schema$Field$Order):org.apache.avro.Schema$Field" />
		</instance>
		<instance>
			<role name="Creator" element="org.apache.avro.file.CodecFactory" />
			<role name="FactoryMethod()" element="org.apache.avro.file.CodecFactory::createInstance():org.apache.avro.file.Codec" />
		</instance>
		<instance>
			<role name="Creator" element="org.apache.avro.reflect.FieldAccess" />
			<role name="FactoryMethod()" element="org.apache.avro.reflect.FieldAccess::getAccessor(java.lang.reflect.Field):org.apache.avro.reflect.FieldAccessor" />
		</instance>
		<instance>
			<role name="Creator" element="org.apache.avro.SchemaBuilder$CompletionWrapper" />
			<role name="FactoryMethod()" element="org.apache.avro.SchemaBuilder$CompletionWrapper::wrap():org.apache.avro.SchemaBuilder$Completion" />
		</instance>
	</pattern>
	<pattern name="Prototype" />
	<pattern name="Singleton">
		<instance>
			<role name="Singleton" element="org.apache.avro.io.DecoderFactory" />
			<role name="uniqueInstance" element="org.apache.avro.io.DecoderFactory::DEFAULT_FACTORY:org.apache.avro.io.DecoderFactory" />
		</instance>
		<instance>
			<role name="Singleton" element="org.apache.avro.io.EncoderFactory" />
			<role name="uniqueInstance" element="org.apache.avro.io.EncoderFactory::DEFAULT_FACTORY:org.apache.avro.io.EncoderFactory" />
		</instance>
		<instance>
			<role name="Singleton" element="org.apache.avro.generic.GenericData" />
			<role name="uniqueInstance" element="org.apache.avro.generic.GenericData::INSTANCE:org.apache.avro.generic.GenericData" />
		</instance>
		<instance>
			<role name="Singleton" element="org.apache.avro.file.NullCodec" />
			<role name="uniqueInstance" element="org.apache.avro.file.NullCodec::INSTANCE:org.apache.avro.file.NullCodec" />
		</instance>
		<instance>
			<role name="Singleton" element="org.apache.avro.reflect.ReflectData$AllowNull" />
			<role name="uniqueInstance" element="org.apache.avro.reflect.ReflectData$AllowNull::INSTANCE:org.apache.avro.reflect.ReflectData$AllowNull" />
		</instance>
		<instance>
			<role name="Singleton" element="org.apache.avro.reflect.ReflectData" />
			<role name="uniqueInstance" element="org.apache.avro.reflect.ReflectData::INSTANCE:org.apache.avro.reflect.ReflectData" />
		</instance>
		<instance>
			<role name="Singleton" element="org.apache.avro.specific.SpecificData" />
			<role name="uniqueInstance" element="org.apache.avro.specific.SpecificData::INSTANCE:org.apache.avro.specific.SpecificData" />
		</instance>
	</pattern>
	<pattern name="(Object)Adapter">
		<instance>
			<role name="Adaptee" element="org.apache.avro.util.Utf8" />
			<role name="Adapter" element="org.apache.avro.io.BinaryDecoder" />
			<role name="adaptee" element="org.apache.avro.io.BinaryDecoder::scratchUtf8:org.apache.avro.util.Utf8" />
			<role name="Request()" element="org.apache.avro.io.BinaryDecoder::readString():java.lang.String" />
		</instance>
		<instance>
			<role name="Adaptee" element="org.apache.avro.generic.GenericData" />
			<role name="Adapter" element="org.apache.avro.generic.GenericDatumReader" />
			<role name="adaptee" element="org.apache.avro.generic.GenericDatumReader::data:org.apache.avro.generic.GenericData" />
			<role name="Request()" element="org.apache.avro.generic.GenericDatumReader::read(D, org.apache.avro.io.Decoder):java.lang.Object" />
		</instance>
		<instance>
			<role name="Adaptee" element="org.apache.avro.io.parsing.SkipParser" />
			<role name="Adapter" element="org.apache.avro.io.ParsingDecoder" />
			<role name="adaptee" element="org.apache.avro.io.ParsingDecoder::parser:org.apache.avro.io.parsing.SkipParser" />
			<role name="Request()" element="org.apache.avro.io.ParsingDecoder::skipAction():void" />
			<role name="Request()" element="org.apache.avro.io.ParsingDecoder::skipTopSymbol():void" />
		</instance>
		<instance>
			<role name="Adaptee" element="org.apache.avro.generic.GenericData$InstanceSupplier" />
			<role name="Adapter" element="org.apache.avro.io.FastReaderBuilder$RecordReader" />
			<role name="adaptee" element="org.apache.avro.io.FastReaderBuilder$RecordReader::supplier:org.apache.avro.generic.GenericData$InstanceSupplier" />
			<role name="Request()" element="org.apache.avro.io.FastReaderBuilder$RecordReader::read(java.lang.Object, org.apache.avro.io.Decoder):java.lang.Object" />
		</instance>
		<instance>
			<role name="Adaptee" element="org.apache.avro.Schema" />
			<role name="Adapter" element="org.apache.avro.data.Json$ObjectReader" />
			<role name="adaptee" element="org.apache.avro.data.Json$ObjectReader::written:org.apache.avro.Schema" />
			<role name="Request()" element="org.apache.avro.data.Json$ObjectReader::setSchema(org.apache.avro.Schema):void" />
		</instance>
		<instance>
			<role name="Adaptee" element="org.apache.avro.io.BinaryDecoder$ByteSource" />
			<role name="Adapter" element="org.apache.avro.io.BinaryDecoder" />
			<role name="adaptee" element="org.apache.avro.io.BinaryDecoder::source:org.apache.avro.io.BinaryDecoder$ByteSource" />
			<role name="Request()" element="org.apache.avro.io.BinaryDecoder::readBoolean():boolean" />
		</instance>
		<instance>
			<role name="Adaptee" element="org.apache.avro.file.DataFileReader$SeekableInputStream" />
			<role name="Adapter" element="org.apache.avro.file.DataFileReader" />
			<role name="adaptee" element="org.apache.avro.file.DataFileReader::sin:org.apache.avro.file.DataFileReader$SeekableInputStream" />
			<role name="Request()" element="org.apache.avro.file.DataFileReader::sync(long):void" />
			<role name="Request()" element="org.apache.avro.file.DataFileReader::pastSync(long):boolean" />
			<role name="Request()" element="org.apache.avro.file.DataFileReader::tell():long" />
		</instance>
		<instance>
			<role name="Adaptee" element="org.apache.avro.file.DataFileReader$SeekableInputStream" />
			<role name="Adapter" element="org.apache.avro.file.DataFileReader12" />
			<role name="adaptee" element="org.apache.avro.file.DataFileReader12::in:org.apache.avro.file.DataFileReader$SeekableInputStream" />
			<role name="Request()" element="org.apache.avro.file.DataFileReader12::next(D):java.lang.Object" />
			<role name="Request()" element="org.apache.avro.file.DataFileReader12::sync(long):void" />
			<role name="Request()" element="org.apache.avro.file.DataFileReader12::pastSync(long):boolean" />
			<role name="Request()" element="org.apache.avro.file.DataFileReader12::tell():long" />
		</instance>
		<instance>
			<role name="Adapter" element="org.apache.avro.SchemaBuilder$NestedCompletion" />
			<role name="Adaptee" element="org.apache.avro.SchemaBuilder$PropBuilder" />
			<role name="adaptee" element="org.apache.avro.SchemaBuilder$NestedCompletion::assembler:org.apache.avro.SchemaBuilder$PropBuilder" />
			<role name="Request()" element="org.apache.avro.SchemaBuilder$NestedCompletion::complete(org.apache.avro.Schema):java.lang.Object" />
		</instance>
		<instance>
			<role name="Adaptee" element="org.apache.avro.Schema" />
			<role name="Adapter" element="org.apache.avro.generic.GenericData$Record" />
			<role name="adaptee" element="org.apache.avro.generic.GenericData$Record::schema:org.apache.avro.Schema" />
			<role name="Request()" element="org.apache.avro.generic.GenericData$Record::put(java.lang.String, java.lang.Object):void" />
			<role name="Request()" element="org.apache.avro.generic.GenericData$Record::get(java.lang.String):java.lang.Object" />
		</instance>
		<instance>
			<role name="Adaptee" element="org.apache.avro.io.BinaryDecoder" />
			<role name="Adapter" element="org.apache.avro.file.DataFileReader12" />
			<role name="adaptee" element="org.apache.avro.file.DataFileReader12::vin:org.apache.avro.io.BinaryDecoder" />
			<role name="Request()" element="org.apache.avro.file.DataFileReader12::next(D):java.lang.Object" />
			<role name="Request()" element="org.apache.avro.file.DataFileReader12::sync(long):void" />
		</instance>
		<instance>
			<role name="Adaptee" element="org.apache.avro.SchemaValidationStrategy" />
			<role name="Adapter" element="org.apache.avro.ValidateAll" />
			<role name="adaptee" element="org.apache.avro.ValidateAll::strategy:org.apache.avro.SchemaValidationStrategy" />
			<role name="Request()" element="org.apache.avro.ValidateAll::validate(org.apache.avro.Schema, java.lang.Iterable):void" />
		</instance>
		<instance>
			<role name="Adaptee" element="org.apache.avro.SchemaValidationStrategy" />
			<role name="Adapter" element="org.apache.avro.ValidateLatest" />
			<role name="adaptee" element="org.apache.avro.ValidateLatest::strategy:org.apache.avro.SchemaValidationStrategy" />
			<role name="Request()" element="org.apache.avro.ValidateLatest::validate(org.apache.avro.Schema, java.lang.Iterable):void" />
		</instance>
		<instance>
			<role name="Adaptee" element="org.apache.avro.io.DatumReader" />
			<role name="Adapter" element="org.apache.avro.file.DataFileReader12" />
			<role name="adaptee" element="org.apache.avro.file.DataFileReader12::reader:org.apache.avro.io.DatumReader" />
			<role name="Request()" element="org.apache.avro.file.DataFileReader12::next(D):java.lang.Object" />
		</instance>
		<instance>
			<role name="Adaptee" element="org.apache.avro.io.DatumWriter" />
			<role name="Adapter" element="org.apache.avro.message.RawMessageEncoder" />
			<role name="adaptee" element="org.apache.avro.message.RawMessageEncoder::writer:org.apache.avro.io.DatumWriter" />
			<role name="Request()" element="org.apache.avro.message.RawMessageEncoder::encode(D, java.io.OutputStream):void" />
		</instance>
	</pattern>
	<pattern name="Command" />
	<pattern name="Composite" />
	<pattern name="Decorator">
		<instance>
			<role name="Component" element="org.apache.avro.io.Decoder" />
			<role name="Decorator" element="org.apache.avro.io.ValidatingDecoder" />
			<role name="component" element="org.apache.avro.io.ValidatingDecoder::in:org.apache.avro.io.Decoder" />
			<role name="Operation()" element="org.apache.avro.io.ValidatingDecoder::readNull():void" />
			<role name="Operation()" element="org.apache.avro.io.ValidatingDecoder::readBoolean():boolean" />
			<role name="Operation()" element="org.apache.avro.io.ValidatingDecoder::readInt():int" />
			<role name="Operation()" element="org.apache.avro.io.ValidatingDecoder::readLong():long" />
			<role name="Operation()" element="org.apache.avro.io.ValidatingDecoder::readFloat():float" />
			<role name="Operation()" element="org.apache.avro.io.ValidatingDecoder::readDouble():double" />
			<role name="Operation()" element="org.apache.avro.io.ValidatingDecoder::readString(org.apache.avro.util.Utf8):org.apache.avro.util.Utf8" />
			<role name="Operation()" element="org.apache.avro.io.ValidatingDecoder::readString():java.lang.String" />
			<role name="Operation()" element="org.apache.avro.io.ValidatingDecoder::skipString():void" />
			<role name="Operation()" element="org.apache.avro.io.ValidatingDecoder::readBytes(java.nio.ByteBuffer):java.nio.ByteBuffer" />
			<role name="Operation()" element="org.apache.avro.io.ValidatingDecoder::skipBytes():void" />
			<role name="Operation()" element="org.apache.avro.io.ValidatingDecoder::readFixed(byte[], int, int):void" />
			<role name="Operation()" element="org.apache.avro.io.ValidatingDecoder::skipFixed(int):void" />
			<role name="Operation()" element="org.apache.avro.io.ValidatingDecoder::readEnum():int" />
			<role name="Operation()" element="org.apache.avro.io.ValidatingDecoder::readArrayStart():long" />
			<role name="Operation()" element="org.apache.avro.io.ValidatingDecoder::arrayNext():long" />
			<role name="Operation()" element="org.apache.avro.io.ValidatingDecoder::skipArray():long" />
			<role name="Operation()" element="org.apache.avro.io.ValidatingDecoder::readMapStart():long" />
			<role name="Operation()" element="org.apache.avro.io.ValidatingDecoder::mapNext():long" />
			<role name="Operation()" element="org.apache.avro.io.ValidatingDecoder::skipMap():long" />
			<role name="Operation()" element="org.apache.avro.io.ValidatingDecoder::readIndex():int" />
		</instance>
		<instance>
			<role name="Component" element="org.apache.avro.io.Encoder" />
			<role name="Decorator" element="org.apache.avro.io.ValidatingEncoder" />
			<role name="component" element="org.apache.avro.io.ValidatingEncoder::out:org.apache.avro.io.Encoder" />
			<role name="Operation()" element="org.apache.avro.io.ValidatingEncoder::writeNull():void" />
			<role name="Operation()" element="org.apache.avro.io.ValidatingEncoder::writeBoolean(boolean):void" />
			<role name="Operation()" element="org.apache.avro.io.ValidatingEncoder::writeInt(int):void" />
			<role name="Operation()" element="org.apache.avro.io.ValidatingEncoder::writeLong(long):void" />
			<role name="Operation()" element="org.apache.avro.io.ValidatingEncoder::writeFloat(float):void" />
			<role name="Operation()" element="org.apache.avro.io.ValidatingEncoder::writeDouble(double):void" />
			<role name="Operation()" element="org.apache.avro.io.ValidatingEncoder::writeString(org.apache.avro.util.Utf8):void" />
			<role name="Operation()" element="org.apache.avro.io.ValidatingEncoder::writeBytes(java.nio.ByteBuffer):void" />
			<role name="Operation()" element="org.apache.avro.io.ValidatingEncoder::writeBytes(byte[], int, int):void" />
			<role name="Operation()" element="org.apache.avro.io.ValidatingEncoder::writeFixed(byte[], int, int):void" />
			<role name="Operation()" element="org.apache.avro.io.ValidatingEncoder::writeEnum(int):void" />
			<role name="Operation()" element="org.apache.avro.io.ValidatingEncoder::writeArrayStart():void" />
			<role name="Operation()" element="org.apache.avro.io.ValidatingEncoder::writeArrayEnd():void" />
			<role name="Operation()" element="org.apache.avro.io.ValidatingEncoder::writeMapStart():void" />
			<role name="Operation()" element="org.apache.avro.io.ValidatingEncoder::writeMapEnd():void" />
			<role name="Operation()" element="org.apache.avro.io.ValidatingEncoder::setItemCount(long):void" />
			<role name="Operation()" element="org.apache.avro.io.ValidatingEncoder::startItem():void" />
			<role name="Operation()" element="org.apache.avro.io.ValidatingEncoder::writeIndex(int):void" />
		</instance>
		<instance>
			<role name="Component" element="org.apache.avro.SchemaBuilder$Completion" />
			<role name="Decorator" element="org.apache.avro.SchemaBuilder$NestedCompletion" />
			<role name="component" element="org.apache.avro.SchemaBuilder$NestedCompletion::context:org.apache.avro.SchemaBuilder$Completion" />
			<role name="Operation()" element="org.apache.avro.SchemaBuilder$NestedCompletion::complete(org.apache.avro.Schema):java.lang.Object" />
		</instance>
		<instance>
			<role name="Component" element="org.apache.avro.SchemaBuilder$Completion" />
			<role name="Decorator" element="org.apache.avro.SchemaBuilder$NullableCompletion" />
			<role name="component" element="org.apache.avro.SchemaBuilder$NullableCompletion::context:org.apache.avro.SchemaBuilder$Completion" />
			<role name="Operation()" element="org.apache.avro.SchemaBuilder$NullableCompletion::complete(org.apache.avro.Schema):java.lang.Object" />
		</instance>
		<instance>
			<role name="Component" element="org.apache.avro.io.DatumReader" />
			<role name="Decorator" element="org.apache.avro.generic.GenericDatumReader" />
			<role name="component" element="org.apache.avro.generic.GenericDatumReader::fastDatumReader:org.apache.avro.io.DatumReader" />
			<role name="Operation()" element="org.apache.avro.generic.GenericDatumReader::read(D, org.apache.avro.io.Decoder):java.lang.Object" />
		</instance>
		<instance>
			<role name="Component" element="org.apache.avro.io.FastReaderBuilder$FieldReader" />
			<role name="Decorator" element="org.apache.avro.io.FastReaderBuilder$MapReader" />
			<role name="component" element="org.apache.avro.io.FastReaderBuilder$MapReader::keyReader:org.apache.avro.io.FastReaderBuilder$FieldReader" />
			<role name="component" element="org.apache.avro.io.FastReaderBuilder$MapReader::valueReader:org.apache.avro.io.FastReaderBuilder$FieldReader" />
			<role name="Operation()" element="org.apache.avro.io.FastReaderBuilder$MapReader::read(java.lang.Object, org.apache.avro.io.Decoder):java.lang.Object" />
		</instance>
		<instance>
			<role name="Component" element="org.apache.avro.file.SeekableInput" />
			<role name="Decorator" element="org.apache.avro.file.DataFileReader$SeekableInputStream" />
			<role name="component" element="org.apache.avro.file.DataFileReader$SeekableInputStream::in:org.apache.avro.file.SeekableInput" />
			<role name="Operation()" element="org.apache.avro.file.DataFileReader$SeekableInputStream::seek(long):void" />
			<role name="Operation()" element="org.apache.avro.file.DataFileReader$SeekableInputStream::tell():long" />
			<role name="Operation()" element="org.apache.avro.file.DataFileReader$SeekableInputStream::length():long" />
			<role name="Operation()" element="org.apache.avro.file.DataFileReader$SeekableInputStream::read(byte[], int, int):int" />
		</instance>
	</pattern>
	<pattern name="Observer" />
	<pattern name="State">
		<instance>
			<role name="Context" element="org.apache.avro.file.DataFileWriter" />
			<role name="State" element="org.apache.avro.io.BinaryEncoder" />
			<role name="state" element="org.apache.avro.file.DataFileWriter::bufOut:org.apache.avro.io.BinaryEncoder" />
			<role name="Request()" element="org.apache.avro.file.DataFileWriter::bufferInUse():int" />
		</instance>
		<instance>
			<role name="State" element="org.apache.avro.SchemaBuilder$Completion" />
			<role name="Context" element="org.apache.avro.SchemaBuilder$FieldAssembler" />
			<role name="state" element="org.apache.avro.SchemaBuilder$FieldAssembler::context:org.apache.avro.SchemaBuilder$Completion" />
			<role name="Request()" element="org.apache.avro.SchemaBuilder$FieldAssembler::endRecord():java.lang.Object" />
		</instance>
		<instance>
			<role name="State" element="org.apache.avro.SchemaBuilder$Completion" />
			<role name="Context" element="org.apache.avro.SchemaBuilder$UnionAccumulator" />
			<role name="state" element="org.apache.avro.SchemaBuilder$UnionAccumulator::context:org.apache.avro.SchemaBuilder$Completion" />
			<role name="Request()" element="org.apache.avro.SchemaBuilder$UnionAccumulator::endUnion():java.lang.Object" />
		</instance>
		<instance>
			<role name="Context" element="org.apache.avro.io.parsing.Parser" />
			<role name="State" element="org.apache.avro.io.parsing.Parser$ActionHandler" />
			<role name="state" element="org.apache.avro.io.parsing.Parser::symbolHandler:org.apache.avro.io.parsing.Parser$ActionHandler" />
			<role name="Request()" element="org.apache.avro.io.parsing.Parser::advance(org.apache.avro.io.parsing.Symbol):org.apache.avro.io.parsing.Symbol" />
			<role name="Request()" element="org.apache.avro.io.parsing.Parser::processImplicitActions():void" />
			<role name="Request()" element="org.apache.avro.io.parsing.Parser::processTrailingImplicitActions():void" />
		</instance>
		<instance>
			<role name="Context" element="org.apache.avro.io.FastReaderBuilder$RecordReader" />
			<role name="State" element="org.apache.avro.generic.GenericData$InstanceSupplier" />
			<role name="state" element="org.apache.avro.io.FastReaderBuilder$RecordReader::supplier:org.apache.avro.generic.GenericData$InstanceSupplier" />
			<role name="Request()" element="org.apache.avro.io.FastReaderBuilder$RecordReader::read(java.lang.Object, org.apache.avro.io.Decoder):java.lang.Object" />
		</instance>
		<instance>
			<role name="Context" element="org.apache.avro.io.FastReaderBuilder$RecordReader" />
			<role name="State" element="org.apache.avro.io.FastReaderBuilder$ExecutionStep" />
			<role name="state" element="org.apache.avro.io.FastReaderBuilder$RecordReader::readSteps:org.apache.avro.io.FastReaderBuilder$ExecutionStep[]" />
			<role name="Request()" element="org.apache.avro.io.FastReaderBuilder$RecordReader::read(java.lang.Object, org.apache.avro.io.Decoder):java.lang.Object" />
		</instance>
		<instance>
			<role name="State" element="org.apache.avro.io.parsing.SkipParser$SkipHandler" />
			<role name="Context" element="org.apache.avro.io.parsing.SkipParser" />
			<role name="state" element="org.apache.avro.io.parsing.SkipParser::skipHandler:org.apache.avro.io.parsing.SkipParser$SkipHandler" />
			<role name="Request()" element="org.apache.avro.io.parsing.SkipParser::skipTo(int):void" />
		</instance>
		<instance>
			<role name="Context" element="org.apache.avro.file.DataFileWriter" />
			<role name="State" element="org.apache.avro.io.DatumWriter" />
			<role name="state" element="org.apache.avro.file.DataFileWriter::dout:org.apache.avro.io.DatumWriter" />
			<role name="Request()" element="org.apache.avro.file.DataFileWriter::init(java.io.OutputStream):void" />
			<role name="Request()" element="org.apache.avro.file.DataFileWriter::append(D):void" />
		</instance>
		<instance>
			<role name="Context" element="org.apache.avro.io.BinaryDecoder" />
			<role name="State" element="org.apache.avro.io.BinaryDecoder$ByteSource" />
			<role name="state" element="org.apache.avro.io.BinaryDecoder::source:org.apache.avro.io.BinaryDecoder$ByteSource" />
			<role name="Request()" element="org.apache.avro.io.BinaryDecoder::readBoolean():boolean" />
			<role name="Request()" element="org.apache.avro.io.BinaryDecoder::doSkipBytes(long):void" />
			<role name="Request()" element="org.apache.avro.io.BinaryDecoder::doReadBytes(byte[], int, int):void" />
			<role name="Request()" element="org.apache.avro.io.BinaryDecoder::isEnd():boolean" />
		</instance>
		<instance>
			<role name="Context" element="org.apache.avro.file.DataFileWriter" />
			<role name="State" element="org.apache.avro.file.Codec" />
			<role name="state" element="org.apache.avro.file.DataFileWriter::codec:org.apache.avro.file.Codec" />
			<role name="Request()" element="org.apache.avro.file.DataFileWriter::setCodec(org.apache.avro.file.CodecFactory):org.apache.avro.file.DataFileWriter" />
			<role name="Request()" element="org.apache.avro.file.DataFileWriter::appendAllFrom(org.apache.avro.file.DataFileStream, boolean):void" />
		</instance>
		<instance>
			<role name="State" element="org.apache.avro.util.springframework.ConcurrentReferenceHashMap$Reference" />
			<role name="Context" element="org.apache.avro.util.springframework.ConcurrentReferenceHashMap$EntryIterator" />
			<role name="state" element="org.apache.avro.util.springframework.ConcurrentReferenceHashMap$EntryIterator::reference:org.apache.avro.util.springframework.ConcurrentReferenceHashMap$Reference" />
			<role name="state" element="org.apache.avro.util.springframework.ConcurrentReferenceHashMap$EntryIterator::references:org.apache.avro.util.springframework.ConcurrentReferenceHashMap$Reference[]" />
			<role name="Request()" element="org.apache.avro.util.springframework.ConcurrentReferenceHashMap$EntryIterator::getNextIfNecessary():void" />
			<role name="Request()" element="org.apache.avro.util.springframework.ConcurrentReferenceHashMap$EntryIterator::moveToNextReference():void" />
		</instance>
		<instance>
			<role name="State" element="org.apache.avro.util.springframework.ConcurrentReferenceHashMap$Reference" />
			<role name="Context" element="org.apache.avro.util.springframework.ConcurrentReferenceHashMap$Segment" />
			<role name="state" element="org.apache.avro.util.springframework.ConcurrentReferenceHashMap$Segment::references:org.apache.avro.util.springframework.ConcurrentReferenceHashMap$Reference[]" />
			<role name="Request()" element="org.apache.avro.util.springframework.ConcurrentReferenceHashMap$Segment::doTask(, java.lang.Object, org.apache.avro.util.springframework.ConcurrentReferenceHashMap):java.lang.Object" />
			<role name="Request()" element="org.apache.avro.util.springframework.ConcurrentReferenceHashMap$Segment::restructure(boolean, org.apache.avro.util.springframework.ConcurrentReferenceHashMap$Reference):void" />
		</instance>
		<instance>
			<role name="Context" element="org.apache.avro.io.BufferedBinaryEncoder" />
			<role name="State" element="org.apache.avro.io.BufferedBinaryEncoder$ByteSink" />
			<role name="state" element="org.apache.avro.io.BufferedBinaryEncoder::sink:org.apache.avro.io.BufferedBinaryEncoder$ByteSink" />
			<role name="Request()" element="org.apache.avro.io.BufferedBinaryEncoder::flush():void" />
			<role name="Request()" element="org.apache.avro.io.BufferedBinaryEncoder::flushBuffer():void" />
			<role name="Request()" element="org.apache.avro.io.BufferedBinaryEncoder::writeFixed(byte[], int, int):void" />
			<role name="Request()" element="org.apache.avro.io.BufferedBinaryEncoder::writeFixed(java.nio.ByteBuffer):void" />
		</instance>
		<instance>
			<role name="Context" element="org.apache.avro.reflect.FieldAccessReflect$ReflectionBasesAccessorCustomEncoded" />
			<role name="State" element="org.apache.avro.reflect.CustomEncoding" />
			<role name="state" element="org.apache.avro.reflect.FieldAccessReflect$ReflectionBasesAccessorCustomEncoded::encoding:org.apache.avro.reflect.CustomEncoding" />
			<role name="Request()" element="org.apache.avro.reflect.FieldAccessReflect$ReflectionBasesAccessorCustomEncoded::write(java.lang.Object, org.apache.avro.io.Encoder):void" />
		</instance>
		<instance>
			<role name="Context" element="org.apache.avro.reflect.FieldAccessUnsafe$UnsafeCustomEncodedField" />
			<role name="State" element="org.apache.avro.reflect.CustomEncoding" />
			<role name="state" element="org.apache.avro.reflect.FieldAccessUnsafe$UnsafeCustomEncodedField::encoding:org.apache.avro.reflect.CustomEncoding" />
			<role name="Request()" element="org.apache.avro.reflect.FieldAccessUnsafe$UnsafeCustomEncodedField::write(java.lang.Object, org.apache.avro.io.Encoder):void" />
		</instance>
		<instance>
			<role name="Context" element="org.apache.avro.SchemaBuilder$BaseTypeBuilder" />
			<role name="State" element="org.apache.avro.SchemaBuilder$Completion" />
			<role name="state" element="org.apache.avro.SchemaBuilder$BaseTypeBuilder::context:org.apache.avro.SchemaBuilder$Completion" />
			<role name="Request()" element="org.apache.avro.SchemaBuilder$BaseTypeBuilder::type(org.apache.avro.Schema):java.lang.Object" />
		</instance>
		<instance>
			<role name="Context" element="org.apache.avro.compiler.schema.CloningVisitor" />
			<role name="State" element="org.apache.avro.compiler.schema.CloningVisitor$PropertyCopier" />
			<role name="state" element="org.apache.avro.compiler.schema.CloningVisitor::copyProperties:org.apache.avro.compiler.schema.CloningVisitor$PropertyCopier" />
			<role name="Request()" element="org.apache.avro.compiler.schema.CloningVisitor::visitTerminal(org.apache.avro.Schema):org.apache.avro.compiler.schema.SchemaVisitorAction" />
			<role name="Request()" element="org.apache.avro.compiler.schema.CloningVisitor::visitNonTerminal(org.apache.avro.Schema):org.apache.avro.compiler.schema.SchemaVisitorAction" />
			<role name="Request()" element="org.apache.avro.compiler.schema.CloningVisitor::afterVisitNonTerminal(org.apache.avro.Schema):org.apache.avro.compiler.schema.SchemaVisitorAction" />
		</instance>
		<instance>
			<role name="Context" element="org.apache.avro.util.internal.Accessor" />
			<role name="State" element="org.apache.avro.util.internal.Accessor$FieldAccessor" />
			<role name="state" element="org.apache.avro.util.internal.Accessor::fieldAccessor:org.apache.avro.util.internal.Accessor$FieldAccessor" />
			<role name="Request()" element="org.apache.avro.util.internal.Accessor::defaultValue(org.apache.avro.Schema$Field):com.fasterxml.jackson.databind.JsonNode" />
		</instance>
		<instance>
			<role name="Context" element="org.apache.avro.file.DataFileStream" />
			<role name="State" element="org.apache.avro.io.DatumReader" />
			<role name="state" element="org.apache.avro.file.DataFileStream::reader:org.apache.avro.io.DatumReader" />
			<role name="Request()" element="org.apache.avro.file.DataFileStream::initialize(java.io.InputStream, byte[]):void" />
			<role name="Request()" element="org.apache.avro.file.DataFileStream::initialize(org.apache.avro.file.DataFileStream$Header):void" />
			<role name="Request()" element="org.apache.avro.file.DataFileStream::next(D):java.lang.Object" />
		</instance>
		<instance>
			<role name="Context" element="org.apache.avro.file.DataFileReader12" />
			<role name="State" element="org.apache.avro.io.DatumReader" />
			<role name="state" element="org.apache.avro.file.DataFileReader12::reader:org.apache.avro.io.DatumReader" />
			<role name="Request()" element="org.apache.avro.file.DataFileReader12::next(D):java.lang.Object" />
		</instance>
		<instance>
			<role name="Context" element="org.apache.avro.message.RawMessageDecoder" />
			<role name="State" element="org.apache.avro.io.DatumReader" />
			<role name="state" element="org.apache.avro.message.RawMessageDecoder::reader:org.apache.avro.io.DatumReader" />
			<role name="Request()" element="org.apache.avro.message.RawMessageDecoder::decode(java.io.InputStream, D):java.lang.Object" />
		</instance>
		<instance>
			<role name="Context" element="org.apache.avro.message.BinaryMessageDecoder" />
			<role name="State" element="org.apache.avro.message.SchemaStore" />
			<role name="state" element="org.apache.avro.message.BinaryMessageDecoder::resolver:org.apache.avro.message.SchemaStore" />
			<role name="Request()" element="org.apache.avro.message.BinaryMessageDecoder::getDecoder(long):org.apache.avro.message.RawMessageDecoder" />
		</instance>
		<instance>
			<role name="State" element="org.apache.avro.io.DatumWriter" />
			<role name="Context" element="org.apache.avro.message.RawMessageEncoder" />
			<role name="state" element="org.apache.avro.message.RawMessageEncoder::writer:org.apache.avro.io.DatumWriter" />
			<role name="Request()" element="org.apache.avro.message.RawMessageEncoder::encode(D, java.io.OutputStream):void" />
		</instance>
		<instance>
			<role name="Context" element="org.apache.avro.util.internal.Accessor" />
			<role name="State" element="org.apache.avro.util.internal.Accessor$JsonPropertiesAccessor" />
			<role name="state" element="org.apache.avro.util.internal.Accessor::jsonPropertiesAccessor:org.apache.avro.util.internal.Accessor$JsonPropertiesAccessor" />
			<role name="Request()" element="org.apache.avro.util.internal.Accessor::addProp(org.apache.avro.JsonProperties, java.lang.String, com.fasterxml.jackson.databind.JsonNode):void" />
		</instance>
	</pattern>
	<pattern name="Strategy">
		<instance>
			<role name="Context" element="org.apache.avro.ValidateAll" />
			<role name="Strategy" element="org.apache.avro.SchemaValidationStrategy" />
			<role name="strategy" element="org.apache.avro.ValidateAll::strategy:org.apache.avro.SchemaValidationStrategy" />
			<role name="ContextInterface()" element="org.apache.avro.ValidateAll::validate(org.apache.avro.Schema, java.lang.Iterable):void" />
		</instance>
		<instance>
			<role name="Context" element="org.apache.avro.ValidateLatest" />
			<role name="Strategy" element="org.apache.avro.SchemaValidationStrategy" />
			<role name="strategy" element="org.apache.avro.ValidateLatest::strategy:org.apache.avro.SchemaValidationStrategy" />
			<role name="ContextInterface()" element="org.apache.avro.ValidateLatest::validate(org.apache.avro.Schema, java.lang.Iterable):void" />
		</instance>
	</pattern>
	<pattern name="Bridge">
		<instance>
			<role name="Implementor" element="org.apache.avro.SchemaBuilder$Completion" />
			<role name="Abstraction" element="org.apache.avro.SchemaBuilder$PrimitiveBuilder" />
			<role name="implementor" element="org.apache.avro.SchemaBuilder$PrimitiveBuilder::context:org.apache.avro.SchemaBuilder$Completion" />
			<role name="Operation()" element="org.apache.avro.SchemaBuilder$PrimitiveBuilder::end():java.lang.Object" />
		</instance>
	</pattern>
	<pattern name="Template Method">
		<instance>
			<role name="AbstractClass" element="org.apache.avro.mojo.AbstractAvroMojo" />
			<role name="TemplateMethod()" element="org.apache.avro.mojo.AbstractAvroMojo::execute():void" />
		</instance>
		<instance>
			<role name="AbstractClass" element="org.apache.avro.io.BinaryDecoder$ByteSource" />
			<role name="TemplateMethod()" element="org.apache.avro.io.BinaryDecoder$ByteSource::compactAndFill(byte[], int, int, int):void" />
			<role name="TemplateMethod()" element="org.apache.avro.io.BinaryDecoder$ByteSource::read(byte[], int, int):int" />
			<role name="TemplateMethod()" element="org.apache.avro.io.BinaryDecoder$ByteSource::skip(long):long" />
		</instance>
		<instance>
			<role name="AbstractClass" element="org.apache.avro.io.BinaryEncoder" />
			<role name="TemplateMethod()" element="org.apache.avro.io.BinaryEncoder::writeString(java.lang.String):void" />
			<role name="TemplateMethod()" element="org.apache.avro.io.BinaryEncoder::writeBytes(java.nio.ByteBuffer):void" />
			<role name="TemplateMethod()" element="org.apache.avro.io.BinaryEncoder::writeBytes(byte[], int, int):void" />
			<role name="TemplateMethod()" element="org.apache.avro.io.BinaryEncoder::writeArrayEnd():void" />
			<role name="TemplateMethod()" element="org.apache.avro.io.BinaryEncoder::writeMapEnd():void" />
		</instance>
		<instance>
			<role name="AbstractClass" element="org.apache.avro.file.Codec" />
			<role name="TemplateMethod()" element="org.apache.avro.file.Codec::toString():java.lang.String" />
		</instance>
		<instance>
			<role name="AbstractClass" element="org.apache.avro.file.CodecFactory" />
			<role name="TemplateMethod()" element="org.apache.avro.file.CodecFactory::toString():java.lang.String" />
		</instance>
		<instance>
			<role name="AbstractClass" element="org.apache.avro.Conversion" />
			<role name="TemplateMethod()" element="org.apache.avro.Conversion::getRecommendedSchema():org.apache.avro.Schema" />
		</instance>
		<instance>
			<role name="AbstractClass" element="org.apache.avro.reflect.CustomEncoding" />
			<role name="TemplateMethod()" element="org.apache.avro.reflect.CustomEncoding::read(org.apache.avro.io.Decoder):java.lang.Object" />
		</instance>
		<instance>
			<role name="AbstractClass" element="org.apache.avro.io.Decoder" />
			<role name="TemplateMethod()" element="org.apache.avro.io.Decoder::readFixed(byte[]):void" />
		</instance>
		<instance>
			<role name="AbstractClass" element="org.apache.avro.io.Encoder" />
			<role name="TemplateMethod()" element="org.apache.avro.io.Encoder::writeString(java.lang.String):void" />
			<role name="TemplateMethod()" element="org.apache.avro.io.Encoder::writeString(java.lang.CharSequence):void" />
			<role name="TemplateMethod()" element="org.apache.avro.io.Encoder::writeBytes(byte[]):void" />
			<role name="TemplateMethod()" element="org.apache.avro.io.Encoder::writeFixed(byte[]):void" />
			<role name="TemplateMethod()" element="org.apache.avro.io.Encoder::writeFixed(java.nio.ByteBuffer):void" />
		</instance>
		<instance>
			<role name="AbstractClass" element="org.apache.avro.generic.GenericData$AbstractArray" />
			<role name="TemplateMethod()" element="org.apache.avro.generic.GenericData$AbstractArray::reverse():void" />
		</instance>
		<instance>
			<role name="AbstractClass" element="org.apache.avro.io.ParsingDecoder" />
			<role name="TemplateMethod()" element="org.apache.avro.io.ParsingDecoder::skipTopSymbol():void" />
		</instance>
		<instance>
			<role name="AbstractClass" element="org.apache.avro.SchemaBuilder$FieldDefault" />
			<role name="TemplateMethod()" element="org.apache.avro.SchemaBuilder$FieldDefault::complete(org.apache.avro.Schema):org.apache.avro.SchemaBuilder$FieldDefault" />
		</instance>
		<instance>
			<role name="AbstractClass" element="org.apache.avro.SchemaBuilder$NestedCompletion" />
			<role name="TemplateMethod()" element="org.apache.avro.SchemaBuilder$NestedCompletion::complete(org.apache.avro.Schema):java.lang.Object" />
		</instance>
		<instance>
			<role name="AbstractClass" element="org.apache.avro.SchemaBuilder$PropBuilder" />
			<role name="TemplateMethod()" element="org.apache.avro.SchemaBuilder$PropBuilder::prop(java.lang.String, com.fasterxml.jackson.databind.JsonNode):org.apache.avro.SchemaBuilder$PropBuilder" />
		</instance>
		<instance>
			<role name="AbstractClass" element="org.apache.avro.specific.SpecificExceptionBase" />
			<role name="TemplateMethod()" element="org.apache.avro.specific.SpecificExceptionBase::equals(java.lang.Object):boolean" />
			<role name="TemplateMethod()" element="org.apache.avro.specific.SpecificExceptionBase::hashCode():int" />
		</instance>
	</pattern>
	<pattern name="Visitor" />
	<pattern name="Proxy" />
	<pattern name="Proxy2" />
	<pattern name="Chain of Responsibility" />
</system>

