<?xml version="1.0" encoding="UTF-8"?>
<system>
	<pattern name="Factory Method" />
	<pattern name="Prototype" />
	<pattern name="Singleton" />
	<pattern name="(Object)Adapter">
		<instance>
			<role name="Adaptee" element="com.github.searls.jasmine.server.ResourceHandlerConfigurator" />
			<role name="Adapter" element="com.github.searls.jasmine.mojo.ServerMojo" />
			<role name="adaptee" element="com.github.searls.jasmine.mojo.ServerMojo::resourceHandlerConfigurator:com.github.searls.jasmine.server.ResourceHandlerConfigurator" />
			<role name="Request()" element="com.github.searls.jasmine.mojo.ServerMojo::run(com.github.searls.jasmine.config.ServerConfiguration, com.github.searls.jasmine.config.JasmineConfiguration):void" />
		</instance>
	</pattern>
	<pattern name="Command" />
	<pattern name="Composite" />
	<pattern name="Decorator">
		<instance>
			<role name="Component" element="com.github.searls.jasmine.io.scripts.ScriptResolver" />
			<role name="Decorator" element="com.github.searls.jasmine.io.scripts.ContextPathScriptResolver" />
			<role name="component" element="com.github.searls.jasmine.io.scripts.ContextPathScriptResolver::scriptResolver:com.github.searls.jasmine.io.scripts.ScriptResolver" />
			<role name="Operation()" element="com.github.searls.jasmine.io.scripts.ContextPathScriptResolver::getSources():java.util.Set" />
			<role name="Operation()" element="com.github.searls.jasmine.io.scripts.ContextPathScriptResolver::getSpecs():java.util.Set" />
			<role name="Operation()" element="com.github.searls.jasmine.io.scripts.ContextPathScriptResolver::getPreloads():java.util.Set" />
		</instance>
	</pattern>
	<pattern name="Observer" />
	<pattern name="State">
		<instance>
			<role name="State" element="com.github.searls.jasmine.runner.SpecRunnerHtmlGenerator" />
			<role name="Context" element="com.github.searls.jasmine.runner.CreatesRunner" />
			<role name="state" element="com.github.searls.jasmine.runner.CreatesRunner::specRunnerHtmlGenerator:com.github.searls.jasmine.runner.SpecRunnerHtmlGenerator" />
			<role name="Request()" element="com.github.searls.jasmine.runner.CreatesRunner::create(com.github.searls.jasmine.config.JasmineConfiguration):void" />
		</instance>
		<instance>
			<role name="Context" element="com.github.searls.jasmine.io.scripts.BasicScriptResolver" />
			<role name="State" element="com.github.searls.jasmine.model.ScriptSearch" />
			<role name="state" element="com.github.searls.jasmine.io.scripts.BasicScriptResolver::sourceScriptSearch:com.github.searls.jasmine.model.ScriptSearch" />
			<role name="state" element="com.github.searls.jasmine.io.scripts.BasicScriptResolver::specScriptSearch:com.github.searls.jasmine.model.ScriptSearch" />
			<role name="Request()" element="com.github.searls.jasmine.io.scripts.BasicScriptResolver::getSourceDirectory():java.lang.String" />
			<role name="Request()" element="com.github.searls.jasmine.io.scripts.BasicScriptResolver::getSpecDirectory():java.lang.String" />
		</instance>
	</pattern>
	<pattern name="Strategy" />
	<pattern name="Bridge" />
	<pattern name="Template Method">
		<instance>
			<role name="AbstractClass" element="com.github.searls.jasmine.mojo.AbstractJasmineMojo" />
			<role name="TemplateMethod()" element="com.github.searls.jasmine.mojo.AbstractJasmineMojo::execute():void" />
		</instance>
		<instance>
			<role name="AbstractClass" element="com.github.searls.jasmine.thirdpartylibs.AbstractThirdPartyLibsResourceHandler" />
			<role name="TemplateMethod()" element="com.github.searls.jasmine.thirdpartylibs.AbstractThirdPartyLibsResourceHandler::handle(java.lang.String, org.eclipse.jetty.server.Request, javax.servlet.http.HttpServletRequest, javax.servlet.http.HttpServletResponse):void" />
		</instance>
		<instance>
			<role name="AbstractClass" element="com.github.searls.jasmine.runner.HtmlGeneratorConfiguration" />
			<role name="TemplateMethod()" element="com.github.searls.jasmine.runner.HtmlGeneratorConfiguration::isAutoRefresh():boolean" />
		</instance>
	</pattern>
	<pattern name="Visitor" />
	<pattern name="Proxy" />
	<pattern name="Proxy2" />
	<pattern name="Chain of Responsibility" />
</system>

