<?xml version="1.0" encoding="UTF-8"?>
<system>
	<pattern name="Factory Method">
		<instance>
			<role name="Creator" element="oauth.signpost.AbstractOAuthConsumer" />
			<role name="FactoryMethod()" element="oauth.signpost.AbstractOAuthConsumer::wrap(java.lang.Object):oauth.signpost.http.HttpRequest" />
		</instance>
		<instance>
			<role name="Creator" element="oauth.signpost.AbstractOAuthProvider" />
			<role name="FactoryMethod()" element="oauth.signpost.AbstractOAuthProvider::createRequest(java.lang.String):oauth.signpost.http.HttpRequest" />
			<role name="FactoryMethod()" element="oauth.signpost.AbstractOAuthProvider::sendRequest(oauth.signpost.http.HttpRequest):oauth.signpost.http.HttpResponse" />
		</instance>
	</pattern>
	<pattern name="Prototype" />
	<pattern name="Singleton" />
	<pattern name="(Object)Adapter">
		<instance>
			<role name="Adaptee" element="oauth.signpost.http.HttpParameters" />
			<role name="Adapter" element="oauth.signpost.AbstractOAuthProvider" />
			<role name="adaptee" element="oauth.signpost.AbstractOAuthProvider::responseParameters:oauth.signpost.http.HttpParameters" />
			<role name="Request()" element="oauth.signpost.AbstractOAuthProvider::retrieveRequestToken(oauth.signpost.OAuthConsumer, java.lang.String, java.lang.String[]):java.lang.String" />
		</instance>
		<instance>
			<role name="Adaptee" element="oauth.signpost.http.HttpParameters" />
			<role name="Adapter" element="oauth.signpost.AbstractOAuthConsumer" />
			<role name="adaptee" element="oauth.signpost.AbstractOAuthConsumer::requestParameters:oauth.signpost.http.HttpParameters" />
			<role name="adaptee" element="oauth.signpost.AbstractOAuthConsumer::additionalParameters:oauth.signpost.http.HttpParameters" />
			<role name="Request()" element="oauth.signpost.AbstractOAuthConsumer::sign(oauth.signpost.http.HttpRequest):oauth.signpost.http.HttpRequest" />
		</instance>
		<instance>
			<role name="Adaptee" element="oauth.signpost.signature.OAuthMessageSigner" />
			<role name="Adapter" element="oauth.signpost.AbstractOAuthConsumer" />
			<role name="adaptee" element="oauth.signpost.AbstractOAuthConsumer::messageSigner:oauth.signpost.signature.OAuthMessageSigner" />
			<role name="Request()" element="oauth.signpost.AbstractOAuthConsumer::setMessageSigner(oauth.signpost.signature.OAuthMessageSigner):void" />
			<role name="Request()" element="oauth.signpost.AbstractOAuthConsumer::sign(oauth.signpost.http.HttpRequest):oauth.signpost.http.HttpRequest" />
			<role name="Request()" element="oauth.signpost.AbstractOAuthConsumer::setTokenWithSecret(java.lang.String, java.lang.String):void" />
			<role name="Request()" element="oauth.signpost.AbstractOAuthConsumer::getTokenSecret():java.lang.String" />
		</instance>
		<instance>
			<role name="Adaptee" element="oauth.signpost.signature.SigningStrategy" />
			<role name="Adapter" element="oauth.signpost.AbstractOAuthConsumer" />
			<role name="adaptee" element="oauth.signpost.AbstractOAuthConsumer::signingStrategy:oauth.signpost.signature.SigningStrategy" />
			<role name="Request()" element="oauth.signpost.AbstractOAuthConsumer::sign(oauth.signpost.http.HttpRequest):oauth.signpost.http.HttpRequest" />
		</instance>
	</pattern>
	<pattern name="Command" />
	<pattern name="Composite" />
	<pattern name="Decorator" />
	<pattern name="Observer" />
	<pattern name="State">
		<instance>
			<role name="Context" element="oauth.signpost.signature.SignatureBaseString" />
			<role name="State" element="oauth.signpost.http.HttpRequest" />
			<role name="state" element="oauth.signpost.signature.SignatureBaseString::request:oauth.signpost.http.HttpRequest" />
			<role name="Request()" element="oauth.signpost.signature.SignatureBaseString::generate():java.lang.String" />
			<role name="Request()" element="oauth.signpost.signature.SignatureBaseString::normalizeRequestUrl():java.lang.String" />
		</instance>
	</pattern>
	<pattern name="Strategy" />
	<pattern name="Bridge">
		<instance>
			<role name="Abstraction" element="oauth.signpost.AbstractOAuthProvider" />
			<role name="Implementor" element="oauth.signpost.OAuthProviderListener" />
			<role name="implementor" element="oauth.signpost.AbstractOAuthProvider::listener:oauth.signpost.OAuthProviderListener" />
			<role name="Operation()" element="oauth.signpost.AbstractOAuthProvider::retrieveToken(oauth.signpost.OAuthConsumer, java.lang.String, oauth.signpost.http.HttpParameters):void" />
		</instance>
		<instance>
			<role name="Abstraction" element="oauth.signpost.AbstractOAuthConsumer" />
			<role name="Implementor" element="oauth.signpost.signature.OAuthMessageSigner" />
			<role name="implementor" element="oauth.signpost.AbstractOAuthConsumer::messageSigner:oauth.signpost.signature.OAuthMessageSigner" />
			<role name="Operation()" element="oauth.signpost.AbstractOAuthConsumer::sign(oauth.signpost.http.HttpRequest):oauth.signpost.http.HttpRequest" />
			<role name="Operation()" element="oauth.signpost.AbstractOAuthConsumer::completeOAuthParameters(oauth.signpost.http.HttpParameters):void" />
		</instance>
		<instance>
			<role name="Abstraction" element="oauth.signpost.AbstractOAuthConsumer" />
			<role name="Implementor" element="oauth.signpost.signature.SigningStrategy" />
			<role name="implementor" element="oauth.signpost.AbstractOAuthConsumer::signingStrategy:oauth.signpost.signature.SigningStrategy" />
			<role name="Operation()" element="oauth.signpost.AbstractOAuthConsumer::sign(oauth.signpost.http.HttpRequest):oauth.signpost.http.HttpRequest" />
		</instance>
	</pattern>
	<pattern name="Template Method">
		<instance>
			<role name="AbstractClass" element="oauth.signpost.AbstractOAuthConsumer" />
			<role name="TemplateMethod()" element="oauth.signpost.AbstractOAuthConsumer::sign(java.lang.Object):oauth.signpost.http.HttpRequest" />
		</instance>
		<instance>
			<role name="AbstractClass" element="oauth.signpost.AbstractOAuthProvider" />
			<role name="TemplateMethod()" element="oauth.signpost.AbstractOAuthProvider::retrieveToken(oauth.signpost.OAuthConsumer, java.lang.String, oauth.signpost.http.HttpParameters):void" />
		</instance>
		<instance>
			<role name="AbstractClass" element="com.google.gdata.util.common.base.UnicodeEscaper" />
			<role name="TemplateMethod()" element="com.google.gdata.util.common.base.UnicodeEscaper::nextEscapeIndex(java.lang.CharSequence, int, int):int" />
			<role name="TemplateMethod()" element="com.google.gdata.util.common.base.UnicodeEscaper::escapeSlow(java.lang.String, int):java.lang.String" />
		</instance>
	</pattern>
	<pattern name="Visitor" />
	<pattern name="Proxy" />
	<pattern name="Proxy2" />
	<pattern name="Chain of Responsibility" />
</system>

