<?xml version="1.0" encoding="UTF-8"?>
<system>
	<pattern name="Factory Method">
		<instance>
			<role name="Creator" element="kilim.analysis.FileContainer" />
			<role name="FactoryMethod()" element="kilim.analysis.FileContainer::open(java.lang.String):kilim.analysis.FileLister$Entry" />
		</instance>
		<instance>
			<role name="Creator" element="kilim.nio.NioSelectorScheduler$SessionFactory" />
			<role name="FactoryMethod()" element="kilim.nio.NioSelectorScheduler$SessionFactory::get():kilim.nio.SessionTask" />
		</instance>
	</pattern>
	<pattern name="Prototype" />
	<pattern name="Singleton">
		<instance>
			<role name="Singleton" element="kilim.mirrors.CachedClassMirrors$DummyAnnotationVisitor" />
			<role name="uniqueInstance" element="kilim.mirrors.CachedClassMirrors$DummyAnnotationVisitor::singleton:kilim.mirrors.CachedClassMirrors$DummyAnnotationVisitor" />
		</instance>
		<instance>
			<role name="Singleton" element="kilim.analysis.KilimContext" />
			<role name="uniqueInstance" element="kilim.analysis.KilimContext::DEFAULT:kilim.analysis.KilimContext" />
		</instance>
		<instance>
			<role name="Singleton" element="kilim.analysis.Value" />
			<role name="uniqueInstance" element="kilim.analysis.Value::V_UNDEFINED:kilim.analysis.Value" />
		</instance>
	</pattern>
	<pattern name="(Object)Adapter">
		<instance>
			<role name="Adapter" element="kilim.Task" />
			<role name="Adaptee" element="kilim.timerservice.Timer" />
			<role name="adaptee" element="kilim.Task::timer:kilim.timerservice.Timer" />
			<role name="Request()" element="kilim.Task::onEvent(kilim.EventPublisher, kilim.Event):void" />
		</instance>
		<instance>
			<role name="Adapter" element="kilim.MailboxSPSC" />
			<role name="Adaptee" element="kilim.concurrent.SPSCQueue" />
			<role name="adaptee" element="kilim.MailboxSPSC::msgs:kilim.concurrent.SPSCQueue" />
			<role name="Request()" element="kilim.MailboxSPSC::isValid(kilim.Task):boolean" />
		</instance>
		<instance>
			<role name="Adaptee" element="kilim.timerservice.TimerService" />
			<role name="Adapter" element="kilim.AffineScheduler" />
			<role name="adaptee" element="kilim.AffineScheduler::timerService:kilim.timerservice.TimerService" />
			<role name="Request()" element="kilim.AffineScheduler::scheduleTimer(kilim.timerservice.Timer):void" />
		</instance>
		<instance>
			<role name="Adaptee" element="kilim.timerservice.TimerService" />
			<role name="Adapter" element="kilim.ForkJoinScheduler" />
			<role name="adaptee" element="kilim.ForkJoinScheduler::timerService:kilim.timerservice.TimerService" />
			<role name="Request()" element="kilim.ForkJoinScheduler::scheduleTimer(kilim.timerservice.Timer):void" />
		</instance>
		<instance>
			<role name="Adaptee" element="kilim.concurrent.VolatileReferenceCell" />
			<role name="Adapter" element="kilim.Cell" />
			<role name="adaptee" element="kilim.Cell::sink:kilim.concurrent.VolatileReferenceCell" />
			<role name="Request()" element="kilim.Cell::isValid(kilim.Task):boolean" />
		</instance>
		<instance>
			<role name="Adaptee" element="kilim.concurrent.VolatileReferenceCell" />
			<role name="Adapter" element="kilim.MailboxMPSC" />
			<role name="adaptee" element="kilim.MailboxMPSC::sink:kilim.concurrent.VolatileReferenceCell" />
			<role name="Request()" element="kilim.MailboxMPSC::isValid(kilim.Task):boolean" />
		</instance>
		<instance>
			<role name="Adaptee" element="kilim.concurrent.VolatileReferenceCell" />
			<role name="Adapter" element="kilim.MailboxSPSC" />
			<role name="adaptee" element="kilim.MailboxSPSC::sink:kilim.concurrent.VolatileReferenceCell" />
			<role name="Request()" element="kilim.MailboxSPSC::isValid(kilim.Task):boolean" />
		</instance>
		<instance>
			<role name="Adaptee" element="kilim.concurrent.MPSCQueue" />
			<role name="Adapter" element="kilim.MailboxMPSC" />
			<role name="adaptee" element="kilim.MailboxMPSC::msgs:kilim.concurrent.MPSCQueue" />
			<role name="Request()" element="kilim.MailboxMPSC::isValid(kilim.Task):boolean" />
		</instance>
		<instance>
			<role name="Adaptee" element="kilim.timerservice.TimerService$WatchdogContext" />
			<role name="Adapter" element="kilim.timerservice.TimerService$Empty" />
			<role name="adaptee" element="kilim.timerservice.TimerService$Empty::executor:kilim.timerservice.TimerService$WatchdogContext" />
			<role name="Request()" element="kilim.timerservice.TimerService$Empty::onEvent(kilim.EventPublisher, kilim.Event):void" />
		</instance>
	</pattern>
	<pattern name="Command" />
	<pattern name="Composite" />
	<pattern name="Decorator" />
	<pattern name="Observer" />
	<pattern name="State">
		<instance>
			<role name="Context" element="kilim.Task$Fork" />
			<role name="State" element="kilim.Pausable$Fork" />
			<role name="state" element="kilim.Task$Fork::body:kilim.Pausable$Fork" />
			<role name="Request()" element="kilim.Task$Fork::execute():void" />
		</instance>
		<instance>
			<role name="Context" element="kilim.Task$Spawn" />
			<role name="State" element="kilim.Pausable$Spawn" />
			<role name="state" element="kilim.Task$Spawn::body:kilim.Pausable$Spawn" />
			<role name="Request()" element="kilim.Task$Spawn::execute():void" />
		</instance>
		<instance>
			<role name="Context" element="kilim.http.HttpSession$StringSession" />
			<role name="State" element="kilim.http.HttpSession$StringRouter" />
			<role name="state" element="kilim.http.HttpSession$StringSession::handler:kilim.http.HttpSession$StringRouter" />
			<role name="Request()" element="kilim.http.HttpSession$StringSession::execute():void" />
		</instance>
		<instance>
			<role name="Context" element="kilim.http.KilimMvc$Session" />
			<role name="State" element="kilim.http.KilimMvc$KilimHandler" />
			<role name="state" element="kilim.http.KilimMvc$Session::handler:kilim.http.KilimMvc$KilimHandler" />
			<role name="Request()" element="kilim.http.KilimMvc$Session::handle(kilim.http.HttpRequest, kilim.http.HttpResponse):void" />
		</instance>
		<instance>
			<role name="Context" element="kilim.Mailbox" />
			<role name="State" element="kilim.EventSubscriber" />
			<role name="state" element="kilim.Mailbox::sink:kilim.EventSubscriber" />
			<role name="Request()" element="kilim.Mailbox::put(T, kilim.EventSubscriber):boolean" />
		</instance>
		<instance>
			<role name="Context" element="kilim.WeavingClassLoader" />
			<role name="State" element="kilim.WeavingClassLoader$Excludable" />
			<role name="state" element="kilim.WeavingClassLoader::checker:kilim.WeavingClassLoader$Excludable" />
			<role name="Request()" element="kilim.WeavingClassLoader::loadClass(java.lang.String, boolean):java.lang.Class" />
		</instance>
		<instance>
			<role name="State" element="kilim.timerservice.TimerService$WatchdogContext" />
			<role name="Context" element="kilim.timerservice.TimerService$Watcher" />
			<role name="state" element="kilim.timerservice.TimerService$Watcher::doghouse:kilim.timerservice.TimerService$WatchdogContext" />
			<role name="Request()" element="kilim.timerservice.TimerService$Watcher::launch():boolean" />
		</instance>
		<instance>
			<role name="Context" element="kilim.examples.Userdata" />
			<role name="State" element="kilim.examples.Userdata$Eats1" />
			<role name="state" element="kilim.examples.Userdata::eats1:kilim.examples.Userdata$Eats1" />
			<role name="Request()" element="kilim.examples.Userdata::execute():void" />
		</instance>
		<instance>
			<role name="Context" element="kilim.nio.NioSelectorScheduler$ListenTask" />
			<role name="State" element="kilim.nio.NioSelectorScheduler$SessionFactory" />
			<role name="state" element="kilim.nio.NioSelectorScheduler$ListenTask::factory:kilim.nio.NioSelectorScheduler$SessionFactory" />
			<role name="Request()" element="kilim.nio.NioSelectorScheduler$ListenTask::execute():void" />
		</instance>
		<instance>
			<role name="Context" element="kilim.http.KilimMvc$Router" />
			<role name="State" element="kilim.http.KilimMvc$Clerk" />
			<role name="state" element="kilim.http.KilimMvc$Router::mk:kilim.http.KilimMvc$Clerk" />
			<role name="Request()" element="kilim.http.KilimMvc$Router::add(kilim.http.KilimMvc$Route):void" />
		</instance>
		<instance>
			<role name="Context" element="kilim.timerservice.TimerService$Empty" />
			<role name="State" element="kilim.timerservice.TimerService$WatchdogContext" />
			<role name="state" element="kilim.timerservice.TimerService$Empty::executor:kilim.timerservice.TimerService$WatchdogContext" />
			<role name="Request()" element="kilim.timerservice.TimerService$Empty::onEvent(kilim.EventPublisher, kilim.Event):void" />
		</instance>
	</pattern>
	<pattern name="Strategy">
		<instance>
			<role name="Context" element="kilim.concurrent.MPSCQueue" />
			<role name="Strategy" element="kilim.concurrent.MPSCQueue$BackOffStrategy" />
			<role name="strategy" element="kilim.concurrent.MPSCQueue::CAS_BACKOFF:kilim.concurrent.MPSCQueue$BackOffStrategy" />
			<role name="ContextInterface()" element="kilim.concurrent.MPSCQueue::offer(E):boolean" />
		</instance>
	</pattern>
	<pattern name="Bridge">
		<instance>
			<role name="Abstraction" element="kilim.Task" />
			<role name="Implementor" element="kilim.PauseReason" />
			<role name="implementor" element="kilim.Task::pauseReason:kilim.PauseReason" />
			<role name="Operation()" element="kilim.Task::run():void" />
		</instance>
		<instance>
			<role name="Abstraction" element="kilim.Task" />
			<role name="Implementor" element="kilim.Scheduler" />
			<role name="implementor" element="kilim.Task::scheduler:kilim.Scheduler" />
			<role name="Operation()" element="kilim.Task::resume():boolean" />
		</instance>
		<instance>
			<role name="Abstraction" element="kilim.Scheduler" />
			<role name="Implementor" element="kilim.Scheduler$Logger" />
			<role name="implementor" element="kilim.Scheduler::logger:kilim.Scheduler$Logger" />
			<role name="Operation()" element="kilim.Scheduler::log(java.lang.Object, java.lang.Object):void" />
		</instance>
	</pattern>
	<pattern name="Template Method">
		<instance>
			<role name="AbstractClass" element="kilim.Scheduler" />
			<role name="TemplateMethod()" element="kilim.Scheduler::schedule(kilim.Task):void" />
		</instance>
	</pattern>
	<pattern name="Visitor" />
	<pattern name="Proxy" />
	<pattern name="Proxy2" />
	<pattern name="Chain of Responsibility" />
</system>

