<?xml version="1.0" encoding="UTF-8"?>
<system>
	<pattern name="Factory Method">
		<instance>
			<role name="Creator" element="com.jfinal.template.expr.ast.FieldGetter" />
			<role name="FactoryMethod()" element="com.jfinal.template.expr.ast.FieldGetter::takeOver(java.lang.Class, java.lang.String):com.jfinal.template.expr.ast.FieldGetter" />
		</instance>
		<instance>
			<role name="Creator" element="com.jfinal.plugin.activerecord.IDbProFactory" />
			<role name="FactoryMethod()" element="com.jfinal.plugin.activerecord.IDbProFactory::getDbPro(java.lang.String):com.jfinal.plugin.activerecord.DbPro" />
		</instance>
		<instance>
			<role name="Creator" element="com.jfinal.json.IJsonFactory" />
			<role name="FactoryMethod()" element="com.jfinal.json.IJsonFactory::getJson():com.jfinal.json.Json" />
		</instance>
		<instance>
			<role name="Creator" element="com.jfinal.log.ILogFactory" />
			<role name="FactoryMethod()" element="com.jfinal.log.ILogFactory::getLog(java.lang.Class):com.jfinal.log.Log" />
			<role name="FactoryMethod()" element="com.jfinal.log.ILogFactory::getLog(java.lang.String):com.jfinal.log.Log" />
		</instance>
		<instance>
			<role name="Creator" element="com.jfinal.render.IRenderFactory" />
			<role name="FactoryMethod()" element="com.jfinal.render.IRenderFactory::getTemplateRender(java.lang.String):com.jfinal.render.Render" />
			<role name="FactoryMethod()" element="com.jfinal.render.IRenderFactory::getFreeMarkerRender(java.lang.String):com.jfinal.render.Render" />
			<role name="FactoryMethod()" element="com.jfinal.render.IRenderFactory::getJspRender(java.lang.String):com.jfinal.render.Render" />
			<role name="FactoryMethod()" element="com.jfinal.render.IRenderFactory::getJsonRender():com.jfinal.render.Render" />
			<role name="FactoryMethod()" element="com.jfinal.render.IRenderFactory::getJsonRender(java.lang.String, java.lang.Object):com.jfinal.render.Render" />
			<role name="FactoryMethod()" element="com.jfinal.render.IRenderFactory::getJsonRender(java.lang.String[]):com.jfinal.render.Render" />
			<role name="FactoryMethod()" element="com.jfinal.render.IRenderFactory::getJsonRender(java.lang.String):com.jfinal.render.Render" />
			<role name="FactoryMethod()" element="com.jfinal.render.IRenderFactory::getJsonRender(java.lang.Object):com.jfinal.render.Render" />
			<role name="FactoryMethod()" element="com.jfinal.render.IRenderFactory::getTextRender(java.lang.String):com.jfinal.render.Render" />
			<role name="FactoryMethod()" element="com.jfinal.render.IRenderFactory::getTextRender(java.lang.String, java.lang.String):com.jfinal.render.Render" />
			<role name="FactoryMethod()" element="com.jfinal.render.IRenderFactory::getTextRender(java.lang.String, com.jfinal.render.ContentType):com.jfinal.render.Render" />
			<role name="FactoryMethod()" element="com.jfinal.render.IRenderFactory::getErrorRender(int, java.lang.String):com.jfinal.render.Render" />
			<role name="FactoryMethod()" element="com.jfinal.render.IRenderFactory::getErrorRender(int):com.jfinal.render.Render" />
			<role name="FactoryMethod()" element="com.jfinal.render.IRenderFactory::getFileRender(java.lang.String):com.jfinal.render.Render" />
			<role name="FactoryMethod()" element="com.jfinal.render.IRenderFactory::getFileRender(java.lang.String, java.lang.String):com.jfinal.render.Render" />
			<role name="FactoryMethod()" element="com.jfinal.render.IRenderFactory::getFileRender(java.io.File):com.jfinal.render.Render" />
			<role name="FactoryMethod()" element="com.jfinal.render.IRenderFactory::getFileRender(java.io.File, java.lang.String):com.jfinal.render.Render" />
			<role name="FactoryMethod()" element="com.jfinal.render.IRenderFactory::getRedirectRender(java.lang.String):com.jfinal.render.Render" />
			<role name="FactoryMethod()" element="com.jfinal.render.IRenderFactory::getRedirectRender(java.lang.String, boolean):com.jfinal.render.Render" />
			<role name="FactoryMethod()" element="com.jfinal.render.IRenderFactory::getRedirect301Render(java.lang.String):com.jfinal.render.Render" />
			<role name="FactoryMethod()" element="com.jfinal.render.IRenderFactory::getRedirect301Render(java.lang.String, boolean):com.jfinal.render.Render" />
			<role name="FactoryMethod()" element="com.jfinal.render.IRenderFactory::getNullRender():com.jfinal.render.Render" />
			<role name="FactoryMethod()" element="com.jfinal.render.IRenderFactory::getJavascriptRender(java.lang.String):com.jfinal.render.Render" />
			<role name="FactoryMethod()" element="com.jfinal.render.IRenderFactory::getHtmlRender(java.lang.String):com.jfinal.render.Render" />
			<role name="FactoryMethod()" element="com.jfinal.render.IRenderFactory::getXmlRender(java.lang.String):com.jfinal.render.Render" />
			<role name="FactoryMethod()" element="com.jfinal.render.IRenderFactory::getQrCodeRender(java.lang.String, int, int):com.jfinal.render.Render" />
			<role name="FactoryMethod()" element="com.jfinal.render.IRenderFactory::getQrCodeRender(java.lang.String, int, int, char):com.jfinal.render.Render" />
		</instance>
		<instance>
			<role name="Creator" element="com.jfinal.template.source.ISourceFactory" />
			<role name="FactoryMethod()" element="com.jfinal.template.source.ISourceFactory::getSource(java.lang.String, java.lang.String, java.lang.String):com.jfinal.template.source.ISource" />
		</instance>
	</pattern>
	<pattern name="Prototype" />
	<pattern name="Singleton">
		<instance>
			<role name="Singleton" element="com.jfinal.aop.AopManager" />
			<role name="uniqueInstance" element="com.jfinal.aop.AopManager::me:com.jfinal.aop.AopManager" />
		</instance>
		<instance>
			<role name="Singleton" element="com.jfinal.template.stat.ast.Break" />
			<role name="uniqueInstance" element="com.jfinal.template.stat.ast.Break::me:com.jfinal.template.stat.ast.Break" />
		</instance>
		<instance>
			<role name="Singleton" element="com.jfinal.captcha.CaptchaManager" />
			<role name="uniqueInstance" element="com.jfinal.captcha.CaptchaManager::me:com.jfinal.captcha.CaptchaManager" />
		</instance>
		<instance>
			<role name="Singleton" element="com.jfinal.template.stat.ast.Continue" />
			<role name="uniqueInstance" element="com.jfinal.template.stat.ast.Continue::me:com.jfinal.template.stat.ast.Continue" />
		</instance>
		<instance>
			<role name="Singleton" element="com.jfinal.template.Engine" />
			<role name="uniqueInstance" element="com.jfinal.template.Engine::MAIN_ENGINE:com.jfinal.template.Engine" />
		</instance>
		<instance>
			<role name="Singleton" element="com.jfinal.template.expr.ast.ExprList" />
			<role name="uniqueInstance" element="com.jfinal.template.expr.ast.ExprList::NULL_EXPR_LIST:com.jfinal.template.expr.ast.ExprList" />
		</instance>
		<instance>
			<role name="Singleton" element="com.jfinal.json.FastJsonFactory" />
			<role name="uniqueInstance" element="com.jfinal.json.FastJsonFactory::me:com.jfinal.json.FastJsonFactory" />
		</instance>
		<instance>
			<role name="Singleton" element="com.jfinal.template.expr.ast.FieldGetters$ArrayLengthGetter" />
			<role name="uniqueInstance" element="com.jfinal.template.expr.ast.FieldGetters$ArrayLengthGetter::singleton:com.jfinal.template.expr.ast.FieldGetters$ArrayLengthGetter" />
		</instance>
		<instance>
			<role name="Singleton" element="com.jfinal.template.expr.ast.FieldGetters$MapFieldGetter" />
			<role name="uniqueInstance" element="com.jfinal.template.expr.ast.FieldGetters$MapFieldGetter::singleton:com.jfinal.template.expr.ast.FieldGetters$MapFieldGetter" />
		</instance>
		<instance>
			<role name="Singleton" element="com.jfinal.template.expr.ast.FieldGetters$ModelFieldGetter" />
			<role name="uniqueInstance" element="com.jfinal.template.expr.ast.FieldGetters$ModelFieldGetter::singleton:com.jfinal.template.expr.ast.FieldGetters$ModelFieldGetter" />
		</instance>
		<instance>
			<role name="Singleton" element="com.jfinal.template.expr.ast.FieldGetters$NullFieldGetter" />
			<role name="uniqueInstance" element="com.jfinal.template.expr.ast.FieldGetters$NullFieldGetter::me:com.jfinal.template.expr.ast.FieldGetters$NullFieldGetter" />
		</instance>
		<instance>
			<role name="Singleton" element="com.jfinal.template.expr.ast.FieldGetters$RecordFieldGetter" />
			<role name="uniqueInstance" element="com.jfinal.template.expr.ast.FieldGetters$RecordFieldGetter::singleton:com.jfinal.template.expr.ast.FieldGetters$RecordFieldGetter" />
		</instance>
		<instance>
			<role name="Singleton" element="com.jfinal.template.expr.ast.FieldKeyBuilder" />
			<role name="uniqueInstance" element="com.jfinal.template.expr.ast.FieldKeyBuilder::instance:com.jfinal.template.expr.ast.FieldKeyBuilder" />
		</instance>
		<instance>
			<role name="Singleton" element="com.jfinal.plugin.activerecord.builder.H2RecordBuilder" />
			<role name="uniqueInstance" element="com.jfinal.plugin.activerecord.builder.H2RecordBuilder::me:com.jfinal.plugin.activerecord.builder.H2RecordBuilder" />
		</instance>
		<instance>
			<role name="Singleton" element="com.jfinal.plugin.activerecord.IContainerFactory" />
			<role name="uniqueInstance" element="com.jfinal.plugin.activerecord.IContainerFactory::defaultContainerFactory:com.jfinal.plugin.activerecord.IContainerFactory" />
		</instance>
		<instance>
			<role name="Singleton" element="com.jfinal.plugin.activerecord.IDbProFactory" />
			<role name="uniqueInstance" element="com.jfinal.plugin.activerecord.IDbProFactory::defaultDbProFactory:com.jfinal.plugin.activerecord.IDbProFactory" />
		</instance>
		<instance>
			<role name="Singleton" element="com.jfinal.plugin.redis.IKeyNamingPolicy" />
			<role name="uniqueInstance" element="com.jfinal.plugin.redis.IKeyNamingPolicy::defaultKeyNamingPolicy:com.jfinal.plugin.redis.IKeyNamingPolicy" />
		</instance>
		<instance>
			<role name="Singleton" element="com.jfinal.aop.InterceptorManager" />
			<role name="uniqueInstance" element="com.jfinal.aop.InterceptorManager::me:com.jfinal.aop.InterceptorManager" />
		</instance>
		<instance>
			<role name="Singleton" element="com.jfinal.json.JacksonFactory" />
			<role name="uniqueInstance" element="com.jfinal.json.JacksonFactory::me:com.jfinal.json.JacksonFactory" />
		</instance>
		<instance>
			<role name="Singleton" element="com.jfinal.kit.JavaKeyword" />
			<role name="uniqueInstance" element="com.jfinal.kit.JavaKeyword::me:com.jfinal.kit.JavaKeyword" />
		</instance>
		<instance>
			<role name="Singleton" element="com.jfinal.core.JFinal" />
			<role name="uniqueInstance" element="com.jfinal.core.JFinal::me:com.jfinal.core.JFinal" />
		</instance>
		<instance>
			<role name="Singleton" element="com.jfinal.json.JFinalJsonFactory" />
			<role name="uniqueInstance" element="com.jfinal.json.JFinalJsonFactory::me:com.jfinal.json.JFinalJsonFactory" />
		</instance>
		<instance>
			<role name="Singleton" element="com.jfinal.json.JFinalJsonKit" />
			<role name="uniqueInstance" element="com.jfinal.json.JFinalJsonKit::me:com.jfinal.json.JFinalJsonKit" />
		</instance>
		<instance>
			<role name="Singleton" element="com.jfinal.template.ext.spring.JFinalViewResolver" />
			<role name="uniqueInstance" element="com.jfinal.template.ext.spring.JFinalViewResolver::me:com.jfinal.template.ext.spring.JFinalViewResolver" />
		</instance>
		<instance>
			<role name="Singleton" element="com.jfinal.json.JsonManager" />
			<role name="uniqueInstance" element="com.jfinal.json.JsonManager::me:com.jfinal.json.JsonManager" />
		</instance>
		<instance>
			<role name="Singleton" element="com.jfinal.plugin.activerecord.builder.KeepByteAndShortModelBuilder" />
			<role name="uniqueInstance" element="com.jfinal.plugin.activerecord.builder.KeepByteAndShortModelBuilder::me:com.jfinal.plugin.activerecord.builder.KeepByteAndShortModelBuilder" />
		</instance>
		<instance>
			<role name="Singleton" element="com.jfinal.plugin.activerecord.builder.KeepByteAndShortRecordBuilder" />
			<role name="uniqueInstance" element="com.jfinal.plugin.activerecord.builder.KeepByteAndShortRecordBuilder::me:com.jfinal.plugin.activerecord.builder.KeepByteAndShortRecordBuilder" />
		</instance>
		<instance>
			<role name="Singleton" element="com.jfinal.log.LogManager" />
			<role name="uniqueInstance" element="com.jfinal.log.LogManager::me:com.jfinal.log.LogManager" />
		</instance>
		<instance>
			<role name="Singleton" element="com.jfinal.template.expr.ast.MethodKeyBuilder" />
			<role name="uniqueInstance" element="com.jfinal.template.expr.ast.MethodKeyBuilder::instance:com.jfinal.template.expr.ast.MethodKeyBuilder" />
		</instance>
		<instance>
			<role name="Singleton" element="com.jfinal.json.MixedJsonFactory" />
			<role name="uniqueInstance" element="com.jfinal.json.MixedJsonFactory::me:com.jfinal.json.MixedJsonFactory" />
		</instance>
		<instance>
			<role name="Singleton" element="com.jfinal.plugin.activerecord.ModelBuilder" />
			<role name="uniqueInstance" element="com.jfinal.plugin.activerecord.ModelBuilder::me:com.jfinal.plugin.activerecord.ModelBuilder" />
		</instance>
		<instance>
			<role name="Singleton" element="com.jfinal.template.expr.ast.NullExpr" />
			<role name="uniqueInstance" element="com.jfinal.template.expr.ast.NullExpr::me:com.jfinal.template.expr.ast.NullExpr" />
		</instance>
		<instance>
			<role name="Singleton" element="com.jfinal.template.expr.ast.NullMethodInfo" />
			<role name="uniqueInstance" element="com.jfinal.template.expr.ast.NullMethodInfo::me:com.jfinal.template.expr.ast.NullMethodInfo" />
		</instance>
		<instance>
			<role name="Singleton" element="com.jfinal.core.paragetter.NullParaProcessor" />
			<role name="uniqueInstance" element="com.jfinal.core.paragetter.NullParaProcessor::me:com.jfinal.core.paragetter.NullParaProcessor" />
		</instance>
		<instance>
			<role name="Singleton" element="com.jfinal.template.stat.ast.NullStat" />
			<role name="uniqueInstance" element="com.jfinal.template.stat.ast.NullStat::me:com.jfinal.template.stat.ast.NullStat" />
		</instance>
		<instance>
			<role name="Singleton" element="com.jfinal.template.stat.OutputDirectiveFactory" />
			<role name="uniqueInstance" element="com.jfinal.template.stat.OutputDirectiveFactory::me:com.jfinal.template.stat.OutputDirectiveFactory" />
		</instance>
		<instance>
			<role name="Singleton" element="com.jfinal.core.paragetter.ParaProcessorBuilder" />
			<role name="uniqueInstance" element="com.jfinal.core.paragetter.ParaProcessorBuilder::me:com.jfinal.core.paragetter.ParaProcessorBuilder" />
		</instance>
		<instance>
			<role name="Singleton" element="com.jfinal.plugin.activerecord.RecordBuilder" />
			<role name="uniqueInstance" element="com.jfinal.plugin.activerecord.RecordBuilder::me:com.jfinal.plugin.activerecord.RecordBuilder" />
		</instance>
		<instance>
			<role name="Singleton" element="com.jfinal.render.RenderManager" />
			<role name="uniqueInstance" element="com.jfinal.render.RenderManager::me:com.jfinal.render.RenderManager" />
		</instance>
		<instance>
			<role name="Singleton" element="com.jfinal.template.stat.ast.Return" />
			<role name="uniqueInstance" element="com.jfinal.template.stat.ast.Return::me:com.jfinal.template.stat.ast.Return" />
		</instance>
		<instance>
			<role name="Singleton" element="com.jfinal.plugin.activerecord.TableMapping" />
			<role name="uniqueInstance" element="com.jfinal.plugin.activerecord.TableMapping::me:com.jfinal.plugin.activerecord.TableMapping" />
		</instance>
		<instance>
			<role name="Singleton" element="com.jfinal.plugin.activerecord.builder.TimestampProcessedModelBuilder" />
			<role name="uniqueInstance" element="com.jfinal.plugin.activerecord.builder.TimestampProcessedModelBuilder::me:com.jfinal.plugin.activerecord.builder.TimestampProcessedModelBuilder" />
		</instance>
		<instance>
			<role name="Singleton" element="com.jfinal.plugin.activerecord.builder.TimestampProcessedRecordBuilder" />
			<role name="uniqueInstance" element="com.jfinal.plugin.activerecord.builder.TimestampProcessedRecordBuilder::me:com.jfinal.plugin.activerecord.builder.TimestampProcessedRecordBuilder" />
		</instance>
		<instance>
			<role name="Singleton" element="com.jfinal.core.converter.TypeConverter" />
			<role name="uniqueInstance" element="com.jfinal.core.converter.TypeConverter::me:com.jfinal.core.converter.TypeConverter" />
		</instance>
		<instance>
			<role name="Singleton" element="com.jfinal.template.io.Utf8Encoder" />
			<role name="uniqueInstance" element="com.jfinal.template.io.Utf8Encoder::me:com.jfinal.template.io.Utf8Encoder" />
		</instance>
	</pattern>
	<pattern name="(Object)Adapter">
		<instance>
			<role name="Adapter" element="com.jfinal.template.expr.ast.Compare" />
			<role name="Adaptee" element="com.jfinal.template.expr.Sym" />
			<role name="adaptee" element="com.jfinal.template.expr.ast.Compare::op:com.jfinal.template.expr.Sym" />
			<role name="Request()" element="com.jfinal.template.expr.ast.Compare::eval(com.jfinal.template.stat.Scope):java.lang.Object" />
		</instance>
		<instance>
			<role name="Adapter" element="com.jfinal.template.expr.ast.Logic" />
			<role name="Adaptee" element="com.jfinal.template.expr.Sym" />
			<role name="adaptee" element="com.jfinal.template.expr.ast.Logic::op:com.jfinal.template.expr.Sym" />
			<role name="Request()" element="com.jfinal.template.expr.ast.Logic::eval(com.jfinal.template.stat.Scope):java.lang.Object" />
		</instance>
		<instance>
			<role name="Adapter" element="com.jfinal.template.expr.ast.Unary" />
			<role name="Adaptee" element="com.jfinal.template.expr.Sym" />
			<role name="adaptee" element="com.jfinal.template.expr.ast.Unary::op:com.jfinal.template.expr.Sym" />
			<role name="Request()" element="com.jfinal.template.expr.ast.Unary::eval(com.jfinal.template.stat.Scope):java.lang.Object" />
		</instance>
		<instance>
			<role name="Adapter" element="com.jfinal.template.expr.ast.IncDec" />
			<role name="Adaptee" element="com.jfinal.template.expr.Sym" />
			<role name="adaptee" element="com.jfinal.template.expr.ast.IncDec::op:com.jfinal.template.expr.Sym" />
			<role name="Request()" element="com.jfinal.template.expr.ast.IncDec::eval(com.jfinal.template.stat.Scope):java.lang.Object" />
		</instance>
		<instance>
			<role name="Adaptee" element="com.jfinal.plugin.activerecord.tx.TxFun" />
			<role name="Adapter" element="com.jfinal.plugin.activerecord.tx.Tx" />
			<role name="adaptee" element="com.jfinal.plugin.activerecord.tx.Tx::txFun:com.jfinal.plugin.activerecord.tx.TxFun" />
			<role name="Request()" element="com.jfinal.plugin.activerecord.tx.Tx::intercept(com.jfinal.aop.Invocation):void" />
		</instance>
		<instance>
			<role name="Adaptee" element="com.jfinal.template.expr.ast.Expr" />
			<role name="Adapter" element="com.jfinal.template.stat.ast.ElseIf" />
			<role name="adaptee" element="com.jfinal.template.stat.ast.ElseIf::cond:com.jfinal.template.expr.ast.Expr" />
			<role name="Request()" element="com.jfinal.template.stat.ast.ElseIf::exec(com.jfinal.template.Env, com.jfinal.template.stat.Scope, com.jfinal.template.io.Writer):void" />
		</instance>
		<instance>
			<role name="Adaptee" element="com.jfinal.template.expr.ast.Expr" />
			<role name="Adapter" element="com.jfinal.template.stat.ast.If" />
			<role name="adaptee" element="com.jfinal.template.stat.ast.If::cond:com.jfinal.template.expr.ast.Expr" />
			<role name="Request()" element="com.jfinal.template.stat.ast.If::exec(com.jfinal.template.Env, com.jfinal.template.stat.Scope, com.jfinal.template.io.Writer):void" />
		</instance>
		<instance>
			<role name="Adaptee" element="com.jfinal.template.expr.ast.Expr" />
			<role name="Adapter" element="com.jfinal.template.stat.ast.Switch" />
			<role name="adaptee" element="com.jfinal.template.stat.ast.Switch::expr:com.jfinal.template.expr.ast.Expr" />
			<role name="Request()" element="com.jfinal.template.stat.ast.Switch::exec(com.jfinal.template.Env, com.jfinal.template.stat.Scope, com.jfinal.template.io.Writer):void" />
		</instance>
		<instance>
			<role name="Adaptee" element="com.jfinal.template.expr.ast.Expr" />
			<role name="Adapter" element="com.jfinal.template.stat.ast.Output" />
			<role name="adaptee" element="com.jfinal.template.stat.ast.Output::expr:com.jfinal.template.expr.ast.Expr" />
			<role name="Request()" element="com.jfinal.template.stat.ast.Output::exec(com.jfinal.template.Env, com.jfinal.template.stat.Scope, com.jfinal.template.io.Writer):void" />
		</instance>
		<instance>
			<role name="Adaptee" element="com.jfinal.template.expr.ast.Expr" />
			<role name="Adapter" element="com.jfinal.template.stat.ast.ReturnIf" />
			<role name="adaptee" element="com.jfinal.template.stat.ast.ReturnIf::expr:com.jfinal.template.expr.ast.Expr" />
			<role name="Request()" element="com.jfinal.template.stat.ast.ReturnIf::exec(com.jfinal.template.Env, com.jfinal.template.stat.Scope, com.jfinal.template.io.Writer):void" />
		</instance>
		<instance>
			<role name="Adaptee" element="com.jfinal.template.expr.ast.Expr" />
			<role name="Adapter" element="com.jfinal.template.stat.ast.Set" />
			<role name="adaptee" element="com.jfinal.template.stat.ast.Set::expr:com.jfinal.template.expr.ast.Expr" />
			<role name="Request()" element="com.jfinal.template.stat.ast.Set::exec(com.jfinal.template.Env, com.jfinal.template.stat.Scope, com.jfinal.template.io.Writer):void" />
		</instance>
		<instance>
			<role name="Adaptee" element="com.jfinal.template.expr.ast.Expr" />
			<role name="Adapter" element="com.jfinal.template.stat.ast.SetGlobal" />
			<role name="adaptee" element="com.jfinal.template.stat.ast.SetGlobal::expr:com.jfinal.template.expr.ast.Expr" />
			<role name="Request()" element="com.jfinal.template.stat.ast.SetGlobal::exec(com.jfinal.template.Env, com.jfinal.template.stat.Scope, com.jfinal.template.io.Writer):void" />
		</instance>
		<instance>
			<role name="Adaptee" element="com.jfinal.template.expr.ast.Expr" />
			<role name="Adapter" element="com.jfinal.template.stat.ast.SetLocal" />
			<role name="adaptee" element="com.jfinal.template.stat.ast.SetLocal::expr:com.jfinal.template.expr.ast.Expr" />
			<role name="Request()" element="com.jfinal.template.stat.ast.SetLocal::exec(com.jfinal.template.Env, com.jfinal.template.stat.Scope, com.jfinal.template.io.Writer):void" />
		</instance>
		<instance>
			<role name="Adaptee" element="com.jfinal.template.Engine" />
			<role name="Adapter" element="com.jfinal.render.TemplateRender" />
			<role name="adaptee" element="com.jfinal.render.TemplateRender::engine:com.jfinal.template.Engine" />
			<role name="Request()" element="com.jfinal.render.TemplateRender::render():void" />
		</instance>
		<instance>
			<role name="Adaptee" element="com.jfinal.aop.Invocation" />
			<role name="Adapter" element="com.jfinal.validate.Validator" />
			<role name="adaptee" element="com.jfinal.validate.Validator::invocation:com.jfinal.aop.Invocation" />
			<role name="Request()" element="com.jfinal.validate.Validator::intercept(com.jfinal.aop.Invocation):void" />
		</instance>
		<instance>
			<role name="Adaptee" element="com.jfinal.plugin.activerecord.Config" />
			<role name="Adapter" element="com.jfinal.plugin.activerecord.ActiveRecordPlugin" />
			<role name="adaptee" element="com.jfinal.plugin.activerecord.ActiveRecordPlugin::config:com.jfinal.plugin.activerecord.Config" />
			<role name="Request()" element="com.jfinal.plugin.activerecord.ActiveRecordPlugin::stop():boolean" />
		</instance>
		<instance>
			<role name="Adaptee" element="com.jfinal.plugin.activerecord.TableBuilder" />
			<role name="Adapter" element="com.jfinal.plugin.activerecord.ActiveRecordPlugin" />
			<role name="adaptee" element="com.jfinal.plugin.activerecord.ActiveRecordPlugin::tableBuilder:com.jfinal.plugin.activerecord.TableBuilder" />
			<role name="Request()" element="com.jfinal.plugin.activerecord.ActiveRecordPlugin::start():boolean" />
		</instance>
		<instance>
			<role name="Adapter" element="com.jfinal.core.ActionHandler" />
			<role name="Adaptee" element="com.jfinal.core.ActionReporter" />
			<role name="adaptee" element="com.jfinal.core.ActionHandler::actionReporter:com.jfinal.core.ActionReporter" />
			<role name="Request()" element="com.jfinal.core.ActionHandler::handle(java.lang.String, javax.servlet.http.HttpServletRequest, javax.servlet.http.HttpServletResponse, boolean[]):void" />
		</instance>
		<instance>
			<role name="Adapter" element="com.jfinal.core.ActionHandler" />
			<role name="Adaptee" element="com.jfinal.render.RenderManager" />
			<role name="adaptee" element="com.jfinal.core.ActionHandler::renderManager:com.jfinal.render.RenderManager" />
			<role name="Request()" element="com.jfinal.core.ActionHandler::handle(java.lang.String, javax.servlet.http.HttpServletRequest, javax.servlet.http.HttpServletResponse, boolean[]):void" />
		</instance>
		<instance>
			<role name="Adapter" element="com.jfinal.render.RenderFactory" />
			<role name="Adaptee" element="com.jfinal.config.Constants" />
			<role name="adaptee" element="com.jfinal.render.RenderFactory::constants:com.jfinal.config.Constants" />
			<role name="Request()" element="com.jfinal.render.RenderFactory::init(com.jfinal.template.Engine, com.jfinal.config.Constants, javax.servlet.ServletContext):void" />
			<role name="Request()" element="com.jfinal.render.RenderFactory::getDefaultRender(java.lang.String):com.jfinal.render.Render" />
		</instance>
		<instance>
			<role name="Adaptee" element="com.jfinal.json.JFinalJsonKit" />
			<role name="Adapter" element="com.jfinal.json.JFinalJson" />
			<role name="adaptee" element="com.jfinal.json.JFinalJson::kit:com.jfinal.json.JFinalJsonKit" />
			<role name="Request()" element="com.jfinal.json.JFinalJson::toJson(java.lang.Object):java.lang.String" />
		</instance>
		<instance>
			<role name="Adaptee" element="com.jfinal.template.expr.ast.FastFieldGetter$Proxy" />
			<role name="Adapter" element="com.jfinal.template.expr.ast.FastFieldGetter" />
			<role name="adaptee" element="com.jfinal.template.expr.ast.FastFieldGetter::proxy:com.jfinal.template.expr.ast.FastFieldGetter$Proxy" />
			<role name="Request()" element="com.jfinal.template.expr.ast.FastFieldGetter::get(java.lang.Object, java.lang.String):java.lang.Object" />
		</instance>
		<instance>
			<role name="Adaptee" element="com.jfinal.log.Log" />
			<role name="Adapter" element="com.jfinal.core.ActionHandler" />
			<role name="adaptee" element="com.jfinal.core.ActionHandler::log:com.jfinal.log.Log" />
			<role name="Request()" element="com.jfinal.core.ActionHandler::handle(java.lang.String, javax.servlet.http.HttpServletRequest, javax.servlet.http.HttpServletResponse, boolean[]):void" />
		</instance>
		<instance>
			<role name="Adaptee" element="com.jfinal.render.RenderFactory$MainRenderFactory" />
			<role name="Adapter" element="com.jfinal.render.RenderFactory" />
			<role name="adaptee" element="com.jfinal.render.RenderFactory::mainRenderFactory:com.jfinal.render.RenderFactory$MainRenderFactory" />
			<role name="Request()" element="com.jfinal.render.RenderFactory::getRender(java.lang.String):com.jfinal.render.Render" />
		</instance>
		<instance>
			<role name="Adaptee" element="com.jfinal.core.ControllerFactory" />
			<role name="Adapter" element="com.jfinal.core.ActionHandler" />
			<role name="adaptee" element="com.jfinal.core.ActionHandler::controllerFactory:com.jfinal.core.ControllerFactory" />
			<role name="Request()" element="com.jfinal.core.ActionHandler::handle(java.lang.String, javax.servlet.http.HttpServletRequest, javax.servlet.http.HttpServletResponse, boolean[]):void" />
		</instance>
		<instance>
			<role name="Adaptee" element="com.jfinal.template.io.Encoder" />
			<role name="Adapter" element="com.jfinal.template.io.ByteWriter" />
			<role name="adaptee" element="com.jfinal.template.io.ByteWriter::encoder:com.jfinal.template.io.Encoder" />
			<role name="Request()" element="com.jfinal.template.io.ByteWriter::write(java.lang.String, int, int):void" />
			<role name="Request()" element="com.jfinal.template.io.ByteWriter::write(java.lang.StringBuilder, int, int):void" />
		</instance>
		<instance>
			<role name="Adaptee" element="com.jfinal.plugin.activerecord.IDataSourceProvider" />
			<role name="Adapter" element="com.jfinal.plugin.activerecord.ActiveRecordPlugin" />
			<role name="adaptee" element="com.jfinal.plugin.activerecord.ActiveRecordPlugin::dataSourceProvider:com.jfinal.plugin.activerecord.IDataSourceProvider" />
			<role name="Request()" element="com.jfinal.plugin.activerecord.ActiveRecordPlugin::start():boolean" />
		</instance>
	</pattern>
	<pattern name="Command" />
	<pattern name="Composite" />
	<pattern name="Decorator">
		<instance>
			<role name="Component" element="com.jfinal.template.expr.ast.Expr" />
			<role name="Decorator" element="com.jfinal.template.expr.ast.Compare" />
			<role name="component" element="com.jfinal.template.expr.ast.Compare::left:com.jfinal.template.expr.ast.Expr" />
			<role name="component" element="com.jfinal.template.expr.ast.Compare::right:com.jfinal.template.expr.ast.Expr" />
			<role name="Operation()" element="com.jfinal.template.expr.ast.Compare::eval(com.jfinal.template.stat.Scope):java.lang.Object" />
		</instance>
		<instance>
			<role name="Component" element="com.jfinal.template.expr.ast.Expr" />
			<role name="Decorator" element="com.jfinal.template.expr.ast.Field" />
			<role name="component" element="com.jfinal.template.expr.ast.Field::expr:com.jfinal.template.expr.ast.Expr" />
			<role name="Operation()" element="com.jfinal.template.expr.ast.Field::eval(com.jfinal.template.stat.Scope):java.lang.Object" />
		</instance>
		<instance>
			<role name="Component" element="com.jfinal.template.expr.ast.Expr" />
			<role name="Decorator" element="com.jfinal.template.expr.ast.Index" />
			<role name="component" element="com.jfinal.template.expr.ast.Index::expr:com.jfinal.template.expr.ast.Expr" />
			<role name="component" element="com.jfinal.template.expr.ast.Index::index:com.jfinal.template.expr.ast.Expr" />
			<role name="Operation()" element="com.jfinal.template.expr.ast.Index::eval(com.jfinal.template.stat.Scope):java.lang.Object" />
		</instance>
		<instance>
			<role name="Component" element="com.jfinal.template.expr.ast.Expr" />
			<role name="Decorator" element="com.jfinal.template.expr.ast.Method" />
			<role name="component" element="com.jfinal.template.expr.ast.Method::expr:com.jfinal.template.expr.ast.Expr" />
			<role name="Operation()" element="com.jfinal.template.expr.ast.Method::eval(com.jfinal.template.stat.Scope):java.lang.Object" />
		</instance>
		<instance>
			<role name="Component" element="com.jfinal.template.expr.ast.Expr" />
			<role name="Decorator" element="com.jfinal.template.expr.ast.NullSafe" />
			<role name="component" element="com.jfinal.template.expr.ast.NullSafe::left:com.jfinal.template.expr.ast.Expr" />
			<role name="component" element="com.jfinal.template.expr.ast.NullSafe::right:com.jfinal.template.expr.ast.Expr" />
			<role name="Operation()" element="com.jfinal.template.expr.ast.NullSafe::eval(com.jfinal.template.stat.Scope):java.lang.Object" />
		</instance>
		<instance>
			<role name="Component" element="com.jfinal.template.expr.ast.Expr" />
			<role name="Decorator" element="com.jfinal.template.expr.ast.RangeArray" />
			<role name="component" element="com.jfinal.template.expr.ast.RangeArray::start:com.jfinal.template.expr.ast.Expr" />
			<role name="component" element="com.jfinal.template.expr.ast.RangeArray::end:com.jfinal.template.expr.ast.Expr" />
			<role name="Operation()" element="com.jfinal.template.expr.ast.RangeArray::eval(com.jfinal.template.stat.Scope):java.lang.Object" />
		</instance>
		<instance>
			<role name="Component" element="com.jfinal.template.expr.ast.Expr" />
			<role name="Decorator" element="com.jfinal.template.expr.ast.Ternary" />
			<role name="component" element="com.jfinal.template.expr.ast.Ternary::cond:com.jfinal.template.expr.ast.Expr" />
			<role name="component" element="com.jfinal.template.expr.ast.Ternary::exprOne:com.jfinal.template.expr.ast.Expr" />
			<role name="component" element="com.jfinal.template.expr.ast.Ternary::exprTwo:com.jfinal.template.expr.ast.Expr" />
			<role name="Operation()" element="com.jfinal.template.expr.ast.Ternary::eval(com.jfinal.template.stat.Scope):java.lang.Object" />
		</instance>
		<instance>
			<role name="Component" element="com.jfinal.template.expr.ast.Expr" />
			<role name="Decorator" element="com.jfinal.template.expr.ast.Unary" />
			<role name="component" element="com.jfinal.template.expr.ast.Unary::expr:com.jfinal.template.expr.ast.Expr" />
			<role name="Operation()" element="com.jfinal.template.expr.ast.Unary::eval(com.jfinal.template.stat.Scope):java.lang.Object" />
		</instance>
		<instance>
			<role name="Decorator" element="com.jfinal.template.ext.directive.RenderDirective$SubStat" />
			<role name="Component" element="com.jfinal.template.stat.ast.Stat" />
			<role name="component" element="com.jfinal.template.ext.directive.RenderDirective$SubStat::stat:com.jfinal.template.stat.ast.Stat" />
			<role name="Operation()" element="com.jfinal.template.ext.directive.RenderDirective$SubStat::exec(com.jfinal.template.Env, com.jfinal.template.stat.Scope, com.jfinal.template.io.Writer):void" />
		</instance>
		<instance>
			<role name="Decorator" element="com.jfinal.template.stat.ast.Default" />
			<role name="Component" element="com.jfinal.template.stat.ast.Stat" />
			<role name="component" element="com.jfinal.template.stat.ast.Default::stat:com.jfinal.template.stat.ast.Stat" />
			<role name="Operation()" element="com.jfinal.template.stat.ast.Default::exec(com.jfinal.template.Env, com.jfinal.template.stat.Scope, com.jfinal.template.io.Writer):void" />
		</instance>
		<instance>
			<role name="Decorator" element="com.jfinal.template.stat.ast.Else" />
			<role name="Component" element="com.jfinal.template.stat.ast.Stat" />
			<role name="component" element="com.jfinal.template.stat.ast.Else::stat:com.jfinal.template.stat.ast.Stat" />
			<role name="Operation()" element="com.jfinal.template.stat.ast.Else::exec(com.jfinal.template.Env, com.jfinal.template.stat.Scope, com.jfinal.template.io.Writer):void" />
		</instance>
		<instance>
			<role name="Decorator" element="com.jfinal.template.stat.ast.ElseIf" />
			<role name="Component" element="com.jfinal.template.stat.ast.Stat" />
			<role name="component" element="com.jfinal.template.stat.ast.ElseIf::stat:com.jfinal.template.stat.ast.Stat" />
			<role name="component" element="com.jfinal.template.stat.ast.ElseIf::elseIfOrElse:com.jfinal.template.stat.ast.Stat" />
			<role name="Operation()" element="com.jfinal.template.stat.ast.ElseIf::exec(com.jfinal.template.Env, com.jfinal.template.stat.Scope, com.jfinal.template.io.Writer):void" />
		</instance>
		<instance>
			<role name="Decorator" element="com.jfinal.template.stat.ast.If" />
			<role name="Component" element="com.jfinal.template.stat.ast.Stat" />
			<role name="component" element="com.jfinal.template.stat.ast.If::stat:com.jfinal.template.stat.ast.Stat" />
			<role name="component" element="com.jfinal.template.stat.ast.If::elseIfOrElse:com.jfinal.template.stat.ast.Stat" />
			<role name="Operation()" element="com.jfinal.template.stat.ast.If::exec(com.jfinal.template.Env, com.jfinal.template.stat.Scope, com.jfinal.template.io.Writer):void" />
		</instance>
		<instance>
			<role name="Decorator" element="com.jfinal.template.stat.ast.Include" />
			<role name="Component" element="com.jfinal.template.stat.ast.Stat" />
			<role name="component" element="com.jfinal.template.stat.ast.Include::stat:com.jfinal.template.stat.ast.Stat" />
			<role name="Operation()" element="com.jfinal.template.stat.ast.Include::exec(com.jfinal.template.Env, com.jfinal.template.stat.Scope, com.jfinal.template.io.Writer):void" />
		</instance>
	</pattern>
	<pattern name="Observer" />
	<pattern name="State">
		<instance>
			<role name="Context" element="com.jfinal.kit.Ret" />
			<role name="State" element="com.jfinal.kit.Func$F21" />
			<role name="state" element="com.jfinal.kit.Ret::okFailHandler:com.jfinal.kit.Func$F21" />
			<role name="Request()" element="com.jfinal.kit.Ret::isOk():boolean" />
			<role name="Request()" element="com.jfinal.kit.Ret::isFail():boolean" />
		</instance>
		<instance>
			<role name="Context" element="com.jfinal.template.Template" />
			<role name="State" element="com.jfinal.template.stat.ast.Stat" />
			<role name="state" element="com.jfinal.template.Template::ast:com.jfinal.template.stat.ast.Stat" />
			<role name="Request()" element="com.jfinal.template.Template::render(java.util.Map, java.io.OutputStream):void" />
			<role name="Request()" element="com.jfinal.template.Template::render(java.util.Map, java.io.Writer):void" />
			<role name="Request()" element="com.jfinal.template.Template::render(java.util.Map, java.io.OutputStream, boolean):void" />
			<role name="Request()" element="com.jfinal.template.Template::render(java.util.Map, java.io.Writer, boolean):void" />
		</instance>
		<instance>
			<role name="Context" element="com.jfinal.plugin.activerecord.tx.Tx" />
			<role name="State" element="com.jfinal.plugin.activerecord.tx.TxFun" />
			<role name="state" element="com.jfinal.plugin.activerecord.tx.Tx::txFun:com.jfinal.plugin.activerecord.tx.TxFun" />
			<role name="Request()" element="com.jfinal.plugin.activerecord.tx.Tx::intercept(com.jfinal.aop.Invocation):void" />
		</instance>
		<instance>
			<role name="State" element="com.jfinal.template.expr.ast.Expr" />
			<role name="Context" element="com.jfinal.template.stat.ast.Case" />
			<role name="state" element="com.jfinal.template.stat.ast.Case::exprArray:com.jfinal.template.expr.ast.Expr[]" />
			<role name="Request()" element="com.jfinal.template.stat.ast.Case::execIfMatch(java.lang.Object, com.jfinal.template.Env, com.jfinal.template.stat.Scope, com.jfinal.template.io.Writer):boolean" />
		</instance>
		<instance>
			<role name="State" element="com.jfinal.template.expr.ast.Expr" />
			<role name="Context" element="com.jfinal.template.stat.ast.ElseIf" />
			<role name="state" element="com.jfinal.template.stat.ast.ElseIf::cond:com.jfinal.template.expr.ast.Expr" />
			<role name="Request()" element="com.jfinal.template.stat.ast.ElseIf::exec(com.jfinal.template.Env, com.jfinal.template.stat.Scope, com.jfinal.template.io.Writer):void" />
		</instance>
		<instance>
			<role name="State" element="com.jfinal.template.expr.ast.Expr" />
			<role name="Context" element="com.jfinal.template.stat.ast.If" />
			<role name="state" element="com.jfinal.template.stat.ast.If::cond:com.jfinal.template.expr.ast.Expr" />
			<role name="Request()" element="com.jfinal.template.stat.ast.If::exec(com.jfinal.template.Env, com.jfinal.template.stat.Scope, com.jfinal.template.io.Writer):void" />
		</instance>
		<instance>
			<role name="State" element="com.jfinal.template.expr.ast.Expr" />
			<role name="Context" element="com.jfinal.template.ext.directive.CallDirective" />
			<role name="state" element="com.jfinal.template.ext.directive.CallDirective::funcNameExpr:com.jfinal.template.expr.ast.Expr" />
			<role name="Request()" element="com.jfinal.template.ext.directive.CallDirective::exec(com.jfinal.template.Env, com.jfinal.template.stat.Scope, com.jfinal.template.io.Writer):void" />
		</instance>
		<instance>
			<role name="State" element="com.jfinal.template.expr.ast.Expr" />
			<role name="Context" element="com.jfinal.template.stat.ast.Switch" />
			<role name="state" element="com.jfinal.template.stat.ast.Switch::expr:com.jfinal.template.expr.ast.Expr" />
			<role name="Request()" element="com.jfinal.template.stat.ast.Switch::exec(com.jfinal.template.Env, com.jfinal.template.stat.Scope, com.jfinal.template.io.Writer):void" />
		</instance>
		<instance>
			<role name="State" element="com.jfinal.template.expr.ast.Expr" />
			<role name="Context" element="com.jfinal.template.ext.directive.DateDirective" />
			<role name="state" element="com.jfinal.template.ext.directive.DateDirective::dateExpr:com.jfinal.template.expr.ast.Expr" />
			<role name="state" element="com.jfinal.template.ext.directive.DateDirective::patternExpr:com.jfinal.template.expr.ast.Expr" />
			<role name="Request()" element="com.jfinal.template.ext.directive.DateDirective::exec(com.jfinal.template.Env, com.jfinal.template.stat.Scope, com.jfinal.template.io.Writer):void" />
		</instance>
		<instance>
			<role name="State" element="com.jfinal.template.expr.ast.Expr" />
			<role name="Context" element="com.jfinal.template.ext.directive.DayCalDirective" />
			<role name="state" element="com.jfinal.template.ext.directive.DayCalDirective::dateExpr:com.jfinal.template.expr.ast.Expr" />
			<role name="state" element="com.jfinal.template.ext.directive.DayCalDirective::ruleExpr:com.jfinal.template.expr.ast.Expr" />
			<role name="state" element="com.jfinal.template.ext.directive.DayCalDirective::patternExpr:com.jfinal.template.expr.ast.Expr" />
			<role name="Request()" element="com.jfinal.template.ext.directive.DayCalDirective::exec(com.jfinal.template.Env, com.jfinal.template.stat.Scope, com.jfinal.template.io.Writer):void" />
		</instance>
		<instance>
			<role name="State" element="com.jfinal.template.expr.ast.Expr" />
			<role name="Context" element="com.jfinal.template.ext.directive.NumberDirective" />
			<role name="state" element="com.jfinal.template.ext.directive.NumberDirective::valueExpr:com.jfinal.template.expr.ast.Expr" />
			<role name="state" element="com.jfinal.template.ext.directive.NumberDirective::patternExpr:com.jfinal.template.expr.ast.Expr" />
			<role name="Request()" element="com.jfinal.template.ext.directive.NumberDirective::exec(com.jfinal.template.Env, com.jfinal.template.stat.Scope, com.jfinal.template.io.Writer):void" />
			<role name="Request()" element="com.jfinal.template.ext.directive.NumberDirective::outputWithPattern(java.lang.Object, java.math.RoundingMode, com.jfinal.template.stat.Scope, com.jfinal.template.io.Writer):void" />
		</instance>
		<instance>
			<role name="State" element="com.jfinal.template.expr.ast.Expr" />
			<role name="Context" element="com.jfinal.template.stat.ast.Output" />
			<role name="state" element="com.jfinal.template.stat.ast.Output::expr:com.jfinal.template.expr.ast.Expr" />
			<role name="Request()" element="com.jfinal.template.stat.ast.Output::exec(com.jfinal.template.Env, com.jfinal.template.stat.Scope, com.jfinal.template.io.Writer):void" />
		</instance>
		<instance>
			<role name="State" element="com.jfinal.template.expr.ast.Expr" />
			<role name="Context" element="com.jfinal.template.stat.ast.ReturnIf" />
			<role name="state" element="com.jfinal.template.stat.ast.ReturnIf::expr:com.jfinal.template.expr.ast.Expr" />
			<role name="Request()" element="com.jfinal.template.stat.ast.ReturnIf::exec(com.jfinal.template.Env, com.jfinal.template.stat.Scope, com.jfinal.template.io.Writer):void" />
		</instance>
		<instance>
			<role name="State" element="com.jfinal.template.expr.ast.Expr" />
			<role name="Context" element="com.jfinal.template.stat.ast.Set" />
			<role name="state" element="com.jfinal.template.stat.ast.Set::expr:com.jfinal.template.expr.ast.Expr" />
			<role name="Request()" element="com.jfinal.template.stat.ast.Set::exec(com.jfinal.template.Env, com.jfinal.template.stat.Scope, com.jfinal.template.io.Writer):void" />
		</instance>
		<instance>
			<role name="State" element="com.jfinal.template.expr.ast.Expr" />
			<role name="Context" element="com.jfinal.template.stat.ast.SetGlobal" />
			<role name="state" element="com.jfinal.template.stat.ast.SetGlobal::expr:com.jfinal.template.expr.ast.Expr" />
			<role name="Request()" element="com.jfinal.template.stat.ast.SetGlobal::exec(com.jfinal.template.Env, com.jfinal.template.stat.Scope, com.jfinal.template.io.Writer):void" />
		</instance>
		<instance>
			<role name="State" element="com.jfinal.template.expr.ast.Expr" />
			<role name="Context" element="com.jfinal.template.stat.ast.SetLocal" />
			<role name="state" element="com.jfinal.template.stat.ast.SetLocal::expr:com.jfinal.template.expr.ast.Expr" />
			<role name="Request()" element="com.jfinal.template.stat.ast.SetLocal::exec(com.jfinal.template.Env, com.jfinal.template.stat.Scope, com.jfinal.template.io.Writer):void" />
		</instance>
		<instance>
			<role name="Context" element="com.jfinal.aop.InvocationWrapper" />
			<role name="State" element="com.jfinal.aop.Interceptor" />
			<role name="state" element="com.jfinal.aop.InvocationWrapper::inters:com.jfinal.aop.Interceptor[]" />
			<role name="Request()" element="com.jfinal.aop.InvocationWrapper::invoke():void" />
		</instance>
		<instance>
			<role name="Context" element="com.jfinal.aop.Invocation" />
			<role name="State" element="com.jfinal.aop.Interceptor" />
			<role name="state" element="com.jfinal.aop.Invocation::inters:com.jfinal.aop.Interceptor[]" />
			<role name="Request()" element="com.jfinal.aop.Invocation::invoke():void" />
		</instance>
		<instance>
			<role name="State" element="com.jfinal.log.Log" />
			<role name="Context" element="com.jfinal.core.JFinalFilter" />
			<role name="state" element="com.jfinal.core.JFinalFilter::log:com.jfinal.log.Log" />
			<role name="Request()" element="com.jfinal.core.JFinalFilter::doFilter(javax.servlet.ServletRequest, javax.servlet.ServletResponse, javax.servlet.FilterChain):void" />
		</instance>
		<instance>
			<role name="State" element="com.jfinal.log.Log" />
			<role name="Context" element="com.jfinal.core.paragetter.ParaProcessorBuilder" />
			<role name="state" element="com.jfinal.core.paragetter.ParaProcessorBuilder::log:com.jfinal.log.Log" />
			<role name="Request()" element="com.jfinal.core.paragetter.ParaProcessorBuilder::createParaGetter(java.lang.Class, java.lang.reflect.Method, java.lang.reflect.Parameter):com.jfinal.core.paragetter.IParaGetter" />
		</instance>
		<instance>
			<role name="State" element="com.jfinal.log.Log" />
			<role name="Context" element="com.jfinal.plugin.activerecord.SqlReporter" />
			<role name="state" element="com.jfinal.plugin.activerecord.SqlReporter::log:com.jfinal.log.Log" />
			<role name="Request()" element="com.jfinal.plugin.activerecord.SqlReporter::invoke(java.lang.Object, java.lang.reflect.Method, java.lang.Object[]):java.lang.Object" />
		</instance>
		<instance>
			<role name="State" element="com.jfinal.log.Log" />
			<role name="Context" element="com.jfinal.plugin.ehcache.CacheKit" />
			<role name="state" element="com.jfinal.plugin.ehcache.CacheKit::log:com.jfinal.log.Log" />
			<role name="Request()" element="com.jfinal.plugin.ehcache.CacheKit::getOrAddCache(java.lang.String):net.sf.ehcache.Cache" />
		</instance>
		<instance>
			<role name="Context" element="com.jfinal.kit.Ret" />
			<role name="State" element="com.jfinal.kit.Func$F30" />
			<role name="state" element="com.jfinal.kit.Ret::stateWatcher:com.jfinal.kit.Func$F30" />
			<role name="Request()" element="com.jfinal.kit.Ret::_setState(java.lang.Object):com.jfinal.kit.Ret" />
		</instance>
		<instance>
			<role name="Context" element="com.jfinal.core.converter.TypeConverter" />
			<role name="State" element="com.jfinal.kit.Func$F21" />
			<role name="state" element="com.jfinal.core.converter.TypeConverter::convertFunc:com.jfinal.kit.Func$F21" />
			<role name="Request()" element="com.jfinal.core.converter.TypeConverter::convert(java.lang.Class, java.lang.String):java.lang.Object" />
		</instance>
		<instance>
			<role name="Context" element="com.jfinal.token.TokenManager" />
			<role name="State" element="com.jfinal.token.ITokenCache" />
			<role name="state" element="com.jfinal.token.TokenManager::tokenCache:com.jfinal.token.ITokenCache" />
			<role name="Request()" element="com.jfinal.token.TokenManager::createTokenByGenerator(com.jfinal.core.Controller, java.lang.String, int):java.lang.String" />
			<role name="Request()" element="com.jfinal.token.TokenManager::validateToken(com.jfinal.core.Controller, java.lang.String):boolean" />
			<role name="Request()" element="com.jfinal.token.TokenManager::removeTimeOutToken():void" />
		</instance>
		<instance>
			<role name="Context" element="com.jfinal.template.expr.ast.FastFieldGetter" />
			<role name="State" element="com.jfinal.template.expr.ast.FastFieldGetter$Proxy" />
			<role name="state" element="com.jfinal.template.expr.ast.FastFieldGetter::proxy:com.jfinal.template.expr.ast.FastFieldGetter$Proxy" />
			<role name="Request()" element="com.jfinal.template.expr.ast.FastFieldGetter::get(java.lang.Object, java.lang.String):java.lang.Object" />
		</instance>
		<instance>
			<role name="Context" element="com.jfinal.template.expr.ast.FieldKit" />
			<role name="State" element="com.jfinal.template.expr.ast.FieldGetter" />
			<role name="state" element="com.jfinal.template.expr.ast.FieldKit::getters:com.jfinal.template.expr.ast.FieldGetter[]" />
			<role name="Request()" element="com.jfinal.template.expr.ast.FieldKit::doGetFieldGetter(java.lang.Class, java.lang.String):com.jfinal.template.expr.ast.FieldGetter" />
		</instance>
		<instance>
			<role name="Context" element="com.jfinal.plugin.redis.Cache" />
			<role name="State" element="com.jfinal.plugin.redis.serializer.ISerializer" />
			<role name="state" element="com.jfinal.plugin.redis.Cache::serializer:com.jfinal.plugin.redis.serializer.ISerializer" />
			<role name="Request()" element="com.jfinal.plugin.redis.Cache::keyToBytes(java.lang.Object):byte[]" />
			<role name="Request()" element="com.jfinal.plugin.redis.Cache::keyFromBytes(byte[]):java.lang.Object" />
			<role name="Request()" element="com.jfinal.plugin.redis.Cache::fieldToBytes(java.lang.Object):byte[]" />
			<role name="Request()" element="com.jfinal.plugin.redis.Cache::fieldFromBytes(byte[]):java.lang.Object" />
			<role name="Request()" element="com.jfinal.plugin.redis.Cache::valueToBytes(java.lang.Object):byte[]" />
			<role name="Request()" element="com.jfinal.plugin.redis.Cache::valueFromBytes(byte[]):java.lang.Object" />
		</instance>
		<instance>
			<role name="Context" element="com.jfinal.plugin.redis.Serializer" />
			<role name="State" element="com.jfinal.plugin.redis.serializer.ISerializer" />
			<role name="state" element="com.jfinal.plugin.redis.Serializer::serializer:com.jfinal.plugin.redis.serializer.ISerializer" />
			<role name="Request()" element="com.jfinal.plugin.redis.Serializer::to(java.lang.Object):byte[]" />
			<role name="Request()" element="com.jfinal.plugin.redis.Serializer::from():java.lang.Object" />
		</instance>
		<instance>
			<role name="Context" element="com.jfinal.core.ActionHandler" />
			<role name="State" element="com.jfinal.log.Log" />
			<role name="state" element="com.jfinal.core.ActionHandler::log:com.jfinal.log.Log" />
			<role name="Request()" element="com.jfinal.core.ActionHandler::handle(java.lang.String, javax.servlet.http.HttpServletRequest, javax.servlet.http.HttpServletResponse, boolean[]):void" />
			<role name="Request()" element="com.jfinal.core.ActionHandler::handleActionException(java.lang.String, javax.servlet.http.HttpServletRequest, javax.servlet.http.HttpServletResponse, com.jfinal.core.Action, com.jfinal.core.ActionException):void" />
		</instance>
		<instance>
			<role name="Context" element="com.jfinal.kit.Base64Kit" />
			<role name="State" element="com.jfinal.kit.Base64Kit$IBase64" />
			<role name="state" element="com.jfinal.kit.Base64Kit::delegate:com.jfinal.kit.Base64Kit$IBase64" />
			<role name="Request()" element="com.jfinal.kit.Base64Kit::encode(byte[]):java.lang.String" />
			<role name="Request()" element="com.jfinal.kit.Base64Kit::encode(java.lang.String):java.lang.String" />
			<role name="Request()" element="com.jfinal.kit.Base64Kit::encode(java.lang.String, java.lang.String):java.lang.String" />
			<role name="Request()" element="com.jfinal.kit.Base64Kit::decode(java.lang.String):byte[]" />
			<role name="Request()" element="com.jfinal.kit.Base64Kit::decodeToStr(java.lang.String):java.lang.String" />
			<role name="Request()" element="com.jfinal.kit.Base64Kit::decodeToStr(java.lang.String, java.lang.String):java.lang.String" />
		</instance>
		<instance>
			<role name="Context" element="com.jfinal.template.io.ByteWriter" />
			<role name="State" element="com.jfinal.template.io.Encoder" />
			<role name="state" element="com.jfinal.template.io.ByteWriter::encoder:com.jfinal.template.io.Encoder" />
			<role name="Request()" element="com.jfinal.template.io.ByteWriter::write(java.lang.String, int, int):void" />
			<role name="Request()" element="com.jfinal.template.io.ByteWriter::write(java.lang.StringBuilder, int, int):void" />
		</instance>
		<instance>
			<role name="Context" element="com.jfinal.plugin.activerecord.ActiveRecordPlugin" />
			<role name="State" element="com.jfinal.plugin.activerecord.IDataSourceProvider" />
			<role name="state" element="com.jfinal.plugin.activerecord.ActiveRecordPlugin::dataSourceProvider:com.jfinal.plugin.activerecord.IDataSourceProvider" />
			<role name="Request()" element="com.jfinal.plugin.activerecord.ActiveRecordPlugin::start():boolean" />
		</instance>
		<instance>
			<role name="Context" element="com.jfinal.plugin.redis.Cache" />
			<role name="State" element="com.jfinal.plugin.redis.IKeyNamingPolicy" />
			<role name="state" element="com.jfinal.plugin.redis.Cache::keyNamingPolicy:com.jfinal.plugin.redis.IKeyNamingPolicy" />
			<role name="Request()" element="com.jfinal.plugin.redis.Cache::getCounter(java.lang.Object):java.lang.Long" />
			<role name="Request()" element="com.jfinal.plugin.redis.Cache::keyToBytes(java.lang.Object):byte[]" />
		</instance>
	</pattern>
	<pattern name="Strategy" />
	<pattern name="Bridge">
		<instance>
			<role name="Abstraction" element="com.jfinal.log.Log" />
			<role name="Implementor" element="com.jfinal.log.ILogFactory" />
			<role name="implementor" element="com.jfinal.log.Log::defaultLogFactory:com.jfinal.log.ILogFactory" />
			<role name="Operation()" element="com.jfinal.log.Log::getLog(java.lang.Class):com.jfinal.log.Log" />
			<role name="Operation()" element="com.jfinal.log.Log::getLog(java.lang.String):com.jfinal.log.Log" />
		</instance>
		<instance>
			<role name="Abstraction" element="com.jfinal.json.Json" />
			<role name="Implementor" element="com.jfinal.json.IJsonFactory" />
			<role name="implementor" element="com.jfinal.json.Json::defaultJsonFactory:com.jfinal.json.IJsonFactory" />
			<role name="Operation()" element="com.jfinal.json.Json::getJson():com.jfinal.json.Json" />
		</instance>
	</pattern>
	<pattern name="Template Method">
		<instance>
			<role name="AbstractClass" element="com.jfinal.log.Log" />
			<role name="TemplateMethod()" element="com.jfinal.log.Log::isTraceEnabled():boolean" />
			<role name="TemplateMethod()" element="com.jfinal.log.Log::trace(java.lang.String):void" />
			<role name="TemplateMethod()" element="com.jfinal.log.Log::trace(java.lang.String, java.lang.Throwable):void" />
			<role name="TemplateMethod()" element="com.jfinal.log.Log::debug(java.lang.String, java.lang.Object[]):void" />
			<role name="TemplateMethod()" element="com.jfinal.log.Log::info(java.lang.String, java.lang.Object[]):void" />
			<role name="TemplateMethod()" element="com.jfinal.log.Log::warn(java.lang.String, java.lang.Object[]):void" />
			<role name="TemplateMethod()" element="com.jfinal.log.Log::error(java.lang.String, java.lang.Object[]):void" />
			<role name="TemplateMethod()" element="com.jfinal.log.Log::fatal(java.lang.String, java.lang.Object[]):void" />
		</instance>
		<instance>
			<role name="AbstractClass" element="com.jfinal.aop.PrototypeInterceptor" />
			<role name="TemplateMethod()" element="com.jfinal.aop.PrototypeInterceptor::intercept(com.jfinal.aop.Invocation):void" />
		</instance>
		<instance>
			<role name="AbstractClass" element="com.jfinal.config.Routes" />
			<role name="TemplateMethod()" element="com.jfinal.config.Routes::add(com.jfinal.config.Routes):com.jfinal.config.Routes" />
		</instance>
		<instance>
			<role name="AbstractClass" element="com.jfinal.validate.Validator" />
			<role name="TemplateMethod()" element="com.jfinal.validate.Validator::intercept(com.jfinal.aop.Invocation):void" />
		</instance>
		<instance>
			<role name="AbstractClass" element="com.jfinal.template.io.Writer" />
			<role name="TemplateMethod()" element="com.jfinal.template.io.Writer::write(short):void" />
			<role name="TemplateMethod()" element="com.jfinal.template.io.Writer::write(java.util.Date, java.lang.String):void" />
			<role name="TemplateMethod()" element="com.jfinal.template.io.Writer::write(java.time.temporal.Temporal, java.lang.String):void" />
		</instance>
	</pattern>
	<pattern name="Visitor" />
	<pattern name="Proxy">
		<instance>
			<role name="Proxy" element="com.jfinal.template.stat.ast.Switch" />
			<role name="RealSubject" element="com.jfinal.template.stat.ast.Default" />
			<role name="Request()" element="com.jfinal.template.stat.ast.Switch::exec(com.jfinal.template.Env, com.jfinal.template.stat.Scope, com.jfinal.template.io.Writer):void" />
		</instance>
		<instance>
			<role name="Proxy" element="com.jfinal.json.MixedJson" />
			<role name="RealSubject" element="com.jfinal.json.JFinalJson" />
			<role name="Request()" element="com.jfinal.json.MixedJson::toJson(java.lang.Object):java.lang.String" />
		</instance>
	</pattern>
	<pattern name="Proxy2" />
	<pattern name="Chain of Responsibility">
		<instance>
			<role name="Handler" element="com.jfinal.handler.Handler" />
			<role name="successor" element="com.jfinal.handler.Handler::next:com.jfinal.handler.Handler" />
			<role name="successor" element="com.jfinal.handler.Handler::nextHandler:com.jfinal.handler.Handler" />
		</instance>
	</pattern>
</system>

