<?xml version="1.0" encoding="UTF-8"?>
<system>
	<pattern name="Factory Method">
		<instance>
			<role name="Creator" element="org.atmosphere.cpr.AtmosphereRequest$Builder" />
			<role name="FactoryMethod()" element="org.atmosphere.cpr.AtmosphereRequest$Builder::build():org.atmosphere.cpr.AtmosphereRequest" />
		</instance>
		<instance>
			<role name="Creator" element="org.atmosphere.cpr.AtmosphereResourceSessionFactory" />
			<role name="FactoryMethod()" element="org.atmosphere.cpr.AtmosphereResourceSessionFactory::getSession(org.atmosphere.cpr.AtmosphereResource, boolean):org.atmosphere.cpr.AtmosphereResourceSession" />
		</instance>
		<instance>
			<role name="Creator" element="org.atmosphere.cpr.AtmosphereResponse$Builder" />
			<role name="FactoryMethod()" element="org.atmosphere.cpr.AtmosphereResponse$Builder::build():org.atmosphere.cpr.AtmosphereResponse" />
		</instance>
	</pattern>
	<pattern name="Prototype" />
	<pattern name="Singleton">
		<instance>
			<role name="Singleton" element="org.atmosphere.util.AtmosphereConfigReader" />
			<role name="uniqueInstance" element="org.atmosphere.util.AtmosphereConfigReader::instance:org.atmosphere.util.AtmosphereConfigReader" />
		</instance>
		<instance>
			<role name="Singleton" element="org.atmosphere.cpr.BroadcasterCache" />
			<role name="uniqueInstance" element="org.atmosphere.cpr.BroadcasterCache::DEFAULT:org.atmosphere.cpr.BroadcasterCache" />
		</instance>
		<instance>
			<role name="Singleton" element="org.atmosphere.util.CookieUtil$ServerCookieDecoder" />
			<role name="uniqueInstance" element="org.atmosphere.util.CookieUtil$ServerCookieDecoder::STRICT:org.atmosphere.util.CookieUtil$ServerCookieDecoder" />
		</instance>
		<instance>
			<role name="Singleton" element="org.atmosphere.util.ServletContextFactory" />
			<role name="uniqueInstance" element="org.atmosphere.util.ServletContextFactory::servletContextFactory:org.atmosphere.util.ServletContextFactory" />
		</instance>
		<instance>
			<role name="Singleton" element="org.atmosphere.util.ServletProxyFactory" />
			<role name="uniqueInstance" element="org.atmosphere.util.ServletProxyFactory::factory:org.atmosphere.util.ServletProxyFactory" />
		</instance>
		<instance>
			<role name="Singleton" element="org.atmosphere.util.uri.UriComponent$PathSegmentImpl" />
			<role name="uniqueInstance" element="org.atmosphere.util.uri.UriComponent$PathSegmentImpl::EMPTY_PATH_SEGMENT:org.atmosphere.util.uri.UriComponent$PathSegmentImpl" />
		</instance>
		<instance>
			<role name="Singleton" element="org.atmosphere.util.uri.UriPattern" />
			<role name="uniqueInstance" element="org.atmosphere.util.uri.UriPattern::EMPTY:org.atmosphere.util.uri.UriPattern" />
		</instance>
		<instance>
			<role name="Singleton" element="org.atmosphere.util.uri.UriTemplate" />
			<role name="uniqueInstance" element="org.atmosphere.util.uri.UriTemplate::EMPTY:org.atmosphere.util.uri.UriTemplate" />
		</instance>
		<instance>
			<role name="Singleton" element="org.atmosphere.util.VoidExecutorService" />
			<role name="uniqueInstance" element="org.atmosphere.util.VoidExecutorService::VOID:org.atmosphere.util.VoidExecutorService" />
		</instance>
		<instance>
			<role name="Singleton" element="org.atmosphere.cpr.WebSocketProcessorFactory" />
			<role name="uniqueInstance" element="org.atmosphere.cpr.WebSocketProcessorFactory::factory:org.atmosphere.cpr.WebSocketProcessorFactory" />
		</instance>
	</pattern>
	<pattern name="(Object)Adapter">
		<instance>
			<role name="Adaptee" element="org.atmosphere.cpr.AtmosphereConfig" />
			<role name="Adapter" element="org.atmosphere.cpr.AsynchronousProcessor" />
			<role name="adaptee" element="org.atmosphere.cpr.AsynchronousProcessor::config:org.atmosphere.cpr.AtmosphereConfig" />
			<role name="Request()" element="org.atmosphere.cpr.AsynchronousProcessor::getContainerName():java.lang.String" />
		</instance>
		<instance>
			<role name="Adapter" element="org.atmosphere.cpr.DefaultBroadcaster" />
			<role name="Adaptee" element="org.atmosphere.cpr.AtmosphereConfig" />
			<role name="adaptee" element="org.atmosphere.cpr.DefaultBroadcaster::config:org.atmosphere.cpr.AtmosphereConfig" />
			<role name="Request()" element="org.atmosphere.cpr.DefaultBroadcaster::initialize(java.lang.String, java.net.URI, org.atmosphere.cpr.AtmosphereConfig):org.atmosphere.cpr.Broadcaster" />
			<role name="Request()" element="org.atmosphere.cpr.DefaultBroadcaster::destroy():void" />
			<role name="Request()" element="org.atmosphere.cpr.DefaultBroadcaster::setScope(org.atmosphere.cpr.Broadcaster$SCOPE):void" />
			<role name="Request()" element="org.atmosphere.cpr.DefaultBroadcaster::setID(java.lang.String):void" />
			<role name="Request()" element="org.atmosphere.cpr.DefaultBroadcaster::addAtmosphereResource(org.atmosphere.cpr.AtmosphereResource):org.atmosphere.cpr.Broadcaster" />
		</instance>
		<instance>
			<role name="Adapter" element="org.atmosphere.cpr.DefaultBroadcaster" />
			<role name="Adaptee" element="org.atmosphere.lifecycle.LifecycleHandler" />
			<role name="adaptee" element="org.atmosphere.cpr.DefaultBroadcaster::lifecycleHandler:org.atmosphere.lifecycle.LifecycleHandler" />
			<role name="Request()" element="org.atmosphere.cpr.DefaultBroadcaster::setBroadcasterLifeCyclePolicy(org.atmosphere.cpr.BroadcasterLifeCyclePolicy):void" />
		</instance>
		<instance>
			<role name="Adapter" element="org.atmosphere.cpr.DefaultBroadcaster" />
			<role name="Adaptee" element="org.atmosphere.cpr.BroadcasterConfig" />
			<role name="adaptee" element="org.atmosphere.cpr.DefaultBroadcaster::bc:org.atmosphere.cpr.BroadcasterConfig" />
			<role name="Request()" element="org.atmosphere.cpr.DefaultBroadcaster::destroy():void" />
			<role name="Request()" element="org.atmosphere.cpr.DefaultBroadcaster::setScope(org.atmosphere.cpr.Broadcaster$SCOPE):void" />
			<role name="Request()" element="org.atmosphere.cpr.DefaultBroadcaster::setID(java.lang.String):void" />
			<role name="Request()" element="org.atmosphere.cpr.DefaultBroadcaster::addAtmosphereResource(org.atmosphere.cpr.AtmosphereResource):org.atmosphere.cpr.Broadcaster" />
			<role name="Request()" element="org.atmosphere.cpr.DefaultBroadcaster::delayBroadcast(java.lang.Object, long, java.util.concurrent.TimeUnit):java.util.concurrent.Future" />
			<role name="Request()" element="org.atmosphere.cpr.DefaultBroadcaster::scheduleFixedBroadcast(java.lang.Object, long, long, java.util.concurrent.TimeUnit):java.util.concurrent.Future" />
		</instance>
		<instance>
			<role name="Adaptee" element="org.atmosphere.cpr.AtmosphereFramework" />
			<role name="Adapter" element="org.atmosphere.websocket.DefaultWebSocketProcessor" />
			<role name="adaptee" element="org.atmosphere.websocket.DefaultWebSocketProcessor::framework:org.atmosphere.cpr.AtmosphereFramework" />
			<role name="Request()" element="org.atmosphere.websocket.DefaultWebSocketProcessor::configure(org.atmosphere.cpr.AtmosphereConfig):org.atmosphere.websocket.WebSocketProcessor" />
			<role name="Request()" element="org.atmosphere.websocket.DefaultWebSocketProcessor::open(org.atmosphere.websocket.WebSocket, org.atmosphere.cpr.AtmosphereRequest, org.atmosphere.cpr.AtmosphereResponse):void" />
			<role name="Request()" element="org.atmosphere.websocket.DefaultWebSocketProcessor::close(org.atmosphere.websocket.WebSocket, int):void" />
			<role name="Request()" element="org.atmosphere.websocket.DefaultWebSocketProcessor::destroy():void" />
		</instance>
		<instance>
			<role name="Adaptee" element="org.atmosphere.cpr.AtmosphereConfig" />
			<role name="Adapter" element="org.atmosphere.cpr.AtmosphereResourceImpl" />
			<role name="adaptee" element="org.atmosphere.cpr.AtmosphereResourceImpl::config:org.atmosphere.cpr.AtmosphereConfig" />
			<role name="Request()" element="org.atmosphere.cpr.AtmosphereResourceImpl::initialize(org.atmosphere.cpr.AtmosphereConfig, org.atmosphere.cpr.Broadcaster, org.atmosphere.cpr.AtmosphereRequest, org.atmosphere.cpr.AtmosphereResponse, org.atmosphere.cpr.AsyncSupport, org.atmosphere.cpr.AtmosphereHandler):org.atmosphere.cpr.AtmosphereResource" />
			<role name="Request()" element="org.atmosphere.cpr.AtmosphereResourceImpl::suspend(long):org.atmosphere.cpr.AtmosphereResource" />
			<role name="Request()" element="org.atmosphere.cpr.AtmosphereResourceImpl::notifyListeners(org.atmosphere.cpr.AtmosphereResourceEvent):org.atmosphere.cpr.AtmosphereResource" />
			<role name="Request()" element="org.atmosphere.cpr.AtmosphereResourceImpl::session(boolean):javax.servlet.http.HttpSession" />
		</instance>
		<instance>
			<role name="Adaptee" element="org.atmosphere.cpr.Action" />
			<role name="Adapter" element="org.atmosphere.cpr.AtmosphereResourceImpl" />
			<role name="adaptee" element="org.atmosphere.cpr.AtmosphereResourceImpl::action:org.atmosphere.cpr.Action" />
			<role name="Request()" element="org.atmosphere.cpr.AtmosphereResourceImpl::resume():org.atmosphere.cpr.AtmosphereResource" />
			<role name="Request()" element="org.atmosphere.cpr.AtmosphereResourceImpl::suspend(long):org.atmosphere.cpr.AtmosphereResource" />
			<role name="Request()" element="org.atmosphere.cpr.AtmosphereResourceImpl::notifyListeners(org.atmosphere.cpr.AtmosphereResourceEvent):org.atmosphere.cpr.AtmosphereResource" />
		</instance>
		<instance>
			<role name="Adaptee" element="org.atmosphere.cpr.AsyncSupport" />
			<role name="Adapter" element="org.atmosphere.cpr.AtmosphereResourceImpl" />
			<role name="adaptee" element="org.atmosphere.cpr.AtmosphereResourceImpl::asyncSupport:org.atmosphere.cpr.AsyncSupport" />
			<role name="Request()" element="org.atmosphere.cpr.AtmosphereResourceImpl::resume():org.atmosphere.cpr.AtmosphereResource" />
			<role name="Request()" element="org.atmosphere.cpr.AtmosphereResourceImpl::suspend(long):org.atmosphere.cpr.AtmosphereResource" />
		</instance>
		<instance>
			<role name="Adaptee" element="org.atmosphere.cpr.AtmosphereRequestImpl$Builder" />
			<role name="Adapter" element="org.atmosphere.cpr.AtmosphereRequestImpl" />
			<role name="adaptee" element="org.atmosphere.cpr.AtmosphereRequestImpl::b:org.atmosphere.cpr.AtmosphereRequestImpl$Builder" />
			<role name="Request()" element="org.atmosphere.cpr.AtmosphereRequestImpl::destroyable(boolean):org.atmosphere.cpr.AtmosphereRequest" />
			<role name="Request()" element="org.atmosphere.cpr.AtmosphereRequestImpl::getPathInfo():java.lang.String" />
			<role name="Request()" element="org.atmosphere.cpr.AtmosphereRequestImpl::getPathTranslated():java.lang.String" />
			<role name="Request()" element="org.atmosphere.cpr.AtmosphereRequestImpl::getQueryString():java.lang.String" />
			<role name="Request()" element="org.atmosphere.cpr.AtmosphereRequestImpl::getRemoteUser():java.lang.String" />
			<role name="Request()" element="org.atmosphere.cpr.AtmosphereRequestImpl::getRequestedSessionId():java.lang.String" />
			<role name="Request()" element="org.atmosphere.cpr.AtmosphereRequestImpl::getMethod():java.lang.String" />
			<role name="Request()" element="org.atmosphere.cpr.AtmosphereRequestImpl::getPart(java.lang.String):javax.servlet.http.Part" />
			<role name="Request()" element="org.atmosphere.cpr.AtmosphereRequestImpl::getParts():java.util.Collection" />
			<role name="Request()" element="org.atmosphere.cpr.AtmosphereRequestImpl::getContentType():java.lang.String" />
			<role name="Request()" element="org.atmosphere.cpr.AtmosphereRequestImpl::getDispatcherType():javax.servlet.DispatcherType" />
			<role name="Request()" element="org.atmosphere.cpr.AtmosphereRequestImpl::getServletPath():java.lang.String" />
			<role name="Request()" element="org.atmosphere.cpr.AtmosphereRequestImpl::getRequestURI():java.lang.String" />
			<role name="Request()" element="org.atmosphere.cpr.AtmosphereRequestImpl::getRequestURL():java.lang.StringBuffer" />
			<role name="Request()" element="org.atmosphere.cpr.AtmosphereRequestImpl::getHeaders(java.lang.String):java.util.Enumeration" />
			<role name="Request()" element="org.atmosphere.cpr.AtmosphereRequestImpl::getIntHeader(java.lang.String):int" />
			<role name="Request()" element="org.atmosphere.cpr.AtmosphereRequestImpl::getHeaderNames():java.util.Enumeration" />
			<role name="Request()" element="org.atmosphere.cpr.AtmosphereRequestImpl::authenticate(javax.servlet.http.HttpServletResponse):boolean" />
			<role name="Request()" element="org.atmosphere.cpr.AtmosphereRequestImpl::getAuthType():java.lang.String" />
			<role name="Request()" element="org.atmosphere.cpr.AtmosphereRequestImpl::getContextPath():java.lang.String" />
			<role name="Request()" element="org.atmosphere.cpr.AtmosphereRequestImpl::getCookies():javax.servlet.http.Cookie[]" />
			<role name="Request()" element="org.atmosphere.cpr.AtmosphereRequestImpl::getDateHeader(java.lang.String):long" />
			<role name="Request()" element="org.atmosphere.cpr.AtmosphereRequestImpl::wrappedRequest():javax.servlet.http.HttpServletRequest" />
			<role name="Request()" element="org.atmosphere.cpr.AtmosphereRequestImpl::getHeader(java.lang.String, boolean):java.lang.String" />
			<role name="Request()" element="org.atmosphere.cpr.AtmosphereRequestImpl::getParameter(java.lang.String):java.lang.String" />
			<role name="Request()" element="org.atmosphere.cpr.AtmosphereRequestImpl::getParameterMap():java.util.Map" />
			<role name="Request()" element="org.atmosphere.cpr.AtmosphereRequestImpl::getParameterValues(java.lang.String):java.lang.String[]" />
			<role name="Request()" element="org.atmosphere.cpr.AtmosphereRequestImpl::getProtocol():java.lang.String" />
			<role name="Request()" element="org.atmosphere.cpr.AtmosphereRequestImpl::getInputStream():javax.servlet.ServletInputStream" />
			<role name="Request()" element="org.atmosphere.cpr.AtmosphereRequestImpl::getReader():java.io.BufferedReader" />
			<role name="Request()" element="org.atmosphere.cpr.AtmosphereRequestImpl::getRealPath(java.lang.String):java.lang.String" />
			<role name="Request()" element="org.atmosphere.cpr.AtmosphereRequestImpl::headers(java.util.Map):org.atmosphere.cpr.AtmosphereRequest" />
			<role name="Request()" element="org.atmosphere.cpr.AtmosphereRequestImpl::header(java.lang.String, java.lang.String):org.atmosphere.cpr.AtmosphereRequest" />
			<role name="Request()" element="org.atmosphere.cpr.AtmosphereRequestImpl::queryString(java.lang.String):org.atmosphere.cpr.AtmosphereRequest" />
			<role name="Request()" element="org.atmosphere.cpr.AtmosphereRequestImpl::headersMap():java.util.Map" />
			<role name="Request()" element="org.atmosphere.cpr.AtmosphereRequestImpl::queryStringsMap():java.util.Map" />
			<role name="Request()" element="org.atmosphere.cpr.AtmosphereRequestImpl::method(java.lang.String):org.atmosphere.cpr.AtmosphereRequest" />
			<role name="Request()" element="org.atmosphere.cpr.AtmosphereRequestImpl::contentType(java.lang.String):org.atmosphere.cpr.AtmosphereRequest" />
			<role name="Request()" element="org.atmosphere.cpr.AtmosphereRequestImpl::servletPath(java.lang.String):org.atmosphere.cpr.AtmosphereRequest" />
			<role name="Request()" element="org.atmosphere.cpr.AtmosphereRequestImpl::contextPath(java.lang.String):org.atmosphere.cpr.AtmosphereRequest" />
			<role name="Request()" element="org.atmosphere.cpr.AtmosphereRequestImpl::requestURI(java.lang.String):org.atmosphere.cpr.AtmosphereRequest" />
			<role name="Request()" element="org.atmosphere.cpr.AtmosphereRequestImpl::setAttribute(java.lang.String, java.lang.Object):void" />
			<role name="Request()" element="org.atmosphere.cpr.AtmosphereRequestImpl::setCharacterEncoding(java.lang.String):void" />
			<role name="Request()" element="org.atmosphere.cpr.AtmosphereRequestImpl::startAsync():javax.servlet.AsyncContext" />
			<role name="Request()" element="org.atmosphere.cpr.AtmosphereRequestImpl::startAsync(javax.servlet.ServletRequest, javax.servlet.ServletResponse):javax.servlet.AsyncContext" />
			<role name="Request()" element="org.atmosphere.cpr.AtmosphereRequestImpl::getAsyncContext():javax.servlet.AsyncContext" />
			<role name="Request()" element="org.atmosphere.cpr.AtmosphereRequestImpl::getAttribute(java.lang.String):java.lang.Object" />
			<role name="Request()" element="org.atmosphere.cpr.AtmosphereRequestImpl::removeAttribute(java.lang.String):void" />
			<role name="Request()" element="org.atmosphere.cpr.AtmosphereRequestImpl::attributes():org.atmosphere.cpr.AtmosphereRequest$LocalAttributes" />
			<role name="Request()" element="org.atmosphere.cpr.AtmosphereRequestImpl::getSession(boolean):javax.servlet.http.HttpSession" />
			<role name="Request()" element="org.atmosphere.cpr.AtmosphereRequestImpl::getUserPrincipal():java.security.Principal" />
			<role name="Request()" element="org.atmosphere.cpr.AtmosphereRequestImpl::isRequestedSessionIdFromCookie():boolean" />
			<role name="Request()" element="org.atmosphere.cpr.AtmosphereRequestImpl::isRequestedSessionIdFromUrl():boolean" />
			<role name="Request()" element="org.atmosphere.cpr.AtmosphereRequestImpl::isRequestedSessionIdFromURL():boolean" />
			<role name="Request()" element="org.atmosphere.cpr.AtmosphereRequestImpl::isRequestedSessionIdValid():boolean" />
			<role name="Request()" element="org.atmosphere.cpr.AtmosphereRequestImpl::isUserInRole(java.lang.String):boolean" />
			<role name="Request()" element="org.atmosphere.cpr.AtmosphereRequestImpl::login(java.lang.String, java.lang.String):void" />
			<role name="Request()" element="org.atmosphere.cpr.AtmosphereRequestImpl::logout():void" />
			<role name="Request()" element="org.atmosphere.cpr.AtmosphereRequestImpl::getRemoteAddr():java.lang.String" />
			<role name="Request()" element="org.atmosphere.cpr.AtmosphereRequestImpl::getRemoteHost():java.lang.String" />
			<role name="Request()" element="org.atmosphere.cpr.AtmosphereRequestImpl::getRemotePort():int" />
			<role name="Request()" element="org.atmosphere.cpr.AtmosphereRequestImpl::getRequestDispatcher(java.lang.String):javax.servlet.RequestDispatcher" />
			<role name="Request()" element="org.atmosphere.cpr.AtmosphereRequestImpl::getScheme():java.lang.String" />
			<role name="Request()" element="org.atmosphere.cpr.AtmosphereRequestImpl::getServerName():java.lang.String" />
			<role name="Request()" element="org.atmosphere.cpr.AtmosphereRequestImpl::getServerPort():int" />
			<role name="Request()" element="org.atmosphere.cpr.AtmosphereRequestImpl::getServletContext():javax.servlet.ServletContext" />
			<role name="Request()" element="org.atmosphere.cpr.AtmosphereRequestImpl::isAsyncStarted():boolean" />
			<role name="Request()" element="org.atmosphere.cpr.AtmosphereRequestImpl::isAsyncSupported():boolean" />
			<role name="Request()" element="org.atmosphere.cpr.AtmosphereRequestImpl::isSecure():boolean" />
			<role name="Request()" element="org.atmosphere.cpr.AtmosphereRequestImpl::getLocalName():java.lang.String" />
			<role name="Request()" element="org.atmosphere.cpr.AtmosphereRequestImpl::getLocalPort():int" />
			<role name="Request()" element="org.atmosphere.cpr.AtmosphereRequestImpl::getLocalAddr():java.lang.String" />
			<role name="Request()" element="org.atmosphere.cpr.AtmosphereRequestImpl::getLocale():java.util.Locale" />
			<role name="Request()" element="org.atmosphere.cpr.AtmosphereRequestImpl::getLocales():java.util.Enumeration" />
			<role name="Request()" element="org.atmosphere.cpr.AtmosphereRequestImpl::dispatchRequestAsynchronously():boolean" />
			<role name="Request()" element="org.atmosphere.cpr.AtmosphereRequestImpl::isDestroyable():boolean" />
			<role name="Request()" element="org.atmosphere.cpr.AtmosphereRequestImpl::pathInfo(java.lang.String):org.atmosphere.cpr.AtmosphereRequest" />
			<role name="Request()" element="org.atmosphere.cpr.AtmosphereRequestImpl::getAttributeNames():java.util.Enumeration" />
			<role name="Request()" element="org.atmosphere.cpr.AtmosphereRequestImpl::localAttributes():org.atmosphere.cpr.AtmosphereRequest$LocalAttributes" />
			<role name="Request()" element="org.atmosphere.cpr.AtmosphereRequestImpl::getCharacterEncoding():java.lang.String" />
			<role name="Request()" element="org.atmosphere.cpr.AtmosphereRequestImpl::getContentLength():int" />
			<role name="Request()" element="org.atmosphere.cpr.AtmosphereRequestImpl::destroy():void" />
			<role name="Request()" element="org.atmosphere.cpr.AtmosphereRequestImpl::destroy(boolean):void" />
			<role name="Request()" element="org.atmosphere.cpr.AtmosphereRequestImpl::setRequest(javax.servlet.ServletRequest):void" />
			<role name="Request()" element="org.atmosphere.cpr.AtmosphereRequestImpl::toString():java.lang.String" />
			<role name="Request()" element="org.atmosphere.cpr.AtmosphereRequestImpl::requestURL():java.lang.String" />
		</instance>
		<instance>
			<role name="Adaptee" element="org.atmosphere.cpr.AtmosphereConfig" />
			<role name="Adapter" element="org.atmosphere.config.managed.ManagedAtmosphereHandler" />
			<role name="adaptee" element="org.atmosphere.config.managed.ManagedAtmosphereHandler::config:org.atmosphere.cpr.AtmosphereConfig" />
			<role name="Request()" element="org.atmosphere.config.managed.ManagedAtmosphereHandler::configure(org.atmosphere.cpr.AtmosphereConfig, java.lang.Object):org.atmosphere.handler.AnnotatedProxy" />
		</instance>
		<instance>
			<role name="Adapter" element="org.atmosphere.cpr.DefaultBroadcasterFactory" />
			<role name="Adaptee" element="org.atmosphere.cpr.AtmosphereConfig" />
			<role name="adaptee" element="org.atmosphere.cpr.DefaultBroadcasterFactory::config:org.atmosphere.cpr.AtmosphereConfig" />
			<role name="Request()" element="org.atmosphere.cpr.DefaultBroadcasterFactory::get():org.atmosphere.cpr.Broadcaster" />
			<role name="Request()" element="org.atmosphere.cpr.DefaultBroadcasterFactory::destroy():void" />
		</instance>
		<instance>
			<role name="Adapter" element="org.atmosphere.cpr.DefaultAnnotationProcessor$ServletContainerInitializerAnnotationProcessor" />
			<role name="Adaptee" element="org.atmosphere.cpr.AnnotationHandler" />
			<role name="adaptee" element="org.atmosphere.cpr.DefaultAnnotationProcessor$ServletContainerInitializerAnnotationProcessor::handler:org.atmosphere.cpr.AnnotationHandler" />
			<role name="Request()" element="org.atmosphere.cpr.DefaultAnnotationProcessor$ServletContainerInitializerAnnotationProcessor::scan(java.io.File):org.atmosphere.cpr.AnnotationProcessor" />
			<role name="Request()" element="org.atmosphere.cpr.DefaultAnnotationProcessor$ServletContainerInitializerAnnotationProcessor::scan(java.lang.String):org.atmosphere.cpr.AnnotationProcessor" />
		</instance>
		<instance>
			<role name="Adapter" element="org.atmosphere.cpr.DefaultAnnotationProcessor" />
			<role name="Adaptee" element="org.atmosphere.cpr.AnnotationHandler" />
			<role name="adaptee" element="org.atmosphere.cpr.DefaultAnnotationProcessor::handler:org.atmosphere.cpr.AnnotationHandler" />
			<role name="Request()" element="org.atmosphere.cpr.DefaultAnnotationProcessor::destroy():void" />
		</instance>
		<instance>
			<role name="Adaptee" element="org.atmosphere.cpr.AtmosphereConfig" />
			<role name="Adapter" element="org.atmosphere.inject.InjectableObjectFactory" />
			<role name="adaptee" element="org.atmosphere.inject.InjectableObjectFactory::config:org.atmosphere.cpr.AtmosphereConfig" />
			<role name="Request()" element="org.atmosphere.inject.InjectableObjectFactory::newClassInstance(, java.lang.Class):java.lang.Object" />
		</instance>
		<instance>
			<role name="Adaptee" element="org.atmosphere.cpr.AsyncIOWriter" />
			<role name="Adapter" element="org.atmosphere.cpr.AtmosphereResponseImpl" />
			<role name="adaptee" element="org.atmosphere.cpr.AtmosphereResponseImpl::asyncIOWriter:org.atmosphere.cpr.AsyncIOWriter" />
			<role name="Request()" element="org.atmosphere.cpr.AtmosphereResponseImpl::sendError(int, java.lang.String):void" />
			<role name="Request()" element="org.atmosphere.cpr.AtmosphereResponseImpl::sendError(int):void" />
			<role name="Request()" element="org.atmosphere.cpr.AtmosphereResponseImpl::sendRedirect(java.lang.String):void" />
			<role name="Request()" element="org.atmosphere.cpr.AtmosphereResponseImpl::close():void" />
		</instance>
		<instance>
			<role name="Adaptee" element="org.atmosphere.websocket.WebSocket" />
			<role name="Adapter" element="org.atmosphere.cpr.AtmosphereResourceImpl" />
			<role name="adaptee" element="org.atmosphere.cpr.AtmosphereResourceImpl::webSocket:org.atmosphere.websocket.WebSocket" />
			<role name="Request()" element="org.atmosphere.cpr.AtmosphereResourceImpl::close():void" />
		</instance>
		<instance>
			<role name="Adaptee" element="org.atmosphere.cpr.AtmosphereRequest" />
			<role name="Adapter" element="org.atmosphere.cpr.AtmosphereResourceImpl" />
			<role name="adaptee" element="org.atmosphere.cpr.AtmosphereResourceImpl::req:org.atmosphere.cpr.AtmosphereRequest" />
			<role name="Request()" element="org.atmosphere.cpr.AtmosphereResourceImpl::initialize(org.atmosphere.cpr.AtmosphereConfig, org.atmosphere.cpr.Broadcaster, org.atmosphere.cpr.AtmosphereRequest, org.atmosphere.cpr.AtmosphereResponse, org.atmosphere.cpr.AsyncSupport, org.atmosphere.cpr.AtmosphereHandler):org.atmosphere.cpr.AtmosphereResource" />
			<role name="Request()" element="org.atmosphere.cpr.AtmosphereResourceImpl::resumeOnBroadcast(boolean):org.atmosphere.cpr.AtmosphereResource" />
			<role name="Request()" element="org.atmosphere.cpr.AtmosphereResourceImpl::resumeOnBroadcast():boolean" />
			<role name="Request()" element="org.atmosphere.cpr.AtmosphereResourceImpl::resume():org.atmosphere.cpr.AtmosphereResource" />
			<role name="Request()" element="org.atmosphere.cpr.AtmosphereResourceImpl::suspend(long):org.atmosphere.cpr.AtmosphereResource" />
			<role name="Request()" element="org.atmosphere.cpr.AtmosphereResourceImpl::session(boolean):javax.servlet.http.HttpSession" />
		</instance>
		<instance>
			<role name="Adaptee" element="org.atmosphere.cpr.AtmosphereResponse" />
			<role name="Adapter" element="org.atmosphere.cpr.AtmosphereResourceImpl" />
			<role name="adaptee" element="org.atmosphere.cpr.AtmosphereResourceImpl::response:org.atmosphere.cpr.AtmosphereResponse" />
			<role name="Request()" element="org.atmosphere.cpr.AtmosphereResourceImpl::initialize(org.atmosphere.cpr.AtmosphereConfig, org.atmosphere.cpr.Broadcaster, org.atmosphere.cpr.AtmosphereRequest, org.atmosphere.cpr.AtmosphereResponse, org.atmosphere.cpr.AsyncSupport, org.atmosphere.cpr.AtmosphereHandler):org.atmosphere.cpr.AtmosphereResource" />
			<role name="Request()" element="org.atmosphere.cpr.AtmosphereResourceImpl::suspend(long):org.atmosphere.cpr.AtmosphereResource" />
			<role name="Request()" element="org.atmosphere.cpr.AtmosphereResourceImpl::write(java.lang.String):org.atmosphere.cpr.AtmosphereResource" />
			<role name="Request()" element="org.atmosphere.cpr.AtmosphereResourceImpl::write(byte[]):org.atmosphere.cpr.AtmosphereResource" />
		</instance>
		<instance>
			<role name="Adaptee" element="org.atmosphere.util.analytics.FocusPoint" />
			<role name="Adapter" element="org.atmosphere.util.analytics.GoogleAnalytics_v1_URLBuildingStrategy" />
			<role name="adaptee" element="org.atmosphere.util.analytics.GoogleAnalytics_v1_URLBuildingStrategy::appFocusPoint:org.atmosphere.util.analytics.FocusPoint" />
			<role name="Request()" element="org.atmosphere.util.analytics.GoogleAnalytics_v1_URLBuildingStrategy::buildURL(org.atmosphere.util.analytics.FocusPoint):java.lang.String" />
		</instance>
		<instance>
			<role name="Adaptee" element="org.atmosphere.cpr.AsynchronousProcessor" />
			<role name="Adapter" element="org.atmosphere.websocket.DefaultWebSocketProcessor" />
			<role name="adaptee" element="org.atmosphere.websocket.DefaultWebSocketProcessor::asynchronousProcessor:org.atmosphere.cpr.AsynchronousProcessor" />
			<role name="Request()" element="org.atmosphere.websocket.DefaultWebSocketProcessor::close(org.atmosphere.websocket.WebSocket, int):void" />
		</instance>
		<instance>
			<role name="Adaptee" element="org.atmosphere.websocket.WebSocketProtocol" />
			<role name="Adapter" element="org.atmosphere.websocket.DefaultWebSocketProcessor" />
			<role name="adaptee" element="org.atmosphere.websocket.DefaultWebSocketProcessor::webSocketProtocol:org.atmosphere.websocket.WebSocketProtocol" />
			<role name="Request()" element="org.atmosphere.websocket.DefaultWebSocketProcessor::open(org.atmosphere.websocket.WebSocket, org.atmosphere.cpr.AtmosphereRequest, org.atmosphere.cpr.AtmosphereResponse):void" />
			<role name="Request()" element="org.atmosphere.websocket.DefaultWebSocketProcessor::invokeWebSocketProtocol(org.atmosphere.websocket.WebSocket, java.lang.String):void" />
			<role name="Request()" element="org.atmosphere.websocket.DefaultWebSocketProcessor::invokeWebSocketProtocol(org.atmosphere.websocket.WebSocket, byte[], int, int):void" />
			<role name="Request()" element="org.atmosphere.websocket.DefaultWebSocketProcessor::invokeWebSocketProtocol(org.atmosphere.websocket.WebSocket, java.io.InputStream):void" />
			<role name="Request()" element="org.atmosphere.websocket.DefaultWebSocketProcessor::invokeWebSocketProtocol(org.atmosphere.websocket.WebSocket, java.io.Reader):void" />
			<role name="Request()" element="org.atmosphere.websocket.DefaultWebSocketProcessor::close(org.atmosphere.websocket.WebSocket, int):void" />
		</instance>
		<instance>
			<role name="Adaptee" element="org.atmosphere.cpr.MetaBroadcaster" />
			<role name="Adapter" element="org.atmosphere.cpr.MetaBroadcaster$ThirtySecondsCache" />
			<role name="adaptee" element="org.atmosphere.cpr.MetaBroadcaster$ThirtySecondsCache::metaBroadcaster:org.atmosphere.cpr.MetaBroadcaster" />
			<role name="Request()" element="org.atmosphere.cpr.MetaBroadcaster$ThirtySecondsCache::flushCache():org.atmosphere.cpr.MetaBroadcaster$MetaBroadcasterCache" />
		</instance>
		<instance>
			<role name="Adaptee" element="org.atmosphere.cpr.AtmosphereRequest" />
			<role name="Adapter" element="org.atmosphere.cpr.AtmosphereResponseImpl" />
			<role name="adaptee" element="org.atmosphere.cpr.AtmosphereResponseImpl::atmosphereRequest:org.atmosphere.cpr.AtmosphereRequest" />
			<role name="Request()" element="org.atmosphere.cpr.AtmosphereResponseImpl::resource():org.atmosphere.cpr.AtmosphereResource" />
		</instance>
		<instance>
			<role name="Adaptee" element="org.atmosphere.util.EndpointMapper" />
			<role name="Adapter" element="org.atmosphere.websocket.DefaultWebSocketProcessor" />
			<role name="adaptee" element="org.atmosphere.websocket.DefaultWebSocketProcessor::mapper:org.atmosphere.util.EndpointMapper" />
			<role name="Request()" element="org.atmosphere.websocket.DefaultWebSocketProcessor::open(org.atmosphere.websocket.WebSocket, org.atmosphere.cpr.AtmosphereRequest, org.atmosphere.cpr.AtmosphereResponse):void" />
		</instance>
		<instance>
			<role name="Adaptee" element="org.atmosphere.util.UUIDProvider" />
			<role name="Adapter" element="org.atmosphere.cache.UUIDBroadcasterCache" />
			<role name="adaptee" element="org.atmosphere.cache.UUIDBroadcasterCache::uuidProvider:org.atmosphere.util.UUIDProvider" />
			<role name="Request()" element="org.atmosphere.cache.UUIDBroadcasterCache::addToCache(java.lang.String, java.lang.String, org.atmosphere.cache.BroadcastMessage):org.atmosphere.cache.CacheMessage" />
		</instance>
		<instance>
			<role name="Adaptee" element="org.atmosphere.cpr.AtmosphereResourceFactory" />
			<role name="Adapter" element="org.atmosphere.websocket.DefaultWebSocketFactory" />
			<role name="adaptee" element="org.atmosphere.websocket.DefaultWebSocketFactory::factory:org.atmosphere.cpr.AtmosphereResourceFactory" />
			<role name="Request()" element="org.atmosphere.websocket.DefaultWebSocketFactory::find(java.lang.String):org.atmosphere.websocket.WebSocket" />
		</instance>
	</pattern>
	<pattern name="Command" />
	<pattern name="Composite" />
	<pattern name="Decorator">
		<instance>
			<role name="Component" element="org.atmosphere.cpr.AnnotationProcessor" />
			<role name="Decorator" element="org.atmosphere.cpr.DefaultAnnotationProcessor" />
			<role name="component" element="org.atmosphere.cpr.DefaultAnnotationProcessor::delegate:org.atmosphere.cpr.AnnotationProcessor" />
			<role name="Operation()" element="org.atmosphere.cpr.DefaultAnnotationProcessor::scan(java.io.File):org.atmosphere.cpr.AnnotationProcessor" />
			<role name="Operation()" element="org.atmosphere.cpr.DefaultAnnotationProcessor::scan(java.lang.String):org.atmosphere.cpr.AnnotationProcessor" />
			<role name="Operation()" element="org.atmosphere.cpr.DefaultAnnotationProcessor::scanAll():org.atmosphere.cpr.AnnotationProcessor" />
			<role name="Operation()" element="org.atmosphere.cpr.DefaultAnnotationProcessor::destroy():void" />
		</instance>
		<instance>
			<role name="Component" element="org.atmosphere.websocket.WebSocketHandler" />
			<role name="Decorator" element="org.atmosphere.websocket.WebSocketProcessor$WebSocketHandlerProxy" />
			<role name="component" element="org.atmosphere.websocket.WebSocketProcessor$WebSocketHandlerProxy::proxied:org.atmosphere.websocket.WebSocketHandler" />
			<role name="Operation()" element="org.atmosphere.websocket.WebSocketProcessor$WebSocketHandlerProxy::onByteMessage(org.atmosphere.websocket.WebSocket, byte[], int, int):void" />
			<role name="Operation()" element="org.atmosphere.websocket.WebSocketProcessor$WebSocketHandlerProxy::onTextMessage(org.atmosphere.websocket.WebSocket, java.lang.String):void" />
			<role name="Operation()" element="org.atmosphere.websocket.WebSocketProcessor$WebSocketHandlerProxy::onOpen(org.atmosphere.websocket.WebSocket):void" />
			<role name="Operation()" element="org.atmosphere.websocket.WebSocketProcessor$WebSocketHandlerProxy::onClose(org.atmosphere.websocket.WebSocket):void" />
			<role name="Operation()" element="org.atmosphere.websocket.WebSocketProcessor$WebSocketHandlerProxy::onError(org.atmosphere.websocket.WebSocket, org.atmosphere.websocket.WebSocketProcessor$WebSocketException):void" />
		</instance>
	</pattern>
	<pattern name="Observer">
		<instance>
			<role name="Observer" element="org.atmosphere.cpr.Broadcaster" />
			<role name="Subject" element="org.atmosphere.cpr.AtmosphereResourceImpl" />
			<role name="Notify()" element="org.atmosphere.cpr.AtmosphereResourceImpl::resume():org.atmosphere.cpr.AtmosphereResource" />
			<role name="Notify()" element="org.atmosphere.cpr.AtmosphereResourceImpl::removeFromAllBroadcasters():org.atmosphere.cpr.AtmosphereResource" />
		</instance>
		<instance>
			<role name="Observer" element="org.atmosphere.cache.BroadcasterCacheInspector" />
			<role name="Subject" element="org.atmosphere.cache.UUIDBroadcasterCache" />
			<role name="Notify()" element="org.atmosphere.cache.UUIDBroadcasterCache::inspect(org.atmosphere.cache.BroadcastMessage):boolean" />
		</instance>
		<instance>
			<role name="Observer" element="org.atmosphere.cpr.BroadcasterCacheListener" />
			<role name="Subject" element="org.atmosphere.cache.UUIDBroadcasterCache" />
			<role name="Notify()" element="org.atmosphere.cache.UUIDBroadcasterCache::notifyAddCache(java.lang.String, org.atmosphere.cache.CacheMessage):void" />
			<role name="Notify()" element="org.atmosphere.cache.UUIDBroadcasterCache::notifyRemoveCache(java.lang.String, org.atmosphere.cache.CacheMessage):void" />
		</instance>
		<instance>
			<role name="Observer" element="org.atmosphere.cpr.AsyncSupportListener" />
			<role name="Subject" element="org.atmosphere.cpr.AtmosphereFramework" />
			<role name="Notify()" element="org.atmosphere.cpr.AtmosphereFramework::notify(org.atmosphere.cpr.Action$TYPE, org.atmosphere.cpr.AtmosphereRequest, org.atmosphere.cpr.AtmosphereResponse):org.atmosphere.cpr.AtmosphereFramework" />
		</instance>
		<instance>
			<role name="Observer" element="org.atmosphere.cpr.AtmosphereConfig$StartupHook" />
			<role name="Subject" element="org.atmosphere.cpr.AtmosphereConfig" />
			<role name="Notify()" element="org.atmosphere.cpr.AtmosphereConfig::initComplete():void" />
		</instance>
	</pattern>
	<pattern name="State">
		<instance>
			<role name="State" element="org.atmosphere.cpr.AsyncSupport" />
			<role name="Context" element="org.atmosphere.cpr.AtmosphereFramework" />
			<role name="state" element="org.atmosphere.cpr.AtmosphereFramework::asyncSupport:org.atmosphere.cpr.AsyncSupport" />
			<role name="Request()" element="org.atmosphere.cpr.AtmosphereFramework::init(javax.servlet.ServletConfig, boolean):org.atmosphere.cpr.AtmosphereFramework" />
			<role name="Request()" element="org.atmosphere.cpr.AtmosphereFramework::info():void" />
			<role name="Request()" element="org.atmosphere.cpr.AtmosphereFramework::doCometSupport(org.atmosphere.cpr.AtmosphereRequest, org.atmosphere.cpr.AtmosphereResponse):org.atmosphere.cpr.Action" />
		</instance>
		<instance>
			<role name="State" element="org.atmosphere.cpr.Broadcaster" />
			<role name="Context" element="org.atmosphere.cpr.AtmosphereSession" />
			<role name="state" element="org.atmosphere.cpr.AtmosphereSession::relatedBroadcasters:org.atmosphere.cpr.Broadcaster[]" />
			<role name="Request()" element="org.atmosphere.cpr.AtmosphereSession::close():void" />
		</instance>
		<instance>
			<role name="State" element="org.atmosphere.cpr.Broadcaster" />
			<role name="Context" element="org.atmosphere.jersey.Broadcastable" />
			<role name="state" element="org.atmosphere.jersey.Broadcastable::b:org.atmosphere.cpr.Broadcaster" />
			<role name="Request()" element="org.atmosphere.jersey.Broadcastable::broadcast():java.lang.Object" />
		</instance>
		<instance>
			<role name="Context" element="org.atmosphere.container.JSR356Endpoint" />
			<role name="State" element="org.atmosphere.cpr.AtmosphereRequest" />
			<role name="state" element="org.atmosphere.container.JSR356Endpoint::request:org.atmosphere.cpr.AtmosphereRequest" />
			<role name="Request()" element="org.atmosphere.container.JSR356Endpoint::onOpen(javax.websocket.Session, javax.websocket.EndpointConfig):void" />
			<role name="Request()" element="org.atmosphere.container.JSR356Endpoint::onClose(javax.websocket.Session, javax.websocket.CloseReason):void" />
		</instance>
		<instance>
			<role name="Context" element="org.atmosphere.container.Jetty9WebSocketHandler" />
			<role name="State" element="org.atmosphere.cpr.AtmosphereRequest" />
			<role name="state" element="org.atmosphere.container.Jetty9WebSocketHandler::request:org.atmosphere.cpr.AtmosphereRequest" />
			<role name="Request()" element="org.atmosphere.container.Jetty9WebSocketHandler::onWebSocketClose(int, java.lang.String):void" />
		</instance>
		<instance>
			<role name="Context" element="org.atmosphere.container.JettyWebSocketHandler" />
			<role name="State" element="org.atmosphere.cpr.AtmosphereRequest" />
			<role name="state" element="org.atmosphere.container.JettyWebSocketHandler::request:org.atmosphere.cpr.AtmosphereRequest" />
			<role name="Request()" element="org.atmosphere.container.JettyWebSocketHandler::onClose(int, java.lang.String):void" />
		</instance>
		<instance>
			<role name="Context" element="org.atmosphere.container.TomcatWebSocketHandler" />
			<role name="State" element="org.atmosphere.cpr.AtmosphereRequest" />
			<role name="state" element="org.atmosphere.container.TomcatWebSocketHandler::request:org.atmosphere.cpr.AtmosphereRequest" />
			<role name="Request()" element="org.atmosphere.container.TomcatWebSocketHandler::onClose(int):void" />
		</instance>
		<instance>
			<role name="Context" element="org.atmosphere.container.EmbeddedWebSocketHandler" />
			<role name="State" element="org.atmosphere.websocket.WebSocketProcessor" />
			<role name="state" element="org.atmosphere.container.EmbeddedWebSocketHandler::processor:org.atmosphere.websocket.WebSocketProcessor" />
			<role name="Request()" element="org.atmosphere.container.EmbeddedWebSocketHandler::serve(java.io.InputStream):org.atmosphere.container.EmbeddedWebSocketHandler" />
			<role name="Request()" element="org.atmosphere.container.EmbeddedWebSocketHandler::webSocket(java.io.InputStream):org.atmosphere.websocket.WebSocket" />
		</instance>
		<instance>
			<role name="Context" element="org.atmosphere.container.JSR356Endpoint" />
			<role name="State" element="org.atmosphere.websocket.WebSocketProcessor" />
			<role name="state" element="org.atmosphere.container.JSR356Endpoint::webSocketProcessor:org.atmosphere.websocket.WebSocketProcessor" />
			<role name="Request()" element="org.atmosphere.container.JSR356Endpoint::onOpen(javax.websocket.Session, javax.websocket.EndpointConfig):void" />
			<role name="Request()" element="org.atmosphere.container.JSR356Endpoint::onClose(javax.websocket.Session, javax.websocket.CloseReason):void" />
			<role name="Request()" element="org.atmosphere.container.JSR356Endpoint::onError(javax.websocket.Session, java.lang.Throwable):void" />
			<role name="Request()" element="org.atmosphere.container.JSR356Endpoint::lambda$onOpen$3(java.nio.ByteBuffer):void" />
			<role name="Request()" element="org.atmosphere.container.JSR356Endpoint::lambda$onOpen$2(java.lang.String):void" />
		</instance>
		<instance>
			<role name="Context" element="org.atmosphere.container.Jetty9WebSocketHandler" />
			<role name="State" element="org.atmosphere.websocket.WebSocketProcessor" />
			<role name="state" element="org.atmosphere.container.Jetty9WebSocketHandler::webSocketProcessor:org.atmosphere.websocket.WebSocketProcessor" />
			<role name="Request()" element="org.atmosphere.container.Jetty9WebSocketHandler::onWebSocketBinary(byte[], int, int):void" />
			<role name="Request()" element="org.atmosphere.container.Jetty9WebSocketHandler::onWebSocketClose(int, java.lang.String):void" />
			<role name="Request()" element="org.atmosphere.container.Jetty9WebSocketHandler::onWebSocketConnect(org.eclipse.jetty.websocket.api.Session):void" />
			<role name="Request()" element="org.atmosphere.container.Jetty9WebSocketHandler::onWebSocketText(java.lang.String):void" />
		</instance>
		<instance>
			<role name="Context" element="org.atmosphere.container.JettyWebSocketHandler" />
			<role name="State" element="org.atmosphere.websocket.WebSocketProcessor" />
			<role name="state" element="org.atmosphere.container.JettyWebSocketHandler::webSocketProcessor:org.atmosphere.websocket.WebSocketProcessor" />
			<role name="Request()" element="org.atmosphere.container.JettyWebSocketHandler::onMessage(byte[], int, int):void" />
			<role name="Request()" element="org.atmosphere.container.JettyWebSocketHandler::onControl(byte, byte[], int, int):boolean" />
			<role name="Request()" element="org.atmosphere.container.JettyWebSocketHandler::onHandshake(org.eclipse.jetty.websocket.WebSocket$FrameConnection):void" />
			<role name="Request()" element="org.atmosphere.container.JettyWebSocketHandler::onMessage(java.lang.String):void" />
			<role name="Request()" element="org.atmosphere.container.JettyWebSocketHandler::onOpen(org.eclipse.jetty.websocket.WebSocket$Connection):void" />
			<role name="Request()" element="org.atmosphere.container.JettyWebSocketHandler::onClose(int, java.lang.String):void" />
		</instance>
		<instance>
			<role name="Context" element="org.atmosphere.container.TomcatWebSocketHandler" />
			<role name="State" element="org.atmosphere.websocket.WebSocketProcessor" />
			<role name="state" element="org.atmosphere.container.TomcatWebSocketHandler::webSocketProcessor:org.atmosphere.websocket.WebSocketProcessor" />
			<role name="Request()" element="org.atmosphere.container.TomcatWebSocketHandler::onOpen(org.apache.catalina.websocket.WsOutbound):void" />
			<role name="Request()" element="org.atmosphere.container.TomcatWebSocketHandler::onClose(int):void" />
			<role name="Request()" element="org.atmosphere.container.TomcatWebSocketHandler::onTextMessage(java.nio.CharBuffer):void" />
			<role name="Request()" element="org.atmosphere.container.TomcatWebSocketHandler::onBinaryData(java.io.InputStream):void" />
			<role name="Request()" element="org.atmosphere.container.TomcatWebSocketHandler::onTextData(java.io.Reader):void" />
		</instance>
		<instance>
			<role name="Context" element="org.atmosphere.container.GlassFishServ30WebSocketSupport$Grizzly2WebSocketApplication" />
			<role name="State" element="org.atmosphere.websocket.WebSocketProcessor" />
			<role name="state" element="org.atmosphere.container.GlassFishServ30WebSocketSupport$Grizzly2WebSocketApplication::webSocketProcessor:org.atmosphere.websocket.WebSocketProcessor" />
			<role name="Request()" element="org.atmosphere.container.GlassFishServ30WebSocketSupport$Grizzly2WebSocketApplication::handshake(org.glassfish.grizzly.websockets.HandShake):void" />
			<role name="Request()" element="org.atmosphere.container.GlassFishServ30WebSocketSupport$Grizzly2WebSocketApplication::onClose(org.glassfish.grizzly.websockets.WebSocket, org.glassfish.grizzly.websockets.DataFrame):void" />
			<role name="Request()" element="org.atmosphere.container.GlassFishServ30WebSocketSupport$Grizzly2WebSocketApplication::onConnect(org.glassfish.grizzly.websockets.WebSocket):void" />
			<role name="Request()" element="org.atmosphere.container.GlassFishServ30WebSocketSupport$Grizzly2WebSocketApplication::onMessage(org.glassfish.grizzly.websockets.WebSocket, java.lang.String):void" />
			<role name="Request()" element="org.atmosphere.container.GlassFishServ30WebSocketSupport$Grizzly2WebSocketApplication::onMessage(org.glassfish.grizzly.websockets.WebSocket, byte[]):void" />
		</instance>
		<instance>
			<role name="Context" element="org.atmosphere.container.GlassFishWebSocketHandler" />
			<role name="State" element="org.atmosphere.websocket.WebSocketProcessor" />
			<role name="state" element="org.atmosphere.container.GlassFishWebSocketHandler::webSocketProcessor:org.atmosphere.websocket.WebSocketProcessor" />
			<role name="Request()" element="org.atmosphere.container.GlassFishWebSocketHandler::createWebSocket(com.sun.grizzly.websockets.ProtocolHandler, com.sun.grizzly.websockets.WebSocketListener[]):com.sun.grizzly.websockets.WebSocket" />
			<role name="Request()" element="org.atmosphere.container.GlassFishWebSocketHandler::onConnect(com.sun.grizzly.websockets.WebSocket):void" />
			<role name="Request()" element="org.atmosphere.container.GlassFishWebSocketHandler::onClose(com.sun.grizzly.websockets.WebSocket, com.sun.grizzly.websockets.DataFrame):void" />
			<role name="Request()" element="org.atmosphere.container.GlassFishWebSocketHandler::onMessage(com.sun.grizzly.websockets.WebSocket, java.lang.String):void" />
			<role name="Request()" element="org.atmosphere.container.GlassFishWebSocketHandler::onMessage(com.sun.grizzly.websockets.WebSocket, byte[]):void" />
		</instance>
		<instance>
			<role name="Context" element="org.atmosphere.container.Grizzly2WebSocketSupport$Grizzly2WebSocketApplication" />
			<role name="State" element="org.atmosphere.websocket.WebSocketProcessor" />
			<role name="state" element="org.atmosphere.container.Grizzly2WebSocketSupport$Grizzly2WebSocketApplication::webSocketProcessor:org.atmosphere.websocket.WebSocketProcessor" />
			<role name="Request()" element="org.atmosphere.container.Grizzly2WebSocketSupport$Grizzly2WebSocketApplication::handshake(org.glassfish.grizzly.websockets.HandShake):void" />
			<role name="Request()" element="org.atmosphere.container.Grizzly2WebSocketSupport$Grizzly2WebSocketApplication::onClose(org.glassfish.grizzly.websockets.WebSocket, org.glassfish.grizzly.websockets.DataFrame):void" />
			<role name="Request()" element="org.atmosphere.container.Grizzly2WebSocketSupport$Grizzly2WebSocketApplication::onConnect(org.glassfish.grizzly.websockets.WebSocket):void" />
			<role name="Request()" element="org.atmosphere.container.Grizzly2WebSocketSupport$Grizzly2WebSocketApplication::onMessage(org.glassfish.grizzly.websockets.WebSocket, java.lang.String):void" />
			<role name="Request()" element="org.atmosphere.container.Grizzly2WebSocketSupport$Grizzly2WebSocketApplication::onMessage(org.glassfish.grizzly.websockets.WebSocket, byte[]):void" />
		</instance>
		<instance>
			<role name="Context" element="org.atmosphere.container.JBossWebSocketHandler" />
			<role name="State" element="org.atmosphere.websocket.WebSocketProcessor" />
			<role name="state" element="org.atmosphere.container.JBossWebSocketHandler::webSocketProcessor:org.atmosphere.websocket.WebSocketProcessor" />
			<role name="Request()" element="org.atmosphere.container.JBossWebSocketHandler::onSocketOpened(org.atmosphere.jboss.as.websockets.WebSocket):void" />
			<role name="Request()" element="org.atmosphere.container.JBossWebSocketHandler::onSocketClosed(org.atmosphere.jboss.as.websockets.WebSocket):void" />
			<role name="Request()" element="org.atmosphere.container.JBossWebSocketHandler::onReceivedFrame(org.atmosphere.jboss.as.websockets.WebSocket):void" />
		</instance>
		<instance>
			<role name="Context" element="org.atmosphere.container.WeblogicWebSocketHandler" />
			<role name="State" element="org.atmosphere.websocket.WebSocketProcessor" />
			<role name="state" element="org.atmosphere.container.WeblogicWebSocketHandler::webSocketProcessor:org.atmosphere.websocket.WebSocketProcessor" />
			<role name="Request()" element="org.atmosphere.container.WeblogicWebSocketHandler::onOpen(weblogic.websocket.WebSocketConnection):void" />
			<role name="Request()" element="org.atmosphere.container.WeblogicWebSocketHandler::onMessage(weblogic.websocket.WebSocketConnection, java.lang.String):void" />
			<role name="Request()" element="org.atmosphere.container.WeblogicWebSocketHandler::onMessage(weblogic.websocket.WebSocketConnection, byte[]):void" />
			<role name="Request()" element="org.atmosphere.container.WeblogicWebSocketHandler::onTimeout(weblogic.websocket.WebSocketConnection):void" />
			<role name="Request()" element="org.atmosphere.container.WeblogicWebSocketHandler::onError(weblogic.websocket.WebSocketConnection, java.lang.Throwable):void" />
			<role name="Request()" element="org.atmosphere.container.WeblogicWebSocketHandler::onClose(weblogic.websocket.WebSocketConnection, weblogic.websocket.ClosingMessage):void" />
		</instance>
		<instance>
			<role name="State" element="org.atmosphere.cpr.AtmosphereResource" />
			<role name="Context" element="org.atmosphere.container.version.JSR356WebSocket$WriteResult" />
			<role name="state" element="org.atmosphere.container.version.JSR356WebSocket$WriteResult::r:org.atmosphere.cpr.AtmosphereResource" />
			<role name="Request()" element="org.atmosphere.container.version.JSR356WebSocket$WriteResult::onResult(javax.websocket.SendResult):void" />
		</instance>
		<instance>
			<role name="State" element="org.atmosphere.cpr.AtmosphereResource" />
			<role name="Context" element="org.atmosphere.cpr.DefaultBroadcaster$WriteOperation" />
			<role name="state" element="org.atmosphere.cpr.DefaultBroadcaster$WriteOperation::r:org.atmosphere.cpr.AtmosphereResource" />
			<role name="Request()" element="org.atmosphere.cpr.DefaultBroadcaster$WriteOperation::call():java.lang.Object" />
		</instance>
		<instance>
			<role name="State" element="org.atmosphere.cpr.AtmosphereResource" />
			<role name="Context" element="org.atmosphere.cpr.Meteor" />
			<role name="state" element="org.atmosphere.cpr.Meteor::r:org.atmosphere.cpr.AtmosphereResource" />
			<role name="Request()" element="org.atmosphere.cpr.Meteor::suspend(long):org.atmosphere.cpr.Meteor" />
			<role name="Request()" element="org.atmosphere.cpr.Meteor::resumeOnBroadcast(boolean):org.atmosphere.cpr.Meteor" />
			<role name="Request()" element="org.atmosphere.cpr.Meteor::transport():org.atmosphere.cpr.AtmosphereResource$TRANSPORT" />
			<role name="Request()" element="org.atmosphere.cpr.Meteor::suspend(long, java.util.concurrent.TimeUnit):org.atmosphere.cpr.Meteor" />
			<role name="Request()" element="org.atmosphere.cpr.Meteor::resume():org.atmosphere.cpr.Meteor" />
			<role name="Request()" element="org.atmosphere.cpr.Meteor::broadcast(java.lang.Object):org.atmosphere.cpr.Meteor" />
			<role name="Request()" element="org.atmosphere.cpr.Meteor::schedule(java.lang.Object, long):org.atmosphere.cpr.Meteor" />
			<role name="Request()" element="org.atmosphere.cpr.Meteor::delayBroadadcast(java.lang.Object, long):org.atmosphere.cpr.Meteor" />
			<role name="Request()" element="org.atmosphere.cpr.Meteor::getBroadcaster():org.atmosphere.cpr.Broadcaster" />
			<role name="Request()" element="org.atmosphere.cpr.Meteor::setBroadcaster(org.atmosphere.cpr.Broadcaster):void" />
			<role name="Request()" element="org.atmosphere.cpr.Meteor::addListener(org.atmosphere.cpr.AtmosphereResourceEventListener):org.atmosphere.cpr.Meteor" />
			<role name="Request()" element="org.atmosphere.cpr.Meteor::removeListener(org.atmosphere.cpr.AtmosphereResourceEventListener):org.atmosphere.cpr.Meteor" />
			<role name="Request()" element="org.atmosphere.cpr.Meteor::getAtmosphereConfig():org.atmosphere.cpr.AtmosphereConfig" />
		</instance>
		<instance>
			<role name="Context" element="org.atmosphere.cpr.AtmosphereResourceImpl" />
			<role name="State" element="org.atmosphere.cpr.AsyncSupport" />
			<role name="state" element="org.atmosphere.cpr.AtmosphereResourceImpl::asyncSupport:org.atmosphere.cpr.AsyncSupport" />
			<role name="Request()" element="org.atmosphere.cpr.AtmosphereResourceImpl::resume():org.atmosphere.cpr.AtmosphereResource" />
			<role name="Request()" element="org.atmosphere.cpr.AtmosphereResourceImpl::suspend(long):org.atmosphere.cpr.AtmosphereResource" />
			<role name="Request()" element="org.atmosphere.cpr.AtmosphereResourceImpl::cancel():void" />
		</instance>
		<instance>
			<role name="State" element="org.atmosphere.cpr.BroadcasterFactory" />
			<role name="Context" element="org.atmosphere.cpr.AtmosphereFramework" />
			<role name="state" element="org.atmosphere.cpr.AtmosphereFramework::broadcasterFactory:org.atmosphere.cpr.BroadcasterFactory" />
			<role name="Request()" element="org.atmosphere.cpr.AtmosphereFramework::configureBroadcasterFactory():void" />
			<role name="Request()" element="org.atmosphere.cpr.AtmosphereFramework::configureBroadcaster():void" />
			<role name="Request()" element="org.atmosphere.cpr.AtmosphereFramework::detectSupportedFramework(javax.servlet.ServletConfig):boolean" />
			<role name="Request()" element="org.atmosphere.cpr.AtmosphereFramework::destroy():org.atmosphere.cpr.AtmosphereFramework" />
			<role name="Request()" element="org.atmosphere.cpr.AtmosphereFramework::loadAtmosphereDotXml(java.io.InputStream, java.lang.ClassLoader):void" />
			<role name="Request()" element="org.atmosphere.cpr.AtmosphereFramework::addBroadcasterListener(org.atmosphere.cpr.BroadcasterListener):org.atmosphere.cpr.AtmosphereFramework" />
		</instance>
		<instance>
			<role name="Context" element="org.atmosphere.cpr.AtmosphereResourceImpl" />
			<role name="State" element="org.atmosphere.cpr.Broadcaster" />
			<role name="state" element="org.atmosphere.cpr.AtmosphereResourceImpl::broadcaster:org.atmosphere.cpr.Broadcaster" />
			<role name="Request()" element="org.atmosphere.cpr.AtmosphereResourceImpl::getBroadcaster(boolean):org.atmosphere.cpr.Broadcaster" />
		</instance>
		<instance>
			<role name="State" element="org.atmosphere.cpr.AtmosphereResourceFactory" />
			<role name="Context" element="org.atmosphere.cpr.AtmosphereFramework" />
			<role name="state" element="org.atmosphere.cpr.AtmosphereFramework::arFactory:org.atmosphere.cpr.AtmosphereResourceFactory" />
			<role name="Request()" element="org.atmosphere.cpr.AtmosphereFramework::setAndConfigureAtmosphereResourceFactory(org.atmosphere.cpr.AtmosphereResourceFactory):void" />
			<role name="Request()" element="org.atmosphere.cpr.AtmosphereFramework::destroy():org.atmosphere.cpr.AtmosphereFramework" />
			<role name="Request()" element="org.atmosphere.cpr.AtmosphereFramework::configureAtmosphereResourceFactory():org.atmosphere.cpr.AtmosphereFramework" />
		</instance>
		<instance>
			<role name="State" element="org.atmosphere.cpr.AnnotationProcessor" />
			<role name="Context" element="org.atmosphere.cpr.AtmosphereFramework" />
			<role name="state" element="org.atmosphere.cpr.AtmosphereFramework::annotationProcessor:org.atmosphere.cpr.AnnotationProcessor" />
			<role name="Request()" element="org.atmosphere.cpr.AtmosphereFramework::autoConfigureService(javax.servlet.ServletContext):void" />
		</instance>
		<instance>
			<role name="Context" element="org.atmosphere.cpr.AtmosphereRequestImpl$CompletionAwareAsyncContext" />
			<role name="State" element="org.atmosphere.cpr.CompletionAware" />
			<role name="state" element="org.atmosphere.cpr.AtmosphereRequestImpl$CompletionAwareAsyncContext::callback:org.atmosphere.cpr.CompletionAware" />
			<role name="Request()" element="org.atmosphere.cpr.AtmosphereRequestImpl$CompletionAwareAsyncContext::complete():void" />
		</instance>
		<instance>
			<role name="Context" element="org.atmosphere.cpr.BroadcasterConfig" />
			<role name="State" element="org.atmosphere.cpr.BroadcasterCache" />
			<role name="state" element="org.atmosphere.cpr.BroadcasterConfig::broadcasterCache:org.atmosphere.cpr.BroadcasterCache" />
			<role name="Request()" element="org.atmosphere.cpr.BroadcasterConfig::configureBroadcasterCache():void" />
			<role name="Request()" element="org.atmosphere.cpr.BroadcasterConfig::destroy(boolean):void" />
		</instance>
		<instance>
			<role name="Context" element="org.atmosphere.cpr.AtmosphereResponseImpl" />
			<role name="State" element="org.atmosphere.cpr.AsyncIOWriter" />
			<role name="state" element="org.atmosphere.cpr.AtmosphereResponseImpl::asyncIOWriter:org.atmosphere.cpr.AsyncIOWriter" />
			<role name="Request()" element="org.atmosphere.cpr.AtmosphereResponseImpl::sendError(int, java.lang.String):void" />
			<role name="Request()" element="org.atmosphere.cpr.AtmosphereResponseImpl::sendError(int):void" />
			<role name="Request()" element="org.atmosphere.cpr.AtmosphereResponseImpl::sendRedirect(java.lang.String):void" />
			<role name="Request()" element="org.atmosphere.cpr.AtmosphereResponseImpl::writeStatusAndHeaders():void" />
			<role name="Request()" element="org.atmosphere.cpr.AtmosphereResponseImpl::close():void" />
			<role name="Request()" element="org.atmosphere.cpr.AtmosphereResponseImpl::writeWithBuffering(java.lang.Object):void" />
		</instance>
		<instance>
			<role name="State" element="org.atmosphere.websocket.WebSocket" />
			<role name="Context" element="org.atmosphere.cpr.AtmosphereResourceImpl" />
			<role name="state" element="org.atmosphere.cpr.AtmosphereResourceImpl::webSocket:org.atmosphere.websocket.WebSocket" />
			<role name="Request()" element="org.atmosphere.cpr.AtmosphereResourceImpl::close():void" />
			<role name="Request()" element="org.atmosphere.cpr.AtmosphereResourceImpl::dirtyClose():void" />
		</instance>
		<instance>
			<role name="Context" element="org.atmosphere.cpr.AtmosphereFramework$MetaServiceAction" />
			<role name="State" element="org.atmosphere.cpr.AtmosphereFramework$MetaServiceAction$MetaServiceProcedure" />
			<role name="state" element="org.atmosphere.cpr.AtmosphereFramework$MetaServiceAction::procedure:org.atmosphere.cpr.AtmosphereFramework$MetaServiceAction$MetaServiceProcedure" />
			<role name="Request()" element="org.atmosphere.cpr.AtmosphereFramework$MetaServiceAction::apply(org.atmosphere.cpr.AtmosphereFramework, java.lang.Class):void" />
		</instance>
		<instance>
			<role name="Context" element="org.atmosphere.cpr.AtmosphereResourceImpl" />
			<role name="State" element="org.atmosphere.cpr.AtmosphereRequest" />
			<role name="state" element="org.atmosphere.cpr.AtmosphereResourceImpl::req:org.atmosphere.cpr.AtmosphereRequest" />
			<role name="Request()" element="org.atmosphere.cpr.AtmosphereResourceImpl::initialize(org.atmosphere.cpr.AtmosphereConfig, org.atmosphere.cpr.Broadcaster, org.atmosphere.cpr.AtmosphereRequest, org.atmosphere.cpr.AtmosphereResponse, org.atmosphere.cpr.AsyncSupport, org.atmosphere.cpr.AtmosphereHandler):org.atmosphere.cpr.AtmosphereResource" />
			<role name="Request()" element="org.atmosphere.cpr.AtmosphereResourceImpl::configureTransport():org.atmosphere.cpr.AtmosphereResource$TRANSPORT" />
			<role name="Request()" element="org.atmosphere.cpr.AtmosphereResourceImpl::resumeOnBroadcast(boolean):org.atmosphere.cpr.AtmosphereResource" />
			<role name="Request()" element="org.atmosphere.cpr.AtmosphereResourceImpl::resumeOnBroadcast():boolean" />
			<role name="Request()" element="org.atmosphere.cpr.AtmosphereResourceImpl::resume():org.atmosphere.cpr.AtmosphereResource" />
			<role name="Request()" element="org.atmosphere.cpr.AtmosphereResourceImpl::suspend(long):org.atmosphere.cpr.AtmosphereResource" />
			<role name="Request()" element="org.atmosphere.cpr.AtmosphereResourceImpl::cancel():void" />
			<role name="Request()" element="org.atmosphere.cpr.AtmosphereResourceImpl::session(boolean):javax.servlet.http.HttpSession" />
		</instance>
		<instance>
			<role name="Context" element="org.atmosphere.cpr.AtmosphereResourceImpl" />
			<role name="State" element="org.atmosphere.cpr.AtmosphereResponse" />
			<role name="state" element="org.atmosphere.cpr.AtmosphereResourceImpl::response:org.atmosphere.cpr.AtmosphereResponse" />
			<role name="Request()" element="org.atmosphere.cpr.AtmosphereResourceImpl::initialize(org.atmosphere.cpr.AtmosphereConfig, org.atmosphere.cpr.Broadcaster, org.atmosphere.cpr.AtmosphereRequest, org.atmosphere.cpr.AtmosphereResponse, org.atmosphere.cpr.AsyncSupport, org.atmosphere.cpr.AtmosphereHandler):org.atmosphere.cpr.AtmosphereResource" />
			<role name="Request()" element="org.atmosphere.cpr.AtmosphereResourceImpl::suspend(long):org.atmosphere.cpr.AtmosphereResource" />
			<role name="Request()" element="org.atmosphere.cpr.AtmosphereResourceImpl::write(java.lang.String):org.atmosphere.cpr.AtmosphereResource" />
			<role name="Request()" element="org.atmosphere.cpr.AtmosphereResourceImpl::write(byte[]):org.atmosphere.cpr.AtmosphereResource" />
			<role name="Request()" element="org.atmosphere.cpr.AtmosphereResourceImpl::cancel():void" />
		</instance>
		<instance>
			<role name="Context" element="org.atmosphere.interceptor.SimpleRestInterceptor" />
			<role name="State" element="org.atmosphere.cpr.Broadcaster" />
			<role name="state" element="org.atmosphere.interceptor.SimpleRestInterceptor::heartbeat:org.atmosphere.cpr.Broadcaster" />
			<role name="Request()" element="org.atmosphere.interceptor.SimpleRestInterceptor::scheduleHeartbeat(org.atmosphere.cpr.AtmosphereResource):void" />
		</instance>
		<instance>
			<role name="Context" element="org.atmosphere.util.annotation.AnnotationDetector" />
			<role name="State" element="org.atmosphere.util.annotation.AnnotationDetector$FieldReporter" />
			<role name="state" element="org.atmosphere.util.annotation.AnnotationDetector::fieldReporter:org.atmosphere.util.annotation.AnnotationDetector$FieldReporter" />
			<role name="Request()" element="org.atmosphere.util.annotation.AnnotationDetector::readAnnotations(java.io.DataInput, char):void" />
		</instance>
		<instance>
			<role name="Context" element="org.atmosphere.util.annotation.AnnotationDetector" />
			<role name="State" element="org.atmosphere.util.annotation.AnnotationDetector$MethodReporter" />
			<role name="state" element="org.atmosphere.util.annotation.AnnotationDetector::methodReporter:org.atmosphere.util.annotation.AnnotationDetector$MethodReporter" />
			<role name="Request()" element="org.atmosphere.util.annotation.AnnotationDetector::readAnnotations(java.io.DataInput, char):void" />
		</instance>
		<instance>
			<role name="Context" element="org.atmosphere.util.annotation.AnnotationDetector" />
			<role name="State" element="org.atmosphere.util.annotation.AnnotationDetector$TypeReporter" />
			<role name="state" element="org.atmosphere.util.annotation.AnnotationDetector::typeReporter:org.atmosphere.util.annotation.AnnotationDetector$TypeReporter" />
			<role name="Request()" element="org.atmosphere.util.annotation.AnnotationDetector::readAnnotations(java.io.DataInput, char):void" />
		</instance>
		<instance>
			<role name="Context" element="org.atmosphere.container.GlassFishWebSocketHandler" />
			<role name="State" element="org.atmosphere.util.EndpointMapper" />
			<role name="state" element="org.atmosphere.container.GlassFishWebSocketHandler::mapper:org.atmosphere.util.EndpointMapper" />
			<role name="Request()" element="org.atmosphere.container.GlassFishWebSocketHandler::isApplicationRequest(com.sun.grizzly.tcp.Request):boolean" />
		</instance>
		<instance>
			<role name="Context" element="org.atmosphere.interceptor.AtmosphereResourceStateRecovery" />
			<role name="State" element="org.atmosphere.cpr.BroadcasterFactory" />
			<role name="state" element="org.atmosphere.interceptor.AtmosphereResourceStateRecovery::factory:org.atmosphere.cpr.BroadcasterFactory" />
			<role name="Request()" element="org.atmosphere.interceptor.AtmosphereResourceStateRecovery::configure(org.atmosphere.cpr.AtmosphereConfig):void" />
		</instance>
		<instance>
			<role name="State" element="org.atmosphere.cpr.MetaBroadcaster" />
			<role name="Context" element="org.atmosphere.cpr.AtmosphereFramework" />
			<role name="state" element="org.atmosphere.cpr.AtmosphereFramework::metaBroadcaster:org.atmosphere.cpr.MetaBroadcaster" />
			<role name="Request()" element="org.atmosphere.cpr.AtmosphereFramework::destroy():org.atmosphere.cpr.AtmosphereFramework" />
		</instance>
		<instance>
			<role name="Context" element="org.atmosphere.websocket.DefaultWebSocketProcessor" />
			<role name="State" element="org.atmosphere.websocket.WebSocketProtocol" />
			<role name="state" element="org.atmosphere.websocket.DefaultWebSocketProcessor::webSocketProtocol:org.atmosphere.websocket.WebSocketProtocol" />
			<role name="Request()" element="org.atmosphere.websocket.DefaultWebSocketProcessor::open(org.atmosphere.websocket.WebSocket, org.atmosphere.cpr.AtmosphereRequest, org.atmosphere.cpr.AtmosphereResponse):void" />
			<role name="Request()" element="org.atmosphere.websocket.DefaultWebSocketProcessor::invokeWebSocketProtocol(org.atmosphere.websocket.WebSocket, java.lang.String):void" />
			<role name="Request()" element="org.atmosphere.websocket.DefaultWebSocketProcessor::invokeWebSocketProtocol(org.atmosphere.websocket.WebSocket, byte[], int, int):void" />
			<role name="Request()" element="org.atmosphere.websocket.DefaultWebSocketProcessor::dispatch(org.atmosphere.websocket.WebSocket, org.atmosphere.cpr.AtmosphereRequest, org.atmosphere.cpr.AtmosphereResponse):void" />
			<role name="Request()" element="org.atmosphere.websocket.DefaultWebSocketProcessor::close(org.atmosphere.websocket.WebSocket, int):void" />
		</instance>
		<instance>
			<role name="Context" element="org.atmosphere.cpr.DefaultMetaBroadcaster" />
			<role name="State" element="org.atmosphere.cpr.MetaBroadcaster$MetaBroadcasterCache" />
			<role name="state" element="org.atmosphere.cpr.DefaultMetaBroadcaster::cache:org.atmosphere.cpr.MetaBroadcaster$MetaBroadcasterCache" />
			<role name="Request()" element="org.atmosphere.cpr.DefaultMetaBroadcaster::broadcast(java.lang.String, java.lang.Object, int, java.util.concurrent.TimeUnit, boolean, boolean):org.atmosphere.cpr.DefaultMetaBroadcaster$MetaBroadcasterFuture" />
			<role name="Request()" element="org.atmosphere.cpr.DefaultMetaBroadcaster::flushCache():org.atmosphere.cpr.MetaBroadcaster" />
		</instance>
		<instance>
			<role name="Context" element="org.atmosphere.cpr.MetaBroadcaster$ThirtySecondsCache" />
			<role name="State" element="org.atmosphere.cpr.MetaBroadcaster" />
			<role name="state" element="org.atmosphere.cpr.MetaBroadcaster$ThirtySecondsCache::metaBroadcaster:org.atmosphere.cpr.MetaBroadcaster" />
			<role name="Request()" element="org.atmosphere.cpr.MetaBroadcaster$ThirtySecondsCache::flushCache():org.atmosphere.cpr.MetaBroadcaster$MetaBroadcasterCache" />
		</instance>
		<instance>
			<role name="Context" element="org.atmosphere.cpr.AtmosphereResponseImpl" />
			<role name="State" element="org.atmosphere.cpr.AtmosphereRequest" />
			<role name="state" element="org.atmosphere.cpr.AtmosphereResponseImpl::atmosphereRequest:org.atmosphere.cpr.AtmosphereRequest" />
			<role name="Request()" element="org.atmosphere.cpr.AtmosphereResponseImpl::isUsingStream():boolean" />
			<role name="Request()" element="org.atmosphere.cpr.AtmosphereResponseImpl::resource():org.atmosphere.cpr.AtmosphereResource" />
			<role name="Request()" element="org.atmosphere.cpr.AtmosphereResponseImpl::isCompletionReset():boolean" />
			<role name="Request()" element="org.atmosphere.cpr.AtmosphereResponseImpl::isBuffering():boolean" />
		</instance>
		<instance>
			<role name="Context" element="org.atmosphere.pool.PoolableBroadcasterFactory" />
			<role name="State" element="org.atmosphere.pool.PoolableProvider" />
			<role name="state" element="org.atmosphere.pool.PoolableBroadcasterFactory::poolableProvider:org.atmosphere.pool.PoolableProvider" />
			<role name="Request()" element="org.atmosphere.pool.PoolableBroadcasterFactory::lookup(, java.lang.Object, boolean, boolean):org.atmosphere.cpr.Broadcaster" />
		</instance>
		<instance>
			<role name="Context" element="org.atmosphere.config.managed.ManagedAtmosphereHandler" />
			<role name="State" element="org.atmosphere.cpr.AtmosphereResourceFactory" />
			<role name="state" element="org.atmosphere.config.managed.ManagedAtmosphereHandler::resourcesFactory:org.atmosphere.cpr.AtmosphereResourceFactory" />
			<role name="Request()" element="org.atmosphere.config.managed.ManagedAtmosphereHandler::onRequest(org.atmosphere.cpr.AtmosphereResource):void" />
		</instance>
		<instance>
			<role name="Context" element="org.atmosphere.websocket.DefaultWebSocketProcessor" />
			<role name="State" element="org.atmosphere.util.EndpointMapper" />
			<role name="state" element="org.atmosphere.websocket.DefaultWebSocketProcessor::mapper:org.atmosphere.util.EndpointMapper" />
			<role name="Request()" element="org.atmosphere.websocket.DefaultWebSocketProcessor::open(org.atmosphere.websocket.WebSocket, org.atmosphere.cpr.AtmosphereRequest, org.atmosphere.cpr.AtmosphereResponse):void" />
		</instance>
		<instance>
			<role name="State" element="org.atmosphere.cpr.AtmosphereResourceSessionFactory" />
			<role name="Context" element="org.atmosphere.cpr.AtmosphereFramework" />
			<role name="state" element="org.atmosphere.cpr.AtmosphereFramework::sessionFactory:org.atmosphere.cpr.AtmosphereResourceSessionFactory" />
			<role name="Request()" element="org.atmosphere.cpr.AtmosphereFramework::destroy():org.atmosphere.cpr.AtmosphereFramework" />
		</instance>
		<instance>
			<role name="Context" element="org.atmosphere.cache.UUIDBroadcasterCache" />
			<role name="State" element="org.atmosphere.util.UUIDProvider" />
			<role name="state" element="org.atmosphere.cache.UUIDBroadcasterCache::uuidProvider:org.atmosphere.util.UUIDProvider" />
			<role name="Request()" element="org.atmosphere.cache.UUIDBroadcasterCache::addToCache(java.lang.String, java.lang.String, org.atmosphere.cache.BroadcastMessage):org.atmosphere.cache.CacheMessage" />
		</instance>
		<instance>
			<role name="Context" element="org.atmosphere.websocket.DefaultWebSocketFactory" />
			<role name="State" element="org.atmosphere.cpr.AtmosphereResourceFactory" />
			<role name="state" element="org.atmosphere.websocket.DefaultWebSocketFactory::factory:org.atmosphere.cpr.AtmosphereResourceFactory" />
			<role name="Request()" element="org.atmosphere.websocket.DefaultWebSocketFactory::find(java.lang.String):org.atmosphere.websocket.WebSocket" />
		</instance>
	</pattern>
	<pattern name="Strategy">
		<instance>
			<role name="Context" element="org.atmosphere.util.analytics.JGoogleAnalyticsTracker" />
			<role name="Strategy" element="org.atmosphere.util.analytics.URLBuildingStrategy" />
			<role name="strategy" element="org.atmosphere.util.analytics.JGoogleAnalyticsTracker::urlBuildingStrategy:org.atmosphere.util.analytics.URLBuildingStrategy" />
			<role name="ContextInterface()" element="org.atmosphere.util.analytics.JGoogleAnalyticsTracker::trackSynchronously(org.atmosphere.util.analytics.FocusPoint):void" />
		</instance>
	</pattern>
	<pattern name="Bridge">
		<instance>
			<role name="Abstraction" element="org.atmosphere.websocket.WebSocket" />
			<role name="Implementor" element="org.atmosphere.cpr.AtmosphereResource" />
			<role name="implementor" element="org.atmosphere.websocket.WebSocket::r:org.atmosphere.cpr.AtmosphereResource" />
			<role name="Operation()" element="org.atmosphere.websocket.WebSocket::resource(org.atmosphere.cpr.AtmosphereResource):org.atmosphere.websocket.WebSocket" />
			<role name="Operation()" element="org.atmosphere.websocket.WebSocket::transform(byte[], int, int):byte[]" />
			<role name="Operation()" element="org.atmosphere.websocket.WebSocket::broadcast(java.lang.Object):org.atmosphere.websocket.WebSocket" />
		</instance>
		<instance>
			<role name="Abstraction" element="org.atmosphere.cpr.AsynchronousProcessor" />
			<role name="Implementor" element="org.atmosphere.util.EndpointMapper" />
			<role name="implementor" element="org.atmosphere.cpr.AsynchronousProcessor::mapper:org.atmosphere.util.EndpointMapper" />
			<role name="Operation()" element="org.atmosphere.cpr.AsynchronousProcessor::map(org.atmosphere.cpr.AtmosphereRequest):org.atmosphere.cpr.AtmosphereFramework$AtmosphereHandlerWrapper" />
		</instance>
	</pattern>
	<pattern name="Template Method">
		<instance>
			<role name="AbstractClass" element="org.atmosphere.util.AbstractBroadcasterProxy" />
			<role name="TemplateMethod()" element="org.atmosphere.util.AbstractBroadcasterProxy::b(java.lang.Object):java.util.concurrent.Future" />
			<role name="TemplateMethod()" element="org.atmosphere.util.AbstractBroadcasterProxy::lambda$getBroadcastHandler$0():void" />
		</instance>
		<instance>
			<role name="AbstractClass" element="org.atmosphere.container.AbstractJetty9AsyncSupportWithWebSocket" />
			<role name="TemplateMethod()" element="org.atmosphere.container.AbstractJetty9AsyncSupportWithWebSocket::service(org.atmosphere.cpr.AtmosphereRequest, org.atmosphere.cpr.AtmosphereResponse):org.atmosphere.cpr.Action" />
		</instance>
		<instance>
			<role name="AbstractClass" element="org.atmosphere.handler.OnMessage" />
			<role name="TemplateMethod()" element="org.atmosphere.handler.OnMessage::onStateChange(org.atmosphere.cpr.AtmosphereResourceEvent):void" />
		</instance>
		<instance>
			<role name="AbstractClass" element="org.atmosphere.config.managed.ServiceInterceptor" />
			<role name="TemplateMethod()" element="org.atmosphere.config.managed.ServiceInterceptor::mapAnnotatedService(org.atmosphere.cpr.AtmosphereRequest, org.atmosphere.cpr.AtmosphereFramework$AtmosphereHandlerWrapper):void" />
		</instance>
		<instance>
			<role name="AbstractClass" element="org.atmosphere.websocket.WebSocket" />
			<role name="TemplateMethod()" element="org.atmosphere.websocket.WebSocket::write(org.atmosphere.cpr.AtmosphereResponse, java.lang.String):org.atmosphere.websocket.WebSocket" />
			<role name="TemplateMethod()" element="org.atmosphere.websocket.WebSocket::write(org.atmosphere.cpr.AtmosphereResponse, byte[], int, int):org.atmosphere.websocket.WebSocket" />
			<role name="TemplateMethod()" element="org.atmosphere.websocket.WebSocket::close(org.atmosphere.cpr.AtmosphereResponse):void" />
			<role name="TemplateMethod()" element="org.atmosphere.websocket.WebSocket::write(byte[]):org.atmosphere.websocket.WebSocket" />
		</instance>
	</pattern>
	<pattern name="Visitor" />
	<pattern name="Proxy">
		<instance>
			<role name="Proxy" element="org.atmosphere.annotation.AtmosphereServiceProcessor$1" />
			<role name="RealSubject" element="org.atmosphere.handler.ReflectorServletProcessor" />
			<role name="Request()" element="org.atmosphere.annotation.AtmosphereServiceProcessor$1::onRequest(org.atmosphere.cpr.AtmosphereResource):void" />
			<role name="Request()" element="org.atmosphere.annotation.AtmosphereServiceProcessor$1::destroy():void" />
			<role name="Request()" element="org.atmosphere.annotation.AtmosphereServiceProcessor$1::init(org.atmosphere.cpr.AtmosphereConfig):void" />
		</instance>
	</pattern>
	<pattern name="Proxy2" />
	<pattern name="Chain of Responsibility" />
</system>

