<?xml version="1.0" encoding="UTF-8"?>
<system>
	<pattern name="Factory Method">
		<instance>
			<role name="Creator" element="org.dynjs.compiler.BasicBlockCompiler" />
			<role name="FactoryMethod()" element="org.dynjs.compiler.BasicBlockCompiler::compile(org.dynjs.compiler.CompilationContext, java.lang.String, org.dynjs.parser.Statement, boolean):org.dynjs.runtime.BasicBlock" />
		</instance>
		<instance>
			<role name="Creator" element="org.dynjs.compiler.FunctionCompiler" />
			<role name="FactoryMethod()" element="org.dynjs.compiler.FunctionCompiler::compile(org.dynjs.compiler.CompilationContext, java.lang.String, java.lang.String[], org.dynjs.parser.Statement, boolean):org.dynjs.runtime.JSFunction" />
		</instance>
		<instance>
			<role name="Creator" element="org.dynjs.runtime.JSFunction" />
			<role name="FactoryMethod()" element="org.dynjs.runtime.JSFunction::createNewObject(org.dynjs.runtime.ExecutionContext):org.dynjs.runtime.JSObject" />
		</instance>
		<instance>
			<role name="Creator" element="org.dynjs.compiler.ProgramCompiler" />
			<role name="FactoryMethod()" element="org.dynjs.compiler.ProgramCompiler::compile(org.dynjs.compiler.CompilationContext, org.dynjs.parser.ast.ProgramTree, boolean):org.dynjs.runtime.JSProgram" />
		</instance>
		<instance>
			<role name="Creator" element="org.dynjs.runtime.linker.js.shadow.ShadowObjectManager" />
			<role name="FactoryMethod()" element="org.dynjs.runtime.linker.js.shadow.ShadowObjectManager::getShadowObject(java.lang.Object, boolean):org.dynjs.runtime.JSObject" />
		</instance>
	</pattern>
	<pattern name="Prototype" />
	<pattern name="Singleton">
		<instance>
			<role name="Singleton" element="org.dynjs.ir.Builder" />
			<role name="uniqueInstance" element="org.dynjs.ir.Builder::BUILDER:org.dynjs.ir.Builder" />
		</instance>
		<instance>
			<role name="Singleton" element="org.dynjs.runtime.linker.java.DereferencedReferenceFilter" />
			<role name="uniqueInstance" element="org.dynjs.runtime.linker.java.DereferencedReferenceFilter::INSTANCE:org.dynjs.runtime.linker.java.DereferencedReferenceFilter" />
		</instance>
		<instance>
			<role name="Singleton" element="org.dynjs.ir.operands.Label" />
			<role name="uniqueInstance" element="org.dynjs.ir.operands.Label::UNRESCUED_REGION_LABEL:org.dynjs.ir.operands.Label" />
		</instance>
		<instance>
			<role name="Singleton" element="org.dynjs.runtime.linker.java.NullReplacingFilter" />
			<role name="uniqueInstance" element="org.dynjs.runtime.linker.java.NullReplacingFilter::INSTANCE:org.dynjs.runtime.linker.java.NullReplacingFilter" />
		</instance>
		<instance>
			<role name="Singleton" element="org.dynjs.runtime.linker.java.ReferenceValueFilter" />
			<role name="uniqueInstance" element="org.dynjs.runtime.linker.java.ReferenceValueFilter::INSTANCE:org.dynjs.runtime.linker.java.ReferenceValueFilter" />
		</instance>
		<instance>
			<role name="Singleton" element="org.dynjs.SystemClock" />
			<role name="uniqueInstance" element="org.dynjs.SystemClock::INSTANCE:org.dynjs.SystemClock" />
		</instance>
		<instance>
			<role name="Singleton" element="org.dynjs.ir.operands.This" />
			<role name="uniqueInstance" element="org.dynjs.ir.operands.This::THIS:org.dynjs.ir.operands.This" />
		</instance>
	</pattern>
	<pattern name="(Object)Adapter">
		<instance>
			<role name="Adapter" element="org.dynjs.runtime.DynObject" />
			<role name="Adaptee" element="org.dynjs.runtime.ExternalIndexedData" />
			<role name="adaptee" element="org.dynjs.runtime.DynObject::externalIndexedData:org.dynjs.runtime.ExternalIndexedData" />
			<role name="Request()" element="org.dynjs.runtime.DynObject::get(org.dynjs.runtime.ExecutionContext, java.lang.String):java.lang.Object" />
			<role name="Request()" element="org.dynjs.runtime.DynObject::put(org.dynjs.runtime.ExecutionContext, java.lang.String, java.lang.Object, boolean):void" />
		</instance>
		<instance>
			<role name="Adaptee" element="org.dynjs.parser.ast.FunctionDescriptor" />
			<role name="Adapter" element="org.dynjs.parser.ast.FunctionExpression" />
			<role name="adaptee" element="org.dynjs.parser.ast.FunctionExpression::descriptor:org.dynjs.parser.ast.FunctionDescriptor" />
			<role name="Request()" element="org.dynjs.parser.ast.FunctionExpression::getPosition():org.dynjs.parser.js.Position" />
		</instance>
		<instance>
			<role name="Adapter" element="org.dynjs.runtime.ExecutionContext" />
			<role name="Adaptee" element="org.dynjs.runtime.DynJS" />
			<role name="adaptee" element="org.dynjs.runtime.ExecutionContext::runtime:org.dynjs.runtime.DynJS" />
			<role name="Request()" element="org.dynjs.runtime.ExecutionContext::getConfig():org.dynjs.Config" />
			<role name="Request()" element="org.dynjs.runtime.ExecutionContext::getGlobalContext():org.dynjs.runtime.GlobalContext" />
			<role name="Request()" element="org.dynjs.runtime.ExecutionContext::getCompiler():org.dynjs.compiler.JSCompiler" />
		</instance>
		<instance>
			<role name="Adapter" element="org.dynjs.compiler.DefaultCompilationContext" />
			<role name="Adaptee" element="org.dynjs.Config" />
			<role name="adaptee" element="org.dynjs.compiler.DefaultCompilationContext::config:org.dynjs.Config" />
			<role name="Request()" element="org.dynjs.compiler.DefaultCompilationContext::getClassLoader():org.dynjs.runtime.DynamicClassLoader" />
		</instance>
		<instance>
			<role name="Adaptee" element="org.dynjs.runtime.builtins.Require" />
			<role name="Adapter" element="org.dynjs.runtime.modules.FilesystemModuleProvider" />
			<role name="adaptee" element="org.dynjs.runtime.modules.FilesystemModuleProvider::nativeRequire:org.dynjs.runtime.builtins.Require" />
			<role name="Request()" element="org.dynjs.runtime.modules.FilesystemModuleProvider::load(org.dynjs.runtime.ExecutionContext, java.lang.String):boolean" />
			<role name="Request()" element="org.dynjs.runtime.modules.FilesystemModuleProvider::generateModuleID(org.dynjs.runtime.ExecutionContext, java.lang.String):java.lang.String" />
		</instance>
		<instance>
			<role name="Adaptee" element="org.dynjs.parser.js.Lexer" />
			<role name="Adapter" element="org.dynjs.parser.js.TokenQueue" />
			<role name="adaptee" element="org.dynjs.parser.js.TokenQueue::lexer:org.dynjs.parser.js.Lexer" />
			<role name="Request()" element="org.dynjs.parser.js.TokenQueue::peekToken(boolean, int):org.dynjs.parser.js.Token" />
			<role name="Request()" element="org.dynjs.parser.js.TokenQueue::consume(boolean):org.dynjs.parser.js.Token" />
		</instance>
		<instance>
			<role name="Adaptee" element="org.dynjs.parser.ast.Expression" />
			<role name="Adapter" element="org.dynjs.parser.ast.NamedValue" />
			<role name="adaptee" element="org.dynjs.parser.ast.NamedValue::expr:org.dynjs.parser.ast.Expression" />
			<role name="Request()" element="org.dynjs.parser.ast.NamedValue::getSizeMetric():int" />
		</instance>
		<instance>
			<role name="Adaptee" element="org.dynjs.ir.FunctionScope" />
			<role name="Adapter" element="org.dynjs.ir.IRJSFunction" />
			<role name="adaptee" element="org.dynjs.ir.IRJSFunction::scope:org.dynjs.ir.FunctionScope" />
			<role name="Request()" element="org.dynjs.ir.IRJSFunction::getFormalParameters():java.lang.String[]" />
			<role name="Request()" element="org.dynjs.ir.IRJSFunction::getFileName():java.lang.String" />
		</instance>
		<instance>
			<role name="Adaptee" element="org.dynjs.parser.Statement" />
			<role name="Adapter" element="org.dynjs.runtime.interp.InterpretedBasicBlock" />
			<role name="adaptee" element="org.dynjs.runtime.interp.InterpretedBasicBlock::body:org.dynjs.parser.Statement" />
			<role name="Request()" element="org.dynjs.runtime.interp.InterpretedBasicBlock::call(org.dynjs.runtime.ExecutionContext):org.dynjs.runtime.Completion" />
			<role name="Request()" element="org.dynjs.runtime.interp.InterpretedBasicBlock::getFileName():java.lang.String" />
			<role name="Request()" element="org.dynjs.runtime.interp.InterpretedBasicBlock::getVariableDeclarations():java.util.List" />
			<role name="Request()" element="org.dynjs.runtime.interp.InterpretedBasicBlock::getFunctionDeclarations():java.util.List" />
		</instance>
		<instance>
			<role name="Adaptee" element="org.dynjs.runtime.BasicBlock" />
			<role name="Adapter" element="org.dynjs.runtime.wrapper.JavascriptProgram" />
			<role name="adaptee" element="org.dynjs.runtime.wrapper.JavascriptProgram::code:org.dynjs.runtime.BasicBlock" />
			<role name="Request()" element="org.dynjs.runtime.wrapper.JavascriptProgram::execute(org.dynjs.runtime.ExecutionContext):org.dynjs.runtime.Completion" />
			<role name="Request()" element="org.dynjs.runtime.wrapper.JavascriptProgram::getFileName():java.lang.String" />
		</instance>
		<instance>
			<role name="Adaptee" element="org.dynjs.runtime.JSObject" />
			<role name="Adapter" element="org.dynjs.runtime.ObjectEnvironmentRecord" />
			<role name="adaptee" element="org.dynjs.runtime.ObjectEnvironmentRecord::object:org.dynjs.runtime.JSObject" />
			<role name="Request()" element="org.dynjs.runtime.ObjectEnvironmentRecord::hasBinding(org.dynjs.runtime.ExecutionContext, java.lang.String):boolean" />
			<role name="Request()" element="org.dynjs.runtime.ObjectEnvironmentRecord::createMutableBinding(org.dynjs.runtime.ExecutionContext, java.lang.String, boolean):void" />
			<role name="Request()" element="org.dynjs.runtime.ObjectEnvironmentRecord::setMutableBinding(org.dynjs.runtime.ExecutionContext, java.lang.String, java.lang.Object, boolean):void" />
			<role name="Request()" element="org.dynjs.runtime.ObjectEnvironmentRecord::getBindingValue(org.dynjs.runtime.ExecutionContext, java.lang.String, boolean):java.lang.Object" />
			<role name="Request()" element="org.dynjs.runtime.ObjectEnvironmentRecord::deleteBinding(org.dynjs.runtime.ExecutionContext, java.lang.String):boolean" />
		</instance>
		<instance>
			<role name="Adaptee" element="org.dynjs.ir.Scope" />
			<role name="Adapter" element="org.dynjs.ir.IRJSProgram" />
			<role name="adaptee" element="org.dynjs.ir.IRJSProgram::scope:org.dynjs.ir.Scope" />
			<role name="Request()" element="org.dynjs.ir.IRJSProgram::execute(org.dynjs.runtime.ExecutionContext):org.dynjs.runtime.Completion" />
			<role name="Request()" element="org.dynjs.ir.IRJSProgram::getFileName():java.lang.String" />
		</instance>
		<instance>
			<role name="Adaptee" element="org.dynjs.debugger.requests.Request" />
			<role name="Adapter" element="org.dynjs.debugger.requests.AbstractResponse" />
			<role name="adaptee" element="org.dynjs.debugger.requests.AbstractResponse::request:org.dynjs.debugger.requests.Request" />
			<role name="Request()" element="org.dynjs.debugger.requests.AbstractResponse::getCommand():java.lang.String" />
		</instance>
		<instance>
			<role name="Adaptee" element="org.dynjs.parser.Statement" />
			<role name="Adapter" element="org.dynjs.parser.ast.PropertyAccessor" />
			<role name="adaptee" element="org.dynjs.parser.ast.PropertyAccessor::block:org.dynjs.parser.Statement" />
			<role name="Request()" element="org.dynjs.parser.ast.PropertyAccessor::getSizeMetric():int" />
		</instance>
	</pattern>
	<pattern name="Command" />
	<pattern name="Composite" />
	<pattern name="Decorator">
		<instance>
			<role name="Component" element="org.dynjs.parser.ast.Expression" />
			<role name="Decorator" element="org.dynjs.parser.ast.AbstractBinaryExpression" />
			<role name="component" element="org.dynjs.parser.ast.AbstractBinaryExpression::lhs:org.dynjs.parser.ast.Expression" />
			<role name="component" element="org.dynjs.parser.ast.AbstractBinaryExpression::rhs:org.dynjs.parser.ast.Expression" />
			<role name="Operation()" element="org.dynjs.parser.ast.AbstractBinaryExpression::getPosition():org.dynjs.parser.js.Position" />
			<role name="Operation()" element="org.dynjs.parser.ast.AbstractBinaryExpression::getFunctionDeclarations():java.util.List" />
			<role name="Operation()" element="org.dynjs.parser.ast.AbstractBinaryExpression::dump(java.lang.String):java.lang.String" />
			<role name="Operation()" element="org.dynjs.parser.ast.AbstractBinaryExpression::getSizeMetric():int" />
		</instance>
		<instance>
			<role name="Component" element="org.dynjs.parser.ast.Expression" />
			<role name="Decorator" element="org.dynjs.parser.ast.AbstractUnaryOperatorExpression" />
			<role name="component" element="org.dynjs.parser.ast.AbstractUnaryOperatorExpression::expr:org.dynjs.parser.ast.Expression" />
			<role name="Operation()" element="org.dynjs.parser.ast.AbstractUnaryOperatorExpression::getPosition():org.dynjs.parser.js.Position" />
			<role name="Operation()" element="org.dynjs.parser.ast.AbstractUnaryOperatorExpression::getFunctionDeclarations():java.util.List" />
			<role name="Operation()" element="org.dynjs.parser.ast.AbstractUnaryOperatorExpression::getSizeMetric():int" />
		</instance>
		<instance>
			<role name="Component" element="org.dynjs.parser.ast.Expression" />
			<role name="Decorator" element="org.dynjs.parser.ast.DotExpression" />
			<role name="component" element="org.dynjs.parser.ast.DotExpression::lhs:org.dynjs.parser.ast.Expression" />
			<role name="Operation()" element="org.dynjs.parser.ast.DotExpression::getPosition():org.dynjs.parser.js.Position" />
			<role name="Operation()" element="org.dynjs.parser.ast.DotExpression::getSizeMetric():int" />
		</instance>
		<instance>
			<role name="Component" element="org.dynjs.parser.ast.Expression" />
			<role name="Decorator" element="org.dynjs.parser.ast.FunctionCallExpression" />
			<role name="component" element="org.dynjs.parser.ast.FunctionCallExpression::memberExpr:org.dynjs.parser.ast.Expression" />
			<role name="Operation()" element="org.dynjs.parser.ast.FunctionCallExpression::getPosition():org.dynjs.parser.js.Position" />
			<role name="Operation()" element="org.dynjs.parser.ast.FunctionCallExpression::getSizeMetric():int" />
			<role name="Operation()" element="org.dynjs.parser.ast.FunctionCallExpression::dump(java.lang.String):java.lang.String" />
		</instance>
		<instance>
			<role name="Component" element="org.dynjs.parser.ast.Expression" />
			<role name="Decorator" element="org.dynjs.parser.ast.TernaryExpression" />
			<role name="component" element="org.dynjs.parser.ast.TernaryExpression::vbool:org.dynjs.parser.ast.Expression" />
			<role name="component" element="org.dynjs.parser.ast.TernaryExpression::vthen:org.dynjs.parser.ast.Expression" />
			<role name="component" element="org.dynjs.parser.ast.TernaryExpression::velse:org.dynjs.parser.ast.Expression" />
			<role name="Operation()" element="org.dynjs.parser.ast.TernaryExpression::getPosition():org.dynjs.parser.js.Position" />
			<role name="Operation()" element="org.dynjs.parser.ast.TernaryExpression::getSizeMetric():int" />
		</instance>
		<instance>
			<role name="Decorator" element="org.dynjs.parser.ast.AbstractForInStatement" />
			<role name="Component" element="org.dynjs.parser.Statement" />
			<role name="component" element="org.dynjs.parser.ast.AbstractForInStatement::block:org.dynjs.parser.Statement" />
			<role name="Operation()" element="org.dynjs.parser.ast.AbstractForInStatement::getVariableDeclarations():java.util.List" />
			<role name="Operation()" element="org.dynjs.parser.ast.AbstractForInStatement::getFunctionDeclarations():java.util.List" />
		</instance>
		<instance>
			<role name="Decorator" element="org.dynjs.parser.ast.AbstractForStatement" />
			<role name="Component" element="org.dynjs.parser.Statement" />
			<role name="component" element="org.dynjs.parser.ast.AbstractForStatement::block:org.dynjs.parser.Statement" />
			<role name="Operation()" element="org.dynjs.parser.ast.AbstractForStatement::getVariableDeclarations():java.util.List" />
			<role name="Operation()" element="org.dynjs.parser.ast.AbstractForStatement::getFunctionDeclarations():java.util.List" />
			<role name="Operation()" element="org.dynjs.parser.ast.AbstractForStatement::dump(java.lang.String):java.lang.String" />
		</instance>
		<instance>
			<role name="Decorator" element="org.dynjs.parser.ast.DoWhileStatement" />
			<role name="Component" element="org.dynjs.parser.Statement" />
			<role name="component" element="org.dynjs.parser.ast.DoWhileStatement::block:org.dynjs.parser.Statement" />
			<role name="Operation()" element="org.dynjs.parser.ast.DoWhileStatement::getVariableDeclarations():java.util.List" />
			<role name="Operation()" element="org.dynjs.parser.ast.DoWhileStatement::getFunctionDeclarations():java.util.List" />
		</instance>
		<instance>
			<role name="Decorator" element="org.dynjs.parser.ast.IfStatement" />
			<role name="Component" element="org.dynjs.parser.Statement" />
			<role name="component" element="org.dynjs.parser.ast.IfStatement::thenBlock:org.dynjs.parser.Statement" />
			<role name="component" element="org.dynjs.parser.ast.IfStatement::elseBlock:org.dynjs.parser.Statement" />
			<role name="Operation()" element="org.dynjs.parser.ast.IfStatement::getVariableDeclarations():java.util.List" />
			<role name="Operation()" element="org.dynjs.parser.ast.IfStatement::toIndentedString(java.lang.String):java.lang.String" />
			<role name="Operation()" element="org.dynjs.parser.ast.IfStatement::dump(java.lang.String):java.lang.String" />
		</instance>
		<instance>
			<role name="Decorator" element="org.dynjs.parser.ast.TryStatement" />
			<role name="Component" element="org.dynjs.parser.Statement" />
			<role name="component" element="org.dynjs.parser.ast.TryStatement::tryBlock:org.dynjs.parser.Statement" />
			<role name="component" element="org.dynjs.parser.ast.TryStatement::finallyBlock:org.dynjs.parser.Statement" />
			<role name="Operation()" element="org.dynjs.parser.ast.TryStatement::getFunctionDeclarations():java.util.List" />
			<role name="Operation()" element="org.dynjs.parser.ast.TryStatement::getVariableDeclarations():java.util.List" />
			<role name="Operation()" element="org.dynjs.parser.ast.TryStatement::toIndentedString(java.lang.String):java.lang.String" />
		</instance>
		<instance>
			<role name="Decorator" element="org.dynjs.parser.ast.WhileStatement" />
			<role name="Component" element="org.dynjs.parser.Statement" />
			<role name="component" element="org.dynjs.parser.ast.WhileStatement::vloop:org.dynjs.parser.Statement" />
			<role name="Operation()" element="org.dynjs.parser.ast.WhileStatement::getVariableDeclarations():java.util.List" />
			<role name="Operation()" element="org.dynjs.parser.ast.WhileStatement::getFunctionDeclarations():java.util.List" />
			<role name="Operation()" element="org.dynjs.parser.ast.WhileStatement::toIndentedString(java.lang.String):java.lang.String" />
		</instance>
		<instance>
			<role name="Decorator" element="org.dynjs.parser.ast.WithStatement" />
			<role name="Component" element="org.dynjs.parser.Statement" />
			<role name="component" element="org.dynjs.parser.ast.WithStatement::block:org.dynjs.parser.Statement" />
			<role name="Operation()" element="org.dynjs.parser.ast.WithStatement::getVariableDeclarations():java.util.List" />
			<role name="Operation()" element="org.dynjs.parser.ast.WithStatement::toIndentedString(java.lang.String):java.lang.String" />
		</instance>
		<instance>
			<role name="Component" element="org.dynjs.runtime.JSObject" />
			<role name="Decorator" element="org.dynjs.runtime.Arguments" />
			<role name="component" element="org.dynjs.runtime.Arguments::map:org.dynjs.runtime.JSObject" />
			<role name="Operation()" element="org.dynjs.runtime.Arguments::get(org.dynjs.runtime.ExecutionContext, java.lang.String):java.lang.Object" />
			<role name="Operation()" element="org.dynjs.runtime.Arguments::getOwnProperty(org.dynjs.runtime.ExecutionContext, java.lang.String, boolean):java.lang.Object" />
			<role name="Operation()" element="org.dynjs.runtime.Arguments::delete(org.dynjs.runtime.ExecutionContext, java.lang.String, boolean):boolean" />
		</instance>
		<instance>
			<role name="Component" element="org.dynjs.runtime.JSObject" />
			<role name="Decorator" element="org.dynjs.runtime.DynObject" />
			<role name="component" element="org.dynjs.runtime.DynObject::prototype:org.dynjs.runtime.JSObject" />
			<role name="Operation()" element="org.dynjs.runtime.DynObject::getProperty(org.dynjs.runtime.ExecutionContext, java.lang.String, boolean):java.lang.Object" />
			<role name="Operation()" element="org.dynjs.runtime.DynObject::getAllEnumerablePropertyNames():org.dynjs.runtime.NameEnumerator" />
		</instance>
		<instance>
			<role name="Component" element="org.dynjs.runtime.JSObject" />
			<role name="Decorator" element="org.dynjs.runtime.java.JSAdapter$JSAdapterObject" />
			<role name="component" element="org.dynjs.runtime.java.JSAdapter$JSAdapterObject::overrides:org.dynjs.runtime.JSObject" />
			<role name="component" element="org.dynjs.runtime.java.JSAdapter$JSAdapterObject::adaptee:org.dynjs.runtime.JSObject" />
			<role name="Operation()" element="org.dynjs.runtime.java.JSAdapter$JSAdapterObject::get(org.dynjs.runtime.ExecutionContext, java.lang.String):java.lang.Object" />
			<role name="Operation()" element="org.dynjs.runtime.java.JSAdapter$JSAdapterObject::put(org.dynjs.runtime.ExecutionContext, java.lang.String, java.lang.Object, boolean):void" />
		</instance>
		<instance>
			<role name="Component" element="org.dynjs.runtime.JSFunction" />
			<role name="Decorator" element="org.dynjs.runtime.BoundFunction" />
			<role name="component" element="org.dynjs.runtime.BoundFunction::target:org.dynjs.runtime.JSFunction" />
			<role name="Operation()" element="org.dynjs.runtime.BoundFunction::hasInstance(org.dynjs.runtime.ExecutionContext, java.lang.Object):boolean" />
			<role name="Operation()" element="org.dynjs.runtime.BoundFunction::createNewObject(org.dynjs.runtime.ExecutionContext):org.dynjs.runtime.JSObject" />
			<role name="Operation()" element="org.dynjs.runtime.BoundFunction::getFileName():java.lang.String" />
			<role name="Operation()" element="org.dynjs.runtime.BoundFunction::getDebugContext():java.lang.String" />
		</instance>
		<instance>
			<role name="Component" element="org.dynjs.runtime.BasicBlock" />
			<role name="Decorator" element="org.dynjs.runtime.BasicBlockDelegate" />
			<role name="component" element="org.dynjs.runtime.BasicBlockDelegate::delegate:org.dynjs.runtime.BasicBlock" />
			<role name="Operation()" element="org.dynjs.runtime.BasicBlockDelegate::call(org.dynjs.runtime.ExecutionContext):org.dynjs.runtime.Completion" />
			<role name="Operation()" element="org.dynjs.runtime.BasicBlockDelegate::getVariableDeclarations():java.util.List" />
			<role name="Operation()" element="org.dynjs.runtime.BasicBlockDelegate::getFunctionDeclarations():java.util.List" />
			<role name="Operation()" element="org.dynjs.runtime.BasicBlockDelegate::getFileName():java.lang.String" />
			<role name="Operation()" element="org.dynjs.runtime.BasicBlockDelegate::isStrict():boolean" />
		</instance>
	</pattern>
	<pattern name="Observer" />
	<pattern name="State">
		<instance>
			<role name="State" element="org.dynjs.runtime.JSObject" />
			<role name="Context" element="org.dynjs.runtime.GlobalContext" />
			<role name="state" element="org.dynjs.runtime.GlobalContext::objectPrototype:org.dynjs.runtime.JSObject" />
			<role name="state" element="org.dynjs.runtime.GlobalContext::object:org.dynjs.runtime.JSObject" />
			<role name="Request()" element="org.dynjs.runtime.GlobalContext::initialize():void" />
			<role name="Request()" element="org.dynjs.runtime.GlobalContext::registerBuiltinType(java.lang.String, org.dynjs.runtime.builtins.types.AbstractBuiltinType):void" />
			<role name="Request()" element="org.dynjs.runtime.GlobalContext::defineGlobalProperty(java.lang.String, java.lang.Object):void" />
			<role name="Request()" element="org.dynjs.runtime.GlobalContext::defineGlobalProperty(java.lang.String, java.lang.Object, boolean):void" />
			<role name="Request()" element="org.dynjs.runtime.GlobalContext::defineReadOnlyGlobalProperty(java.lang.String, java.lang.Object, boolean):void" />
			<role name="Request()" element="org.dynjs.runtime.GlobalContext::defineNonEnumerableProperty(org.dynjs.runtime.GlobalContext, java.lang.String, java.lang.Object):void" />
			<role name="Request()" element="org.dynjs.runtime.GlobalContext::getPrototypeFor(java.lang.String):org.dynjs.runtime.JSObject" />
			<role name="Request()" element="org.dynjs.runtime.GlobalContext::getThrowTypeError():org.dynjs.runtime.JSFunction" />
			<role name="Request()" element="org.dynjs.runtime.GlobalContext::getType(java.lang.String):org.dynjs.runtime.JSFunction" />
		</instance>
		<instance>
			<role name="State" element="org.dynjs.runtime.JSObject" />
			<role name="Context" element="org.dynjs.runtime.builtins.types.array.prototype.SortComparator" />
			<role name="state" element="org.dynjs.runtime.builtins.types.array.prototype.SortComparator::o:org.dynjs.runtime.JSObject" />
			<role name="Request()" element="org.dynjs.runtime.builtins.types.array.prototype.SortComparator::compare(java.lang.Long, java.lang.Long):int" />
		</instance>
		<instance>
			<role name="State" element="org.dynjs.runtime.JSObject" />
			<role name="Context" element="org.dynjs.runtime.linker.java.JSInvocationHandler" />
			<role name="state" element="org.dynjs.runtime.linker.java.JSInvocationHandler::implementation:org.dynjs.runtime.JSObject" />
			<role name="Request()" element="org.dynjs.runtime.linker.java.JSInvocationHandler::invoke(java.lang.Object, java.lang.reflect.Method, java.lang.Object[]):java.lang.Object" />
		</instance>
		<instance>
			<role name="Context" element="org.dynjs.runtime.ExecutionContext" />
			<role name="State" element="org.dynjs.runtime.JSFunction" />
			<role name="state" element="org.dynjs.runtime.ExecutionContext::function:org.dynjs.runtime.JSFunction" />
			<role name="Request()" element="org.dynjs.runtime.ExecutionContext::createFunctionExecutionContext(boolean, java.lang.Object, org.dynjs.runtime.JSFunction, java.lang.Object, java.lang.Object[]):org.dynjs.runtime.ExecutionContext" />
		</instance>
		<instance>
			<role name="Context" element="org.dynjs.parser.ast.VariableDeclaration" />
			<role name="State" element="org.dynjs.parser.ast.Expression" />
			<role name="state" element="org.dynjs.parser.ast.VariableDeclaration::expr:org.dynjs.parser.ast.Expression" />
			<role name="Request()" element="org.dynjs.parser.ast.VariableDeclaration::dump(java.lang.String):java.lang.String" />
			<role name="Request()" element="org.dynjs.parser.ast.VariableDeclaration::interpret(org.dynjs.runtime.ExecutionContext, boolean):java.lang.String" />
			<role name="Request()" element="org.dynjs.parser.ast.VariableDeclaration::getSizeMetric():int" />
		</instance>
		<instance>
			<role name="State" element="org.dynjs.parser.Statement" />
			<role name="Context" element="org.dynjs.debugger.Debugger" />
			<role name="state" element="org.dynjs.debugger.Debugger::currentStatement:org.dynjs.parser.Statement" />
			<role name="Request()" element="org.dynjs.debugger.Debugger::debug(org.dynjs.runtime.ExecutionContext, org.dynjs.parser.Statement, org.dynjs.parser.Statement):void" />
			<role name="Request()" element="org.dynjs.debugger.Debugger::suspend():void" />
		</instance>
		<instance>
			<role name="State" element="org.dynjs.parser.Statement" />
			<role name="Context" element="org.dynjs.parser.ast.CatchClause" />
			<role name="state" element="org.dynjs.parser.ast.CatchClause::block:org.dynjs.parser.Statement" />
			<role name="Request()" element="org.dynjs.parser.ast.CatchClause::toIndentedString(java.lang.String):java.lang.String" />
			<role name="Request()" element="org.dynjs.parser.ast.CatchClause::dump(java.lang.String):java.lang.String" />
			<role name="Request()" element="org.dynjs.parser.ast.CatchClause::getVariableDeclarations():java.util.Collection" />
		</instance>
		<instance>
			<role name="State" element="org.dynjs.compiler.CompilationContext" />
			<role name="Context" element="org.dynjs.runtime.Compiler" />
			<role name="state" element="org.dynjs.runtime.Compiler::compilationContext:org.dynjs.compiler.CompilationContext" />
			<role name="Request()" element="org.dynjs.runtime.Compiler::compilationContext():org.dynjs.compiler.CompilationContext" />
		</instance>
		<instance>
			<role name="State" element="org.dynjs.compiler.CompilationContext" />
			<role name="Context" element="org.dynjs.parser.js.Parser" />
			<role name="state" element="org.dynjs.parser.js.Parser::compilationContext:org.dynjs.compiler.CompilationContext" />
			<role name="Request()" element="org.dynjs.parser.js.Parser::checkAssignmentLHS(org.dynjs.parser.ast.Expression):void" />
			<role name="Request()" element="org.dynjs.parser.js.Parser::unaryExpression():org.dynjs.parser.ast.Expression" />
		</instance>
		<instance>
			<role name="Context" element="org.dynjs.parser.ast.DoWhileStatement" />
			<role name="State" element="org.dynjs.parser.ast.Expression" />
			<role name="state" element="org.dynjs.parser.ast.DoWhileStatement::test:org.dynjs.parser.ast.Expression" />
			<role name="Request()" element="org.dynjs.parser.ast.DoWhileStatement::getSizeMetric():int" />
		</instance>
		<instance>
			<role name="Context" element="org.dynjs.parser.ast.IfStatement" />
			<role name="State" element="org.dynjs.parser.ast.Expression" />
			<role name="state" element="org.dynjs.parser.ast.IfStatement::testExpr:org.dynjs.parser.ast.Expression" />
			<role name="Request()" element="org.dynjs.parser.ast.IfStatement::dump(java.lang.String):java.lang.String" />
			<role name="Request()" element="org.dynjs.parser.ast.IfStatement::getSizeMetric():int" />
		</instance>
		<instance>
			<role name="Context" element="org.dynjs.parser.ast.WhileStatement" />
			<role name="State" element="org.dynjs.parser.ast.Expression" />
			<role name="state" element="org.dynjs.parser.ast.WhileStatement::vbool:org.dynjs.parser.ast.Expression" />
			<role name="Request()" element="org.dynjs.parser.ast.WhileStatement::getSizeMetric():int" />
		</instance>
		<instance>
			<role name="Context" element="org.dynjs.parser.ast.WithStatement" />
			<role name="State" element="org.dynjs.parser.ast.Expression" />
			<role name="state" element="org.dynjs.parser.ast.WithStatement::expr:org.dynjs.parser.ast.Expression" />
			<role name="Request()" element="org.dynjs.parser.ast.WithStatement::getSizeMetric():int" />
		</instance>
		<instance>
			<role name="Context" element="org.dynjs.parser.ast.ExpressionStatement" />
			<role name="State" element="org.dynjs.parser.ast.Expression" />
			<role name="state" element="org.dynjs.parser.ast.ExpressionStatement::expr:org.dynjs.parser.ast.Expression" />
			<role name="Request()" element="org.dynjs.parser.ast.ExpressionStatement::getPosition():org.dynjs.parser.js.Position" />
			<role name="Request()" element="org.dynjs.parser.ast.ExpressionStatement::getSizeMetric():int" />
			<role name="Request()" element="org.dynjs.parser.ast.ExpressionStatement::dump(java.lang.String):java.lang.String" />
			<role name="Request()" element="org.dynjs.parser.ast.ExpressionStatement::getFunctionDeclarations():java.util.List" />
		</instance>
		<instance>
			<role name="Context" element="org.dynjs.parser.ast.ForExprInStatement" />
			<role name="State" element="org.dynjs.parser.ast.Expression" />
			<role name="state" element="org.dynjs.parser.ast.ForExprInStatement::expr:org.dynjs.parser.ast.Expression" />
			<role name="Request()" element="org.dynjs.parser.ast.ForExprInStatement::getSizeMetric():int" />
		</instance>
		<instance>
			<role name="Context" element="org.dynjs.parser.ast.ForExprOfStatement" />
			<role name="State" element="org.dynjs.parser.ast.Expression" />
			<role name="state" element="org.dynjs.parser.ast.ForExprOfStatement::expr:org.dynjs.parser.ast.Expression" />
			<role name="Request()" element="org.dynjs.parser.ast.ForExprOfStatement::getSizeMetric():int" />
		</instance>
		<instance>
			<role name="Context" element="org.dynjs.parser.ast.ForExprStatement" />
			<role name="State" element="org.dynjs.parser.ast.Expression" />
			<role name="state" element="org.dynjs.parser.ast.ForExprStatement::initialize:org.dynjs.parser.ast.Expression" />
			<role name="Request()" element="org.dynjs.parser.ast.ForExprStatement::getSizeMetric():int" />
		</instance>
		<instance>
			<role name="Context" element="org.dynjs.parser.ast.ReturnStatement" />
			<role name="State" element="org.dynjs.parser.ast.Expression" />
			<role name="state" element="org.dynjs.parser.ast.ReturnStatement::expr:org.dynjs.parser.ast.Expression" />
			<role name="Request()" element="org.dynjs.parser.ast.ReturnStatement::getSizeMetric():int" />
			<role name="Request()" element="org.dynjs.parser.ast.ReturnStatement::interpret(org.dynjs.runtime.ExecutionContext, boolean):org.dynjs.runtime.Completion" />
			<role name="Request()" element="org.dynjs.parser.ast.ReturnStatement::dump(java.lang.String):java.lang.String" />
		</instance>
		<instance>
			<role name="Context" element="org.dynjs.parser.ast.SwitchStatement" />
			<role name="State" element="org.dynjs.parser.ast.Expression" />
			<role name="state" element="org.dynjs.parser.ast.SwitchStatement::expr:org.dynjs.parser.ast.Expression" />
			<role name="Request()" element="org.dynjs.parser.ast.SwitchStatement::getSizeMetric():int" />
		</instance>
		<instance>
			<role name="Context" element="org.dynjs.parser.ast.ThrowStatement" />
			<role name="State" element="org.dynjs.parser.ast.Expression" />
			<role name="state" element="org.dynjs.parser.ast.ThrowStatement::expr:org.dynjs.parser.ast.Expression" />
			<role name="Request()" element="org.dynjs.parser.ast.ThrowStatement::getSizeMetric():int" />
		</instance>
		<instance>
			<role name="Context" element="org.dynjs.compiler.JSCompiler" />
			<role name="State" element="org.dynjs.compiler.BasicBlockCompiler" />
			<role name="state" element="org.dynjs.compiler.JSCompiler::basicBlockCompiler:org.dynjs.compiler.BasicBlockCompiler" />
			<role name="Request()" element="org.dynjs.compiler.JSCompiler::compileBasicBlock(org.dynjs.compiler.CompilationContext, java.lang.String, org.dynjs.parser.Statement, boolean):org.dynjs.runtime.BasicBlock" />
		</instance>
		<instance>
			<role name="Context" element="org.dynjs.runtime.LexicalEnvironment" />
			<role name="State" element="org.dynjs.runtime.EnvironmentRecord" />
			<role name="state" element="org.dynjs.runtime.LexicalEnvironment::record:org.dynjs.runtime.EnvironmentRecord" />
			<role name="Request()" element="org.dynjs.runtime.LexicalEnvironment::getIdentifierReference(org.dynjs.runtime.ExecutionContext, java.lang.String, boolean):org.dynjs.runtime.Reference" />
		</instance>
		<instance>
			<role name="State" element="org.dynjs.runtime.SourceProvider" />
			<role name="Context" element="org.dynjs.runtime.Compiler" />
			<role name="state" element="org.dynjs.runtime.Compiler::sourceProvider:org.dynjs.runtime.SourceProvider" />
			<role name="Request()" element="org.dynjs.runtime.Compiler::parse():org.dynjs.parser.ast.ProgramTree" />
		</instance>
		<instance>
			<role name="State" element="org.dynjs.runtime.SourceProvider" />
			<role name="Context" element="org.dynjs.debugger.model.Script" />
			<role name="state" element="org.dynjs.debugger.model.Script::source:org.dynjs.runtime.SourceProvider" />
			<role name="Request()" element="org.dynjs.debugger.model.Script::getId():int" />
			<role name="Request()" element="org.dynjs.debugger.model.Script::getName():java.lang.String" />
			<role name="Request()" element="org.dynjs.debugger.model.Script::getSource():java.lang.String" />
			<role name="Request()" element="org.dynjs.debugger.model.Script::getSourceLength():long" />
			<role name="Request()" element="org.dynjs.debugger.model.Script::getLineCount():long" />
		</instance>
		<instance>
			<role name="Context" element="org.dynjs.compiler.JSCompiler" />
			<role name="State" element="org.dynjs.compiler.FunctionCompiler" />
			<role name="state" element="org.dynjs.compiler.JSCompiler::functionCompiler:org.dynjs.compiler.FunctionCompiler" />
			<role name="Request()" element="org.dynjs.compiler.JSCompiler::compileFunction(org.dynjs.compiler.CompilationContext, java.lang.String, java.lang.String[], org.dynjs.parser.Statement, boolean):org.dynjs.runtime.JSFunction" />
		</instance>
		<instance>
			<role name="Context" element="org.dynjs.parser.js.Parser" />
			<role name="State" element="org.dynjs.parser.js.TokenStream" />
			<role name="state" element="org.dynjs.parser.js.Parser::stream:org.dynjs.parser.js.TokenStream" />
			<role name="Request()" element="org.dynjs.parser.js.Parser::la():org.dynjs.parser.js.TokenType" />
			<role name="Request()" element="org.dynjs.parser.js.Parser::la(int):org.dynjs.parser.js.TokenType" />
			<role name="Request()" element="org.dynjs.parser.js.Parser::laToken():org.dynjs.parser.js.Token" />
			<role name="Request()" element="org.dynjs.parser.js.Parser::laToken(int):org.dynjs.parser.js.Token" />
			<role name="Request()" element="org.dynjs.parser.js.Parser::laToken(boolean):org.dynjs.parser.js.Token" />
			<role name="Request()" element="org.dynjs.parser.js.Parser::consume():org.dynjs.parser.js.Token" />
			<role name="Request()" element="org.dynjs.parser.js.Parser::la(boolean):org.dynjs.parser.js.TokenType" />
			<role name="Request()" element="org.dynjs.parser.js.Parser::la(boolean, int):org.dynjs.parser.js.TokenType" />
			<role name="Request()" element="org.dynjs.parser.js.Parser::consume(boolean):org.dynjs.parser.js.Token" />
			<role name="Request()" element="org.dynjs.parser.js.Parser::consume(boolean, org.dynjs.parser.js.TokenType):org.dynjs.parser.js.Token" />
		</instance>
		<instance>
			<role name="Context" element="org.dynjs.parser.ast.CaseClause" />
			<role name="State" element="org.dynjs.parser.Statement" />
			<role name="state" element="org.dynjs.parser.ast.CaseClause::block:org.dynjs.parser.Statement" />
			<role name="Request()" element="org.dynjs.parser.ast.CaseClause::getVariableDeclarations():java.util.List" />
			<role name="Request()" element="org.dynjs.parser.ast.CaseClause::toIndentedString(java.lang.String):java.lang.String" />
		</instance>
		<instance>
			<role name="State" element="org.dynjs.parser.ast.Expression" />
			<role name="Context" element="org.dynjs.parser.ast.NamedValue" />
			<role name="state" element="org.dynjs.parser.ast.NamedValue::expr:org.dynjs.parser.ast.Expression" />
			<role name="Request()" element="org.dynjs.parser.ast.NamedValue::getSizeMetric():int" />
		</instance>
		<instance>
			<role name="Context" element="org.dynjs.runtime.wrapper.JavascriptFunction" />
			<role name="State" element="org.dynjs.runtime.BasicBlock" />
			<role name="state" element="org.dynjs.runtime.wrapper.JavascriptFunction::code:org.dynjs.runtime.BasicBlock" />
			<role name="Request()" element="org.dynjs.runtime.wrapper.JavascriptFunction::getFileName():java.lang.String" />
			<role name="Request()" element="org.dynjs.runtime.wrapper.JavascriptFunction::call(org.dynjs.runtime.ExecutionContext):java.lang.Object" />
			<role name="Request()" element="org.dynjs.runtime.wrapper.JavascriptFunction::getFunctionDeclarations():java.util.List" />
			<role name="Request()" element="org.dynjs.runtime.wrapper.JavascriptFunction::getVariableDeclarations():java.util.List" />
		</instance>
		<instance>
			<role name="Context" element="org.dynjs.runtime.interp.InterpretedBasicBlock" />
			<role name="State" element="org.dynjs.parser.Statement" />
			<role name="state" element="org.dynjs.runtime.interp.InterpretedBasicBlock::body:org.dynjs.parser.Statement" />
			<role name="Request()" element="org.dynjs.runtime.interp.InterpretedBasicBlock::call(org.dynjs.runtime.ExecutionContext):org.dynjs.runtime.Completion" />
			<role name="Request()" element="org.dynjs.runtime.interp.InterpretedBasicBlock::getFileName():java.lang.String" />
			<role name="Request()" element="org.dynjs.runtime.interp.InterpretedBasicBlock::getVariableDeclarations():java.util.List" />
			<role name="Request()" element="org.dynjs.runtime.interp.InterpretedBasicBlock::getFunctionDeclarations():java.util.List" />
		</instance>
		<instance>
			<role name="Context" element="org.dynjs.runtime.wrapper.JavascriptProgram" />
			<role name="State" element="org.dynjs.runtime.BasicBlock" />
			<role name="state" element="org.dynjs.runtime.wrapper.JavascriptProgram::code:org.dynjs.runtime.BasicBlock" />
			<role name="Request()" element="org.dynjs.runtime.wrapper.JavascriptProgram::isStrict():boolean" />
			<role name="Request()" element="org.dynjs.runtime.wrapper.JavascriptProgram::getFunctionDeclarations():java.util.List" />
			<role name="Request()" element="org.dynjs.runtime.wrapper.JavascriptProgram::getVariableDeclarations():java.util.List" />
			<role name="Request()" element="org.dynjs.runtime.wrapper.JavascriptProgram::execute(org.dynjs.runtime.ExecutionContext):org.dynjs.runtime.Completion" />
			<role name="Request()" element="org.dynjs.runtime.wrapper.JavascriptProgram::getFileName():java.lang.String" />
		</instance>
		<instance>
			<role name="State" element="org.dynjs.runtime.JSObject" />
			<role name="Context" element="org.dynjs.runtime.ObjectEnvironmentRecord" />
			<role name="state" element="org.dynjs.runtime.ObjectEnvironmentRecord::object:org.dynjs.runtime.JSObject" />
			<role name="Request()" element="org.dynjs.runtime.ObjectEnvironmentRecord::hasBinding(org.dynjs.runtime.ExecutionContext, java.lang.String):boolean" />
			<role name="Request()" element="org.dynjs.runtime.ObjectEnvironmentRecord::createMutableBinding(org.dynjs.runtime.ExecutionContext, java.lang.String, boolean):void" />
			<role name="Request()" element="org.dynjs.runtime.ObjectEnvironmentRecord::setMutableBinding(org.dynjs.runtime.ExecutionContext, java.lang.String, java.lang.Object, boolean):void" />
			<role name="Request()" element="org.dynjs.runtime.ObjectEnvironmentRecord::getBindingValue(org.dynjs.runtime.ExecutionContext, java.lang.String, boolean):java.lang.Object" />
			<role name="Request()" element="org.dynjs.runtime.ObjectEnvironmentRecord::deleteBinding(org.dynjs.runtime.ExecutionContext, java.lang.String):boolean" />
		</instance>
		<instance>
			<role name="Context" element="org.dynjs.compiler.JSCompiler" />
			<role name="State" element="org.dynjs.compiler.ProgramCompiler" />
			<role name="state" element="org.dynjs.compiler.JSCompiler::programCompiler:org.dynjs.compiler.ProgramCompiler" />
			<role name="Request()" element="org.dynjs.compiler.JSCompiler::compileProgram(org.dynjs.compiler.CompilationContext, org.dynjs.parser.ast.ProgramTree, boolean):org.dynjs.runtime.JSProgram" />
		</instance>
		<instance>
			<role name="Context" element="org.dynjs.parser.js.Lexer" />
			<role name="State" element="org.dynjs.parser.js.CharStream" />
			<role name="state" element="org.dynjs.parser.js.Lexer::stream:org.dynjs.parser.js.CharStream" />
			<role name="Request()" element="org.dynjs.parser.js.Lexer::la():int" />
			<role name="Request()" element="org.dynjs.parser.js.Lexer::la(int):int" />
			<role name="Request()" element="org.dynjs.parser.js.Lexer::consume():int" />
		</instance>
		<instance>
			<role name="Context" element="org.dynjs.parser.js.ParserException" />
			<role name="State" element="org.dynjs.parser.js.Position" />
			<role name="state" element="org.dynjs.parser.js.ParserException::position:org.dynjs.parser.js.Position" />
			<role name="Request()" element="org.dynjs.parser.js.ParserException::getMessage():java.lang.String" />
		</instance>
		<instance>
			<role name="Context" element="org.dynjs.runtime.linker.js.shadow.ShadowFilter" />
			<role name="State" element="org.dynjs.runtime.linker.js.shadow.ShadowObjectManager" />
			<role name="state" element="org.dynjs.runtime.linker.js.shadow.ShadowFilter::shadowManager:org.dynjs.runtime.linker.js.shadow.ShadowObjectManager" />
			<role name="Request()" element="org.dynjs.runtime.linker.js.shadow.ShadowFilter::filter(java.lang.Object):org.dynjs.runtime.JSObject" />
		</instance>
		<instance>
			<role name="Context" element="org.dynjs.debugger.Debugger" />
			<role name="State" element="org.dynjs.debugger.DebugListener" />
			<role name="state" element="org.dynjs.debugger.Debugger::listener:org.dynjs.debugger.DebugListener" />
			<role name="Request()" element="org.dynjs.debugger.Debugger::suspend():void" />
			<role name="Request()" element="org.dynjs.debugger.Debugger::doBreak(org.dynjs.runtime.ExecutionContext, org.dynjs.parser.Statement):void" />
		</instance>
		<instance>
			<role name="State" element="org.dynjs.parser.ast.Expression" />
			<role name="Context" element="org.dynjs.parser.ast.CaseClause" />
			<role name="state" element="org.dynjs.parser.ast.CaseClause::expr:org.dynjs.parser.ast.Expression" />
			<role name="Request()" element="org.dynjs.parser.ast.CaseClause::getSizeMetric():int" />
		</instance>
	</pattern>
	<pattern name="Strategy" />
	<pattern name="Bridge">
		<instance>
			<role name="Abstraction" element="org.dynjs.parser.ast.AbstractForInStatement" />
			<role name="Implementor" element="org.dynjs.parser.ast.Expression" />
			<role name="implementor" element="org.dynjs.parser.ast.AbstractForInStatement::rhs:org.dynjs.parser.ast.Expression" />
			<role name="Operation()" element="org.dynjs.parser.ast.AbstractForInStatement::getSizeMetric():int" />
		</instance>
		<instance>
			<role name="Abstraction" element="org.dynjs.parser.ast.AbstractForStatement" />
			<role name="Implementor" element="org.dynjs.parser.ast.Expression" />
			<role name="implementor" element="org.dynjs.parser.ast.AbstractForStatement::test:org.dynjs.parser.ast.Expression" />
			<role name="implementor" element="org.dynjs.parser.ast.AbstractForStatement::increment:org.dynjs.parser.ast.Expression" />
			<role name="Operation()" element="org.dynjs.parser.ast.AbstractForStatement::getSizeMetric():int" />
			<role name="Operation()" element="org.dynjs.parser.ast.AbstractForStatement::dump(java.lang.String):java.lang.String" />
		</instance>
		<instance>
			<role name="Abstraction" element="org.dynjs.runtime.AbstractCode" />
			<role name="Implementor" element="org.dynjs.parser.Statement" />
			<role name="implementor" element="org.dynjs.runtime.AbstractCode::block:org.dynjs.parser.Statement" />
			<role name="Operation()" element="org.dynjs.runtime.AbstractCode::getFileName():java.lang.String" />
		</instance>
		<instance>
			<role name="Abstraction" element="org.dynjs.debugger.requests.AbstractResponse" />
			<role name="Implementor" element="org.dynjs.debugger.requests.Request" />
			<role name="implementor" element="org.dynjs.debugger.requests.AbstractResponse::request:org.dynjs.debugger.requests.Request" />
			<role name="Operation()" element="org.dynjs.debugger.requests.AbstractResponse::getCommand():java.lang.String" />
		</instance>
		<instance>
			<role name="Abstraction" element="org.dynjs.parser.ast.PropertyAccessor" />
			<role name="Implementor" element="org.dynjs.parser.Statement" />
			<role name="implementor" element="org.dynjs.parser.ast.PropertyAccessor::block:org.dynjs.parser.Statement" />
			<role name="Operation()" element="org.dynjs.parser.ast.PropertyAccessor::getSizeMetric():int" />
		</instance>
	</pattern>
	<pattern name="Template Method">
		<instance>
			<role name="AbstractClass" element="org.dynjs.runtime.builtins.types.AbstractBuiltinType" />
			<role name="TemplateMethod()" element="org.dynjs.runtime.builtins.types.AbstractBuiltinType::initialize(org.dynjs.runtime.GlobalContext):void" />
		</instance>
		<instance>
			<role name="AbstractClass" element="org.dynjs.parser.ast.AbstractExpression" />
			<role name="TemplateMethod()" element="org.dynjs.parser.ast.AbstractExpression::dump(java.lang.String):java.lang.String" />
		</instance>
		<instance>
			<role name="AbstractClass" element="org.dynjs.runtime.AbstractNativeFunction" />
			<role name="TemplateMethod()" element="org.dynjs.runtime.AbstractNativeFunction::call(org.dynjs.runtime.ExecutionContext):java.lang.Object" />
		</instance>
		<instance>
			<role name="AbstractClass" element="org.dynjs.codegen.CodeGeneratingVisitor" />
			<role name="TemplateMethod()" element="org.dynjs.codegen.CodeGeneratingVisitor::visit(java.lang.Object, org.dynjs.parser.ast.AdditiveExpression, boolean):java.lang.Object" />
			<role name="TemplateMethod()" element="org.dynjs.codegen.CodeGeneratingVisitor::jsGetValue():me.qmx.jitescript.CodeBlock" />
		</instance>
		<instance>
			<role name="AbstractClass" element="org.dynjs.runtime.builtins.types.date.prototype.DateTimeFormatter" />
			<role name="TemplateMethod()" element="org.dynjs.runtime.builtins.types.date.prototype.DateTimeFormatter::call(org.dynjs.runtime.ExecutionContext, java.lang.Object, java.lang.Object[]):java.lang.Object" />
		</instance>
		<instance>
			<role name="AbstractClass" element="org.dynjs.ir.Instruction" />
			<role name="TemplateMethod()" element="org.dynjs.ir.Instruction::getUsedVariables():java.util.List" />
		</instance>
		<instance>
			<role name="AbstractClass" element="org.dynjs.ir.operands.Variable" />
			<role name="TemplateMethod()" element="org.dynjs.ir.operands.Variable::toString():java.lang.String" />
		</instance>
	</pattern>
	<pattern name="Visitor">
		<instance>
			<role name="ConcreteElement" element="org.dynjs.parser.ast.AdditiveExpression" />
			<role name="Visitor" element="org.dynjs.parser.CodeVisitor" />
			<role name="Accept()" element="org.dynjs.parser.ast.AdditiveExpression::accept(java.lang.Object, org.dynjs.parser.CodeVisitor, boolean):java.lang.Object" />
		</instance>
		<instance>
			<role name="ConcreteElement" element="org.dynjs.parser.ast.ArrayLiteralExpression" />
			<role name="Visitor" element="org.dynjs.parser.CodeVisitor" />
			<role name="Accept()" element="org.dynjs.parser.ast.ArrayLiteralExpression::accept(java.lang.Object, org.dynjs.parser.CodeVisitor, boolean):java.lang.Object" />
		</instance>
		<instance>
			<role name="ConcreteElement" element="org.dynjs.parser.ast.AssignmentExpression" />
			<role name="Visitor" element="org.dynjs.parser.CodeVisitor" />
			<role name="Accept()" element="org.dynjs.parser.ast.AssignmentExpression::accept(java.lang.Object, org.dynjs.parser.CodeVisitor, boolean):java.lang.Object" />
		</instance>
		<instance>
			<role name="ConcreteElement" element="org.dynjs.parser.ast.BitwiseExpression" />
			<role name="Visitor" element="org.dynjs.parser.CodeVisitor" />
			<role name="Accept()" element="org.dynjs.parser.ast.BitwiseExpression::accept(java.lang.Object, org.dynjs.parser.CodeVisitor, boolean):java.lang.Object" />
		</instance>
		<instance>
			<role name="ConcreteElement" element="org.dynjs.parser.ast.BitwiseInversionOperatorExpression" />
			<role name="Visitor" element="org.dynjs.parser.CodeVisitor" />
			<role name="Accept()" element="org.dynjs.parser.ast.BitwiseInversionOperatorExpression::accept(java.lang.Object, org.dynjs.parser.CodeVisitor, boolean):java.lang.Object" />
		</instance>
		<instance>
			<role name="ConcreteElement" element="org.dynjs.parser.ast.BooleanLiteralExpression" />
			<role name="Visitor" element="org.dynjs.parser.CodeVisitor" />
			<role name="Accept()" element="org.dynjs.parser.ast.BooleanLiteralExpression::accept(java.lang.Object, org.dynjs.parser.CodeVisitor, boolean):java.lang.Object" />
		</instance>
		<instance>
			<role name="ConcreteElement" element="org.dynjs.parser.ast.BracketExpression" />
			<role name="Visitor" element="org.dynjs.parser.CodeVisitor" />
			<role name="Accept()" element="org.dynjs.parser.ast.BracketExpression::accept(java.lang.Object, org.dynjs.parser.CodeVisitor, boolean):java.lang.Object" />
		</instance>
		<instance>
			<role name="ConcreteElement" element="org.dynjs.parser.ast.CommaOperator" />
			<role name="Visitor" element="org.dynjs.parser.CodeVisitor" />
			<role name="Accept()" element="org.dynjs.parser.ast.CommaOperator::accept(java.lang.Object, org.dynjs.parser.CodeVisitor, boolean):java.lang.Object" />
		</instance>
		<instance>
			<role name="ConcreteElement" element="org.dynjs.parser.ast.CompoundAssignmentExpression" />
			<role name="Visitor" element="org.dynjs.parser.CodeVisitor" />
			<role name="Accept()" element="org.dynjs.parser.ast.CompoundAssignmentExpression::accept(java.lang.Object, org.dynjs.parser.CodeVisitor, boolean):java.lang.Object" />
		</instance>
		<instance>
			<role name="ConcreteElement" element="org.dynjs.parser.ast.DeleteOpExpression" />
			<role name="Visitor" element="org.dynjs.parser.CodeVisitor" />
			<role name="Accept()" element="org.dynjs.parser.ast.DeleteOpExpression::accept(java.lang.Object, org.dynjs.parser.CodeVisitor, boolean):java.lang.Object" />
		</instance>
		<instance>
			<role name="ConcreteElement" element="org.dynjs.parser.ast.DotExpression" />
			<role name="Visitor" element="org.dynjs.parser.CodeVisitor" />
			<role name="Accept()" element="org.dynjs.parser.ast.DotExpression::accept(java.lang.Object, org.dynjs.parser.CodeVisitor, boolean):java.lang.Object" />
		</instance>
		<instance>
			<role name="ConcreteElement" element="org.dynjs.parser.ast.EqualityOperatorExpression" />
			<role name="Visitor" element="org.dynjs.parser.CodeVisitor" />
			<role name="Accept()" element="org.dynjs.parser.ast.EqualityOperatorExpression::accept(java.lang.Object, org.dynjs.parser.CodeVisitor, boolean):java.lang.Object" />
		</instance>
		<instance>
			<role name="ConcreteElement" element="org.dynjs.parser.ast.FloatingNumberExpression" />
			<role name="Visitor" element="org.dynjs.parser.CodeVisitor" />
			<role name="Accept()" element="org.dynjs.parser.ast.FloatingNumberExpression::accept(java.lang.Object, org.dynjs.parser.CodeVisitor, boolean):java.lang.Object" />
		</instance>
		<instance>
			<role name="ConcreteElement" element="org.dynjs.parser.ast.FunctionCallExpression" />
			<role name="Visitor" element="org.dynjs.parser.CodeVisitor" />
			<role name="Accept()" element="org.dynjs.parser.ast.FunctionCallExpression::accept(java.lang.Object, org.dynjs.parser.CodeVisitor, boolean):java.lang.Object" />
		</instance>
		<instance>
			<role name="ConcreteElement" element="org.dynjs.parser.ast.FunctionExpression" />
			<role name="Visitor" element="org.dynjs.parser.CodeVisitor" />
			<role name="Accept()" element="org.dynjs.parser.ast.FunctionExpression::accept(java.lang.Object, org.dynjs.parser.CodeVisitor, boolean):java.lang.Object" />
		</instance>
		<instance>
			<role name="ConcreteElement" element="org.dynjs.parser.ast.IdentifierReferenceExpression" />
			<role name="Visitor" element="org.dynjs.parser.CodeVisitor" />
			<role name="Accept()" element="org.dynjs.parser.ast.IdentifierReferenceExpression::accept(java.lang.Object, org.dynjs.parser.CodeVisitor, boolean):java.lang.Object" />
		</instance>
		<instance>
			<role name="ConcreteElement" element="org.dynjs.parser.ast.InOperatorExpression" />
			<role name="Visitor" element="org.dynjs.parser.CodeVisitor" />
			<role name="Accept()" element="org.dynjs.parser.ast.InOperatorExpression::accept(java.lang.Object, org.dynjs.parser.CodeVisitor, boolean):java.lang.Object" />
		</instance>
		<instance>
			<role name="ConcreteElement" element="org.dynjs.parser.ast.InstanceofExpression" />
			<role name="Visitor" element="org.dynjs.parser.CodeVisitor" />
			<role name="Accept()" element="org.dynjs.parser.ast.InstanceofExpression::accept(java.lang.Object, org.dynjs.parser.CodeVisitor, boolean):java.lang.Object" />
		</instance>
		<instance>
			<role name="ConcreteElement" element="org.dynjs.parser.ast.IntegerNumberExpression" />
			<role name="Visitor" element="org.dynjs.parser.CodeVisitor" />
			<role name="Accept()" element="org.dynjs.parser.ast.IntegerNumberExpression::accept(java.lang.Object, org.dynjs.parser.CodeVisitor, boolean):java.lang.Object" />
		</instance>
		<instance>
			<role name="ConcreteElement" element="org.dynjs.parser.ast.LogicalExpression" />
			<role name="Visitor" element="org.dynjs.parser.CodeVisitor" />
			<role name="Accept()" element="org.dynjs.parser.ast.LogicalExpression::accept(java.lang.Object, org.dynjs.parser.CodeVisitor, boolean):java.lang.Object" />
		</instance>
		<instance>
			<role name="ConcreteElement" element="org.dynjs.parser.ast.LogicalNotOperatorExpression" />
			<role name="Visitor" element="org.dynjs.parser.CodeVisitor" />
			<role name="Accept()" element="org.dynjs.parser.ast.LogicalNotOperatorExpression::accept(java.lang.Object, org.dynjs.parser.CodeVisitor, boolean):java.lang.Object" />
		</instance>
		<instance>
			<role name="ConcreteElement" element="org.dynjs.parser.ast.MultiplicativeExpression" />
			<role name="Visitor" element="org.dynjs.parser.CodeVisitor" />
			<role name="Accept()" element="org.dynjs.parser.ast.MultiplicativeExpression::accept(java.lang.Object, org.dynjs.parser.CodeVisitor, boolean):java.lang.Object" />
		</instance>
		<instance>
			<role name="ConcreteElement" element="org.dynjs.parser.ast.NewOperatorExpression" />
			<role name="Visitor" element="org.dynjs.parser.CodeVisitor" />
			<role name="Accept()" element="org.dynjs.parser.ast.NewOperatorExpression::accept(java.lang.Object, org.dynjs.parser.CodeVisitor, boolean):java.lang.Object" />
		</instance>
		<instance>
			<role name="ConcreteElement" element="org.dynjs.parser.ast.NullLiteralExpression" />
			<role name="Visitor" element="org.dynjs.parser.CodeVisitor" />
			<role name="Accept()" element="org.dynjs.parser.ast.NullLiteralExpression::accept(java.lang.Object, org.dynjs.parser.CodeVisitor, boolean):java.lang.Object" />
		</instance>
		<instance>
			<role name="ConcreteElement" element="org.dynjs.parser.ast.ObjectLiteralExpression" />
			<role name="Visitor" element="org.dynjs.parser.CodeVisitor" />
			<role name="Accept()" element="org.dynjs.parser.ast.ObjectLiteralExpression::accept(java.lang.Object, org.dynjs.parser.CodeVisitor, boolean):java.lang.Object" />
		</instance>
		<instance>
			<role name="ConcreteElement" element="org.dynjs.parser.ast.OfOperatorExpression" />
			<role name="Visitor" element="org.dynjs.parser.CodeVisitor" />
			<role name="Accept()" element="org.dynjs.parser.ast.OfOperatorExpression::accept(java.lang.Object, org.dynjs.parser.CodeVisitor, boolean):java.lang.Object" />
		</instance>
		<instance>
			<role name="ConcreteElement" element="org.dynjs.parser.ast.PostOpExpression" />
			<role name="Visitor" element="org.dynjs.parser.CodeVisitor" />
			<role name="Accept()" element="org.dynjs.parser.ast.PostOpExpression::accept(java.lang.Object, org.dynjs.parser.CodeVisitor, boolean):java.lang.Object" />
		</instance>
		<instance>
			<role name="ConcreteElement" element="org.dynjs.parser.ast.PreOpExpression" />
			<role name="Visitor" element="org.dynjs.parser.CodeVisitor" />
			<role name="Accept()" element="org.dynjs.parser.ast.PreOpExpression::accept(java.lang.Object, org.dynjs.parser.CodeVisitor, boolean):java.lang.Object" />
		</instance>
		<instance>
			<role name="ConcreteElement" element="org.dynjs.parser.ast.RegexpLiteralExpression" />
			<role name="Visitor" element="org.dynjs.parser.CodeVisitor" />
			<role name="Accept()" element="org.dynjs.parser.ast.RegexpLiteralExpression::accept(java.lang.Object, org.dynjs.parser.CodeVisitor, boolean):java.lang.Object" />
		</instance>
		<instance>
			<role name="ConcreteElement" element="org.dynjs.parser.ast.RelationalExpression" />
			<role name="Visitor" element="org.dynjs.parser.CodeVisitor" />
			<role name="Accept()" element="org.dynjs.parser.ast.RelationalExpression::accept(java.lang.Object, org.dynjs.parser.CodeVisitor, boolean):java.lang.Object" />
		</instance>
		<instance>
			<role name="ConcreteElement" element="org.dynjs.parser.ast.StrictEqualityOperatorExpression" />
			<role name="Visitor" element="org.dynjs.parser.CodeVisitor" />
			<role name="Accept()" element="org.dynjs.parser.ast.StrictEqualityOperatorExpression::accept(java.lang.Object, org.dynjs.parser.CodeVisitor, boolean):java.lang.Object" />
		</instance>
		<instance>
			<role name="ConcreteElement" element="org.dynjs.parser.ast.StringLiteralExpression" />
			<role name="Visitor" element="org.dynjs.parser.CodeVisitor" />
			<role name="Accept()" element="org.dynjs.parser.ast.StringLiteralExpression::accept(java.lang.Object, org.dynjs.parser.CodeVisitor, boolean):java.lang.Object" />
		</instance>
		<instance>
			<role name="ConcreteElement" element="org.dynjs.parser.ast.TernaryExpression" />
			<role name="Visitor" element="org.dynjs.parser.CodeVisitor" />
			<role name="Accept()" element="org.dynjs.parser.ast.TernaryExpression::accept(java.lang.Object, org.dynjs.parser.CodeVisitor, boolean):java.lang.Object" />
		</instance>
		<instance>
			<role name="ConcreteElement" element="org.dynjs.parser.ast.ThisExpression" />
			<role name="Visitor" element="org.dynjs.parser.CodeVisitor" />
			<role name="Accept()" element="org.dynjs.parser.ast.ThisExpression::accept(java.lang.Object, org.dynjs.parser.CodeVisitor, boolean):java.lang.Object" />
		</instance>
		<instance>
			<role name="ConcreteElement" element="org.dynjs.parser.ast.TypeOfOpExpression" />
			<role name="Visitor" element="org.dynjs.parser.CodeVisitor" />
			<role name="Accept()" element="org.dynjs.parser.ast.TypeOfOpExpression::accept(java.lang.Object, org.dynjs.parser.CodeVisitor, boolean):java.lang.Object" />
		</instance>
		<instance>
			<role name="ConcreteElement" element="org.dynjs.parser.ast.UnaryMinusExpression" />
			<role name="Visitor" element="org.dynjs.parser.CodeVisitor" />
			<role name="Accept()" element="org.dynjs.parser.ast.UnaryMinusExpression::accept(java.lang.Object, org.dynjs.parser.CodeVisitor, boolean):java.lang.Object" />
		</instance>
		<instance>
			<role name="ConcreteElement" element="org.dynjs.parser.ast.UnaryPlusExpression" />
			<role name="Visitor" element="org.dynjs.parser.CodeVisitor" />
			<role name="Accept()" element="org.dynjs.parser.ast.UnaryPlusExpression::accept(java.lang.Object, org.dynjs.parser.CodeVisitor, boolean):java.lang.Object" />
		</instance>
		<instance>
			<role name="ConcreteElement" element="org.dynjs.parser.ast.VoidOperatorExpression" />
			<role name="Visitor" element="org.dynjs.parser.CodeVisitor" />
			<role name="Accept()" element="org.dynjs.parser.ast.VoidOperatorExpression::accept(java.lang.Object, org.dynjs.parser.CodeVisitor, boolean):java.lang.Object" />
		</instance>
		<instance>
			<role name="Visitor" element="org.dynjs.parser.CodeVisitor" />
			<role name="ConcreteElement" element="org.dynjs.parser.ast.BlockStatement" />
			<role name="Accept()" element="org.dynjs.parser.ast.BlockStatement::accept(java.lang.Object, org.dynjs.parser.CodeVisitor, boolean):java.lang.Object" />
		</instance>
		<instance>
			<role name="Visitor" element="org.dynjs.parser.CodeVisitor" />
			<role name="ConcreteElement" element="org.dynjs.parser.ast.BreakStatement" />
			<role name="Accept()" element="org.dynjs.parser.ast.BreakStatement::accept(java.lang.Object, org.dynjs.parser.CodeVisitor, boolean):java.lang.Object" />
		</instance>
		<instance>
			<role name="Visitor" element="org.dynjs.parser.CodeVisitor" />
			<role name="ConcreteElement" element="org.dynjs.parser.ast.ContinueStatement" />
			<role name="Accept()" element="org.dynjs.parser.ast.ContinueStatement::accept(java.lang.Object, org.dynjs.parser.CodeVisitor, boolean):java.lang.Object" />
		</instance>
		<instance>
			<role name="Visitor" element="org.dynjs.parser.CodeVisitor" />
			<role name="ConcreteElement" element="org.dynjs.parser.ast.DoWhileStatement" />
			<role name="Accept()" element="org.dynjs.parser.ast.DoWhileStatement::accept(java.lang.Object, org.dynjs.parser.CodeVisitor, boolean):java.lang.Object" />
		</instance>
		<instance>
			<role name="Visitor" element="org.dynjs.parser.CodeVisitor" />
			<role name="ConcreteElement" element="org.dynjs.parser.ast.EmptyStatement" />
			<role name="Accept()" element="org.dynjs.parser.ast.EmptyStatement::accept(java.lang.Object, org.dynjs.parser.CodeVisitor, boolean):java.lang.Object" />
		</instance>
		<instance>
			<role name="Visitor" element="org.dynjs.parser.CodeVisitor" />
			<role name="ConcreteElement" element="org.dynjs.parser.ast.ExpressionStatement" />
			<role name="Accept()" element="org.dynjs.parser.ast.ExpressionStatement::accept(java.lang.Object, org.dynjs.parser.CodeVisitor, boolean):java.lang.Object" />
		</instance>
		<instance>
			<role name="Visitor" element="org.dynjs.parser.CodeVisitor" />
			<role name="ConcreteElement" element="org.dynjs.parser.ast.ForExprInStatement" />
			<role name="Accept()" element="org.dynjs.parser.ast.ForExprInStatement::accept(java.lang.Object, org.dynjs.parser.CodeVisitor, boolean):java.lang.Object" />
		</instance>
		<instance>
			<role name="Visitor" element="org.dynjs.parser.CodeVisitor" />
			<role name="ConcreteElement" element="org.dynjs.parser.ast.ForExprOfStatement" />
			<role name="Accept()" element="org.dynjs.parser.ast.ForExprOfStatement::accept(java.lang.Object, org.dynjs.parser.CodeVisitor, boolean):java.lang.Object" />
		</instance>
		<instance>
			<role name="Visitor" element="org.dynjs.parser.CodeVisitor" />
			<role name="ConcreteElement" element="org.dynjs.parser.ast.ForExprStatement" />
			<role name="Accept()" element="org.dynjs.parser.ast.ForExprStatement::accept(java.lang.Object, org.dynjs.parser.CodeVisitor, boolean):java.lang.Object" />
		</instance>
		<instance>
			<role name="Visitor" element="org.dynjs.parser.CodeVisitor" />
			<role name="ConcreteElement" element="org.dynjs.parser.ast.ForVarDeclInStatement" />
			<role name="Accept()" element="org.dynjs.parser.ast.ForVarDeclInStatement::accept(java.lang.Object, org.dynjs.parser.CodeVisitor, boolean):java.lang.Object" />
		</instance>
		<instance>
			<role name="Visitor" element="org.dynjs.parser.CodeVisitor" />
			<role name="ConcreteElement" element="org.dynjs.parser.ast.ForVarDeclOfStatement" />
			<role name="Accept()" element="org.dynjs.parser.ast.ForVarDeclOfStatement::accept(java.lang.Object, org.dynjs.parser.CodeVisitor, boolean):java.lang.Object" />
		</instance>
		<instance>
			<role name="Visitor" element="org.dynjs.parser.CodeVisitor" />
			<role name="ConcreteElement" element="org.dynjs.parser.ast.ForVarDeclStatement" />
			<role name="Accept()" element="org.dynjs.parser.ast.ForVarDeclStatement::accept(java.lang.Object, org.dynjs.parser.CodeVisitor, boolean):java.lang.Object" />
		</instance>
		<instance>
			<role name="Visitor" element="org.dynjs.parser.CodeVisitor" />
			<role name="ConcreteElement" element="org.dynjs.parser.ast.FunctionDeclaration" />
			<role name="Accept()" element="org.dynjs.parser.ast.FunctionDeclaration::accept(java.lang.Object, org.dynjs.parser.CodeVisitor, boolean):java.lang.Object" />
		</instance>
		<instance>
			<role name="Visitor" element="org.dynjs.parser.CodeVisitor" />
			<role name="ConcreteElement" element="org.dynjs.parser.ast.IfStatement" />
			<role name="Accept()" element="org.dynjs.parser.ast.IfStatement::accept(java.lang.Object, org.dynjs.parser.CodeVisitor, boolean):java.lang.Object" />
		</instance>
		<instance>
			<role name="Visitor" element="org.dynjs.parser.CodeVisitor" />
			<role name="ConcreteElement" element="org.dynjs.parser.ast.ReturnStatement" />
			<role name="Accept()" element="org.dynjs.parser.ast.ReturnStatement::accept(java.lang.Object, org.dynjs.parser.CodeVisitor, boolean):java.lang.Object" />
		</instance>
		<instance>
			<role name="Visitor" element="org.dynjs.parser.CodeVisitor" />
			<role name="ConcreteElement" element="org.dynjs.parser.ast.SwitchStatement" />
			<role name="Accept()" element="org.dynjs.parser.ast.SwitchStatement::accept(java.lang.Object, org.dynjs.parser.CodeVisitor, boolean):java.lang.Object" />
		</instance>
		<instance>
			<role name="Visitor" element="org.dynjs.parser.CodeVisitor" />
			<role name="ConcreteElement" element="org.dynjs.parser.ast.ThrowStatement" />
			<role name="Accept()" element="org.dynjs.parser.ast.ThrowStatement::accept(java.lang.Object, org.dynjs.parser.CodeVisitor, boolean):java.lang.Object" />
		</instance>
		<instance>
			<role name="Visitor" element="org.dynjs.parser.CodeVisitor" />
			<role name="ConcreteElement" element="org.dynjs.parser.ast.TryStatement" />
			<role name="Accept()" element="org.dynjs.parser.ast.TryStatement::accept(java.lang.Object, org.dynjs.parser.CodeVisitor, boolean):java.lang.Object" />
		</instance>
		<instance>
			<role name="Visitor" element="org.dynjs.parser.CodeVisitor" />
			<role name="ConcreteElement" element="org.dynjs.parser.ast.VariableStatement" />
			<role name="Accept()" element="org.dynjs.parser.ast.VariableStatement::accept(java.lang.Object, org.dynjs.parser.CodeVisitor, boolean):java.lang.Object" />
		</instance>
		<instance>
			<role name="Visitor" element="org.dynjs.parser.CodeVisitor" />
			<role name="ConcreteElement" element="org.dynjs.parser.ast.WhileStatement" />
			<role name="Accept()" element="org.dynjs.parser.ast.WhileStatement::accept(java.lang.Object, org.dynjs.parser.CodeVisitor, boolean):java.lang.Object" />
		</instance>
		<instance>
			<role name="Visitor" element="org.dynjs.parser.CodeVisitor" />
			<role name="ConcreteElement" element="org.dynjs.parser.ast.WithStatement" />
			<role name="Accept()" element="org.dynjs.parser.ast.WithStatement::accept(java.lang.Object, org.dynjs.parser.CodeVisitor, boolean):java.lang.Object" />
		</instance>
		<instance>
			<role name="ConcreteElement" element="org.dynjs.parser.ast.CatchClause" />
			<role name="Visitor" element="org.dynjs.parser.CodeVisitor" />
			<role name="Accept()" element="org.dynjs.parser.ast.CatchClause::accept(java.lang.Object, org.dynjs.parser.CodeVisitor, boolean):java.lang.Object" />
		</instance>
		<instance>
			<role name="ConcreteElement" element="org.dynjs.parser.ast.VariableDeclaration" />
			<role name="Visitor" element="org.dynjs.parser.CodeVisitor" />
			<role name="Accept()" element="org.dynjs.parser.ast.VariableDeclaration::accept(java.lang.Object, org.dynjs.parser.CodeVisitor, boolean):java.lang.Object" />
		</instance>
		<instance>
			<role name="ConcreteElement" element="org.dynjs.parser.ast.NamedValue" />
			<role name="Visitor" element="org.dynjs.parser.CodeVisitor" />
			<role name="Accept()" element="org.dynjs.parser.ast.NamedValue::accept(java.lang.Object, org.dynjs.parser.CodeVisitor, boolean):java.lang.Object" />
		</instance>
		<instance>
			<role name="ConcreteElement" element="org.dynjs.parser.ast.PropertyGet" />
			<role name="Visitor" element="org.dynjs.parser.CodeVisitor" />
			<role name="Accept()" element="org.dynjs.parser.ast.PropertyGet::accept(java.lang.Object, org.dynjs.parser.CodeVisitor, boolean):java.lang.Object" />
		</instance>
		<instance>
			<role name="ConcreteElement" element="org.dynjs.parser.ast.PropertySet" />
			<role name="Visitor" element="org.dynjs.parser.CodeVisitor" />
			<role name="Accept()" element="org.dynjs.parser.ast.PropertySet::accept(java.lang.Object, org.dynjs.parser.CodeVisitor, boolean):java.lang.Object" />
		</instance>
		<instance>
			<role name="ConcreteElement" element="org.dynjs.parser.ast.CaseClause" />
			<role name="Visitor" element="org.dynjs.parser.CodeVisitor" />
			<role name="Accept()" element="org.dynjs.parser.ast.CaseClause::accept(java.lang.Object, org.dynjs.parser.CodeVisitor, boolean):java.lang.Object" />
		</instance>
		<instance>
			<role name="ConcreteElement" element="org.dynjs.parser.ast.DefaultCaseClause" />
			<role name="Visitor" element="org.dynjs.parser.CodeVisitor" />
			<role name="Accept()" element="org.dynjs.parser.ast.DefaultCaseClause::accept(java.lang.Object, org.dynjs.parser.CodeVisitor, boolean):java.lang.Object" />
		</instance>
	</pattern>
	<pattern name="Proxy">
		<instance>
			<role name="Proxy" element="org.dynjs.parser.ast.CompoundAssignmentExpression" />
			<role name="RealSubject" element="org.dynjs.parser.ast.AbstractBinaryExpression" />
			<role name="Request()" element="org.dynjs.parser.ast.CompoundAssignmentExpression::getPosition():org.dynjs.parser.js.Position" />
			<role name="Request()" element="org.dynjs.parser.ast.CompoundAssignmentExpression::getFunctionDeclarations():java.util.List" />
			<role name="Request()" element="org.dynjs.parser.ast.CompoundAssignmentExpression::getSizeMetric():int" />
			<role name="Request()" element="org.dynjs.parser.ast.CompoundAssignmentExpression::dump(java.lang.String):java.lang.String" />
		</instance>
	</pattern>
	<pattern name="Proxy2" />
	<pattern name="Chain of Responsibility" />
</system>

