<?xml version="1.0" encoding="UTF-8"?>
<system>
	<pattern name="Factory Method">
		<instance>
			<role name="Creator" element="net.md_5.bungee.api.connection.ProxiedPlayer" />
			<role name="FactoryMethod()" element="net.md_5.bungee.api.connection.ProxiedPlayer::getSkinParts():net.md_5.bungee.api.SkinConfiguration" />
		</instance>
		<instance>
			<role name="Creator" element="net.md_5.bungee.api.ProxyServer" />
			<role name="FactoryMethod()" element="net.md_5.bungee.api.ProxyServer::constructServerInfo(java.lang.String, java.net.SocketAddress, java.lang.String, boolean):net.md_5.bungee.api.config.ServerInfo" />
		</instance>
		<instance>
			<role name="Creator" element="net.md_5.bungee.api.scheduler.TaskScheduler" />
			<role name="FactoryMethod()" element="net.md_5.bungee.api.scheduler.TaskScheduler::schedule(net.md_5.bungee.api.plugin.Plugin, java.lang.Runnable, long, long, java.util.concurrent.TimeUnit):net.md_5.bungee.api.scheduler.ScheduledTask" />
		</instance>
	</pattern>
	<pattern name="Prototype" />
	<pattern name="Singleton">
		<instance>
			<role name="Singleton" element="net.md_5.bungee.connection.CancelSendSignal" />
			<role name="uniqueInstance" element="net.md_5.bungee.connection.CancelSendSignal::INSTANCE:net.md_5.bungee.connection.CancelSendSignal" />
		</instance>
		<instance>
			<role name="Singleton" element="net.md_5.bungee.util.CaseInsensitiveHashingStrategy" />
			<role name="uniqueInstance" element="net.md_5.bungee.util.CaseInsensitiveHashingStrategy::INSTANCE:net.md_5.bungee.util.CaseInsensitiveHashingStrategy" />
		</instance>
		<instance>
			<role name="Singleton" element="net.md_5.bungee.util.ChatComponentTransformer" />
			<role name="uniqueInstance" element="net.md_5.bungee.util.ChatComponentTransformer::INSTANCE:net.md_5.bungee.util.ChatComponentTransformer" />
		</instance>
		<instance>
			<role name="Singleton" element="net.md_5.bungee.command.ConsoleCommandSender" />
			<role name="uniqueInstance" element="net.md_5.bungee.command.ConsoleCommandSender::instance:net.md_5.bungee.command.ConsoleCommandSender" />
		</instance>
		<instance>
			<role name="Singleton" element="net.md_5.bungee.entitymap.EntityMap_1_10" />
			<role name="uniqueInstance" element="net.md_5.bungee.entitymap.EntityMap_1_10::INSTANCE:net.md_5.bungee.entitymap.EntityMap_1_10" />
		</instance>
		<instance>
			<role name="Singleton" element="net.md_5.bungee.entitymap.EntityMap_1_11" />
			<role name="uniqueInstance" element="net.md_5.bungee.entitymap.EntityMap_1_11::INSTANCE:net.md_5.bungee.entitymap.EntityMap_1_11" />
		</instance>
		<instance>
			<role name="Singleton" element="net.md_5.bungee.entitymap.EntityMap_1_12" />
			<role name="uniqueInstance" element="net.md_5.bungee.entitymap.EntityMap_1_12::INSTANCE:net.md_5.bungee.entitymap.EntityMap_1_12" />
		</instance>
		<instance>
			<role name="Singleton" element="net.md_5.bungee.entitymap.EntityMap_1_12_1" />
			<role name="uniqueInstance" element="net.md_5.bungee.entitymap.EntityMap_1_12_1::INSTANCE:net.md_5.bungee.entitymap.EntityMap_1_12_1" />
		</instance>
		<instance>
			<role name="Singleton" element="net.md_5.bungee.entitymap.EntityMap_1_13" />
			<role name="uniqueInstance" element="net.md_5.bungee.entitymap.EntityMap_1_13::INSTANCE:net.md_5.bungee.entitymap.EntityMap_1_13" />
		</instance>
		<instance>
			<role name="Singleton" element="net.md_5.bungee.entitymap.EntityMap_1_14" />
			<role name="uniqueInstance" element="net.md_5.bungee.entitymap.EntityMap_1_14::INSTANCE:net.md_5.bungee.entitymap.EntityMap_1_14" />
		</instance>
		<instance>
			<role name="Singleton" element="net.md_5.bungee.entitymap.EntityMap_1_15" />
			<role name="uniqueInstance" element="net.md_5.bungee.entitymap.EntityMap_1_15::INSTANCE:net.md_5.bungee.entitymap.EntityMap_1_15" />
		</instance>
		<instance>
			<role name="Singleton" element="net.md_5.bungee.entitymap.EntityMap_1_16" />
			<role name="uniqueInstance" element="net.md_5.bungee.entitymap.EntityMap_1_16::INSTANCE:net.md_5.bungee.entitymap.EntityMap_1_16" />
		</instance>
		<instance>
			<role name="Singleton" element="net.md_5.bungee.entitymap.EntityMap_1_8" />
			<role name="uniqueInstance" element="net.md_5.bungee.entitymap.EntityMap_1_8::INSTANCE:net.md_5.bungee.entitymap.EntityMap_1_8" />
		</instance>
		<instance>
			<role name="Singleton" element="net.md_5.bungee.entitymap.EntityMap_1_9" />
			<role name="uniqueInstance" element="net.md_5.bungee.entitymap.EntityMap_1_9::INSTANCE:net.md_5.bungee.entitymap.EntityMap_1_9" />
		</instance>
		<instance>
			<role name="Singleton" element="net.md_5.bungee.entitymap.EntityMap_1_9_4" />
			<role name="uniqueInstance" element="net.md_5.bungee.entitymap.EntityMap_1_9_4::INSTANCE:net.md_5.bungee.entitymap.EntityMap_1_9_4" />
		</instance>
		<instance>
			<role name="Singleton" element="net.md_5.bungee.api.ProxyServer" />
			<role name="uniqueInstance" element="net.md_5.bungee.api.ProxyServer::instance:net.md_5.bungee.api.ProxyServer" />
		</instance>
		<instance>
			<role name="Singleton" element="org.slf4j.impl.StaticLoggerBinder" />
			<role name="uniqueInstance" element="org.slf4j.impl.StaticLoggerBinder::SINGLETON:org.slf4j.impl.StaticLoggerBinder" />
		</instance>
		<instance>
			<role name="Singleton" element="org.slf4j.impl.StaticMarkerBinder" />
			<role name="uniqueInstance" element="org.slf4j.impl.StaticMarkerBinder::SINGLETON:org.slf4j.impl.StaticMarkerBinder" />
		</instance>
		<instance>
			<role name="Singleton" element="org.slf4j.impl.StaticMDCBinder" />
			<role name="uniqueInstance" element="org.slf4j.impl.StaticMDCBinder::SINGLETON:org.slf4j.impl.StaticMDCBinder" />
		</instance>
		<instance>
			<role name="Singleton" element="net.md_5.bungee.chat.TranslationRegistry" />
			<role name="uniqueInstance" element="net.md_5.bungee.chat.TranslationRegistry::INSTANCE:net.md_5.bungee.chat.TranslationRegistry" />
		</instance>
	</pattern>
	<pattern name="(Object)Adapter">
		<instance>
			<role name="Adaptee" element="net.md_5.bungee.protocol.packet.Handshake" />
			<role name="Adapter" element="net.md_5.bungee.connection.InitialHandler" />
			<role name="adaptee" element="net.md_5.bungee.connection.InitialHandler::handshake:net.md_5.bungee.protocol.packet.Handshake" />
			<role name="Request()" element="net.md_5.bungee.connection.InitialHandler::getVersion():int" />
		</instance>
		<instance>
			<role name="Adaptee" element="net.md_5.bungee.protocol.packet.LoginRequest" />
			<role name="Adapter" element="net.md_5.bungee.connection.InitialHandler" />
			<role name="adaptee" element="net.md_5.bungee.connection.InitialHandler::loginRequest:net.md_5.bungee.protocol.packet.LoginRequest" />
			<role name="Request()" element="net.md_5.bungee.connection.InitialHandler::getName():java.lang.String" />
		</instance>
		<instance>
			<role name="Adaptee" element="net.md_5.bungee.UserConnection" />
			<role name="Adapter" element="net.md_5.bungee.ServerConnector" />
			<role name="adaptee" element="net.md_5.bungee.ServerConnector::user:net.md_5.bungee.UserConnection" />
			<role name="Request()" element="net.md_5.bungee.ServerConnector::toString():java.lang.String" />
		</instance>
		<instance>
			<role name="Adaptee" element="net.md_5.bungee.UserConnection" />
			<role name="Adapter" element="net.md_5.bungee.connection.DownstreamBridge" />
			<role name="adaptee" element="net.md_5.bungee.connection.DownstreamBridge::con:net.md_5.bungee.UserConnection" />
			<role name="Request()" element="net.md_5.bungee.connection.DownstreamBridge::toString():java.lang.String" />
		</instance>
		<instance>
			<role name="Adaptee" element="net.md_5.bungee.UserConnection" />
			<role name="Adapter" element="net.md_5.bungee.connection.UpstreamBridge" />
			<role name="adaptee" element="net.md_5.bungee.connection.UpstreamBridge::con:net.md_5.bungee.UserConnection" />
			<role name="Request()" element="net.md_5.bungee.connection.UpstreamBridge::toString():java.lang.String" />
		</instance>
		<instance>
			<role name="Adaptee" element="net.md_5.bungee.netty.ChannelWrapper" />
			<role name="Adapter" element="net.md_5.bungee.UserConnection" />
			<role name="adaptee" element="net.md_5.bungee.UserConnection::ch:net.md_5.bungee.netty.ChannelWrapper" />
			<role name="Request()" element="net.md_5.bungee.UserConnection::connect(net.md_5.bungee.api.ServerConnectRequest):void" />
		</instance>
		<instance>
			<role name="Adaptee" element="net.md_5.bungee.forge.ForgeClientHandler" />
			<role name="Adapter" element="net.md_5.bungee.UserConnection" />
			<role name="adaptee" element="net.md_5.bungee.UserConnection::forgeClientHandler:net.md_5.bungee.forge.ForgeClientHandler" />
			<role name="Request()" element="net.md_5.bungee.UserConnection::sendData(java.lang.String, byte[]):void" />
			<role name="Request()" element="net.md_5.bungee.UserConnection::isForgeUser():boolean" />
			<role name="Request()" element="net.md_5.bungee.UserConnection::getModList():java.util.Map" />
		</instance>
		<instance>
			<role name="Adaptee" element="net.md_5.bungee.ServerConnection" />
			<role name="Adapter" element="net.md_5.bungee.connection.DownstreamBridge" />
			<role name="adaptee" element="net.md_5.bungee.connection.DownstreamBridge::server:net.md_5.bungee.ServerConnection" />
			<role name="Request()" element="net.md_5.bungee.connection.DownstreamBridge::toString():java.lang.String" />
		</instance>
		<instance>
			<role name="Adaptee" element="net.md_5.bungee.BungeeServerInfo" />
			<role name="Adapter" element="net.md_5.bungee.ServerConnector" />
			<role name="adaptee" element="net.md_5.bungee.ServerConnector::target:net.md_5.bungee.BungeeServerInfo" />
			<role name="Request()" element="net.md_5.bungee.ServerConnector::toString():java.lang.String" />
		</instance>
		<instance>
			<role name="Adaptee" element="net.md_5.bungee.api.config.ServerInfo" />
			<role name="Adapter" element="net.md_5.bungee.connection.PingHandler" />
			<role name="adaptee" element="net.md_5.bungee.connection.PingHandler::target:net.md_5.bungee.api.config.ServerInfo" />
			<role name="Request()" element="net.md_5.bungee.connection.PingHandler::toString():java.lang.String" />
		</instance>
		<instance>
			<role name="Adaptee" element="net.md_5.bungee.protocol.packet.ClientSettings" />
			<role name="Adapter" element="net.md_5.bungee.UserConnection" />
			<role name="adaptee" element="net.md_5.bungee.UserConnection::settings:net.md_5.bungee.protocol.packet.ClientSettings" />
			<role name="Request()" element="net.md_5.bungee.UserConnection::getLocale():java.util.Locale" />
			<role name="Request()" element="net.md_5.bungee.UserConnection::getViewDistance():byte" />
			<role name="Request()" element="net.md_5.bungee.UserConnection::getChatMode():net.md_5.bungee.api.connection.ProxiedPlayer$ChatMode" />
			<role name="Request()" element="net.md_5.bungee.UserConnection::hasChatColors():boolean" />
			<role name="Request()" element="net.md_5.bungee.UserConnection::getSkinParts():net.md_5.bungee.api.SkinConfiguration" />
			<role name="Request()" element="net.md_5.bungee.UserConnection::getMainHand():net.md_5.bungee.api.connection.ProxiedPlayer$MainHand" />
		</instance>
		<instance>
			<role name="Adaptee" element="net.md_5.bungee.api.ProxyServer" />
			<role name="Adapter" element="net.md_5.bungee.UserConnection" />
			<role name="adaptee" element="net.md_5.bungee.UserConnection::bungee:net.md_5.bungee.api.ProxyServer" />
			<role name="Request()" element="net.md_5.bungee.UserConnection::connect(net.md_5.bungee.api.ServerConnectRequest):void" />
		</instance>
		<instance>
			<role name="Adaptee" element="net.md_5.bungee.conf.Configuration" />
			<role name="Adapter" element="net.md_5.bungee.BungeeCord" />
			<role name="adaptee" element="net.md_5.bungee.BungeeCord::config:net.md_5.bungee.conf.Configuration" />
			<role name="Request()" element="net.md_5.bungee.BungeeCord::getServers():java.util.Map" />
			<role name="Request()" element="net.md_5.bungee.BungeeCord::getDisabledCommands():java.util.Collection" />
		</instance>
		<instance>
			<role name="Adaptee" element="net.md_5.bungee.jni.zlib.NativeCompressImpl" />
			<role name="Adapter" element="net.md_5.bungee.jni.zlib.NativeZlib" />
			<role name="adaptee" element="net.md_5.bungee.jni.zlib.NativeZlib::nativeCompress:net.md_5.bungee.jni.zlib.NativeCompressImpl" />
			<role name="Request()" element="net.md_5.bungee.jni.zlib.NativeZlib::init(boolean, int):void" />
			<role name="Request()" element="net.md_5.bungee.jni.zlib.NativeZlib::free():void" />
			<role name="Request()" element="net.md_5.bungee.jni.zlib.NativeZlib::process(io.netty.buffer.ByteBuf, io.netty.buffer.ByteBuf):void" />
		</instance>
		<instance>
			<role name="Adaptee" element="net.md_5.bungee.jni.cipher.NativeCipherImpl" />
			<role name="Adapter" element="net.md_5.bungee.jni.cipher.NativeCipher" />
			<role name="adaptee" element="net.md_5.bungee.jni.cipher.NativeCipher::nativeCipher:net.md_5.bungee.jni.cipher.NativeCipherImpl" />
			<role name="Request()" element="net.md_5.bungee.jni.cipher.NativeCipher::init(boolean, javax.crypto.SecretKey):void" />
			<role name="Request()" element="net.md_5.bungee.jni.cipher.NativeCipher::free():void" />
			<role name="Request()" element="net.md_5.bungee.jni.cipher.NativeCipher::cipher(io.netty.buffer.ByteBuf, io.netty.buffer.ByteBuf):void" />
		</instance>
		<instance>
			<role name="Adaptee" element="net.md_5.bungee.util.CaseInsensitiveMap" />
			<role name="Adapter" element="net.md_5.bungee.module.reconnect.yaml.YamlReconnectHandler" />
			<role name="adaptee" element="net.md_5.bungee.module.reconnect.yaml.YamlReconnectHandler::data:net.md_5.bungee.util.CaseInsensitiveMap" />
			<role name="Request()" element="net.md_5.bungee.module.reconnect.yaml.YamlReconnectHandler::getStoredServer(net.md_5.bungee.api.connection.ProxiedPlayer):net.md_5.bungee.api.config.ServerInfo" />
		</instance>
		<instance>
			<role name="Adaptee" element="net.md_5.bungee.scheduler.BungeeScheduler" />
			<role name="Adapter" element="net.md_5.bungee.scheduler.BungeeTask" />
			<role name="adaptee" element="net.md_5.bungee.scheduler.BungeeTask::sched:net.md_5.bungee.scheduler.BungeeScheduler" />
			<role name="Request()" element="net.md_5.bungee.scheduler.BungeeTask::cancel():void" />
		</instance>
		<instance>
			<role name="Adaptee" element="net.md_5.bungee.ServerConnection" />
			<role name="Adapter" element="net.md_5.bungee.UserConnection" />
			<role name="adaptee" element="net.md_5.bungee.UserConnection::server:net.md_5.bungee.ServerConnection" />
			<role name="Request()" element="net.md_5.bungee.UserConnection::chat(java.lang.String):void" />
		</instance>
	</pattern>
	<pattern name="Command" />
	<pattern name="Composite" />
	<pattern name="Decorator" />
	<pattern name="Observer" />
	<pattern name="State">
		<instance>
			<role name="Context" element="net.md_5.bungee.query.QueryHandler" />
			<role name="State" element="net.md_5.bungee.api.ProxyServer" />
			<role name="state" element="net.md_5.bungee.query.QueryHandler::bungee:net.md_5.bungee.api.ProxyServer" />
			<role name="Request()" element="net.md_5.bungee.query.QueryHandler::channelRead0(io.netty.channel.ChannelHandlerContext, io.netty.channel.socket.DatagramPacket):void" />
			<role name="Request()" element="net.md_5.bungee.query.QueryHandler::handleMessage(io.netty.channel.ChannelHandlerContext, io.netty.channel.socket.DatagramPacket):void" />
			<role name="Request()" element="net.md_5.bungee.query.QueryHandler::exceptionCaught(io.netty.channel.ChannelHandlerContext, java.lang.Throwable):void" />
		</instance>
		<instance>
			<role name="Context" element="net.md_5.bungee.api.plugin.PluginManager" />
			<role name="State" element="net.md_5.bungee.api.ProxyServer" />
			<role name="state" element="net.md_5.bungee.api.plugin.PluginManager::proxy:net.md_5.bungee.api.ProxyServer" />
			<role name="Request()" element="net.md_5.bungee.api.plugin.PluginManager::getCommandIfEnabled(java.lang.String, net.md_5.bungee.api.CommandSender):net.md_5.bungee.api.plugin.Command" />
			<role name="Request()" element="net.md_5.bungee.api.plugin.PluginManager::dispatchCommand(net.md_5.bungee.api.CommandSender, java.lang.String, java.util.List):boolean" />
			<role name="Request()" element="net.md_5.bungee.api.plugin.PluginManager::enablePlugin(java.util.Map, java.util.Stack, net.md_5.bungee.api.plugin.PluginDescription):boolean" />
		</instance>
		<instance>
			<role name="Context" element="net.md_5.bungee.api.plugin.PluginClassloader" />
			<role name="State" element="net.md_5.bungee.api.ProxyServer" />
			<role name="state" element="net.md_5.bungee.api.plugin.PluginClassloader::proxy:net.md_5.bungee.api.ProxyServer" />
			<role name="Request()" element="net.md_5.bungee.api.plugin.PluginClassloader::loadClass0(java.lang.String, boolean, boolean, boolean):java.lang.Class" />
		</instance>
		<instance>
			<role name="Context" element="net.md_5.bungee.command.ConsoleCommandCompleter" />
			<role name="State" element="net.md_5.bungee.api.ProxyServer" />
			<role name="state" element="net.md_5.bungee.command.ConsoleCommandCompleter::proxy:net.md_5.bungee.api.ProxyServer" />
			<role name="Request()" element="net.md_5.bungee.command.ConsoleCommandCompleter::complete(java.lang.String, int, java.util.List):int" />
		</instance>
		<instance>
			<role name="Context" element="net.md_5.bungee.ServerConnector" />
			<role name="State" element="net.md_5.bungee.api.ProxyServer" />
			<role name="state" element="net.md_5.bungee.ServerConnector::bungee:net.md_5.bungee.api.ProxyServer" />
			<role name="Request()" element="net.md_5.bungee.ServerConnector::cutThrough(net.md_5.bungee.ServerConnection):void" />
			<role name="Request()" element="net.md_5.bungee.ServerConnector::handle(net.md_5.bungee.protocol.packet.Kick):void" />
		</instance>
		<instance>
			<role name="Context" element="net.md_5.bungee.connection.DownstreamBridge" />
			<role name="State" element="net.md_5.bungee.api.ProxyServer" />
			<role name="state" element="net.md_5.bungee.connection.DownstreamBridge::bungee:net.md_5.bungee.api.ProxyServer" />
			<role name="Request()" element="net.md_5.bungee.connection.DownstreamBridge::exception(java.lang.Throwable):void" />
			<role name="Request()" element="net.md_5.bungee.connection.DownstreamBridge::disconnected(net.md_5.bungee.netty.ChannelWrapper):void" />
			<role name="Request()" element="net.md_5.bungee.connection.DownstreamBridge::handle(net.md_5.bungee.protocol.packet.KeepAlive):void" />
			<role name="Request()" element="net.md_5.bungee.connection.DownstreamBridge::handle(net.md_5.bungee.protocol.packet.PluginMessage):void" />
			<role name="Request()" element="net.md_5.bungee.connection.DownstreamBridge::handle(net.md_5.bungee.protocol.packet.Kick):void" />
			<role name="Request()" element="net.md_5.bungee.connection.DownstreamBridge::handle(net.md_5.bungee.protocol.packet.TabCompleteResponse):void" />
			<role name="Request()" element="net.md_5.bungee.connection.DownstreamBridge::handle(net.md_5.bungee.protocol.packet.Commands):void" />
			<role name="Request()" element="net.md_5.bungee.connection.DownstreamBridge::lambda$handle$1(java.lang.String, java.util.Map$Entry):boolean" />
		</instance>
		<instance>
			<role name="Context" element="net.md_5.bungee.connection.UpstreamBridge" />
			<role name="State" element="net.md_5.bungee.api.ProxyServer" />
			<role name="state" element="net.md_5.bungee.connection.UpstreamBridge::bungee:net.md_5.bungee.api.ProxyServer" />
			<role name="Request()" element="net.md_5.bungee.connection.UpstreamBridge::disconnected(net.md_5.bungee.netty.ChannelWrapper):void" />
			<role name="Request()" element="net.md_5.bungee.connection.UpstreamBridge::handleChat(java.lang.String):java.lang.String" />
			<role name="Request()" element="net.md_5.bungee.connection.UpstreamBridge::handle(net.md_5.bungee.protocol.packet.TabCompleteRequest):void" />
			<role name="Request()" element="net.md_5.bungee.connection.UpstreamBridge::handle(net.md_5.bungee.protocol.packet.ClientSettings):void" />
			<role name="Request()" element="net.md_5.bungee.connection.UpstreamBridge::handle(net.md_5.bungee.protocol.packet.PluginMessage):void" />
		</instance>
		<instance>
			<role name="Context" element="net.md_5.bungee.connection.PingHandler" />
			<role name="State" element="net.md_5.bungee.api.Callback" />
			<role name="state" element="net.md_5.bungee.connection.PingHandler::callback:net.md_5.bungee.api.Callback" />
			<role name="Request()" element="net.md_5.bungee.connection.PingHandler::exception(java.lang.Throwable):void" />
			<role name="Request()" element="net.md_5.bungee.connection.PingHandler::handle(net.md_5.bungee.protocol.packet.StatusResponse):void" />
		</instance>
		<instance>
			<role name="State" element="net.md_5.bungee.api.Callback" />
			<role name="Context" element="net.md_5.bungee.http.HttpHandler" />
			<role name="state" element="net.md_5.bungee.http.HttpHandler::callback:net.md_5.bungee.api.Callback" />
			<role name="Request()" element="net.md_5.bungee.http.HttpHandler::exceptionCaught(io.netty.channel.ChannelHandlerContext, java.lang.Throwable):void" />
			<role name="Request()" element="net.md_5.bungee.http.HttpHandler::done(io.netty.channel.ChannelHandlerContext):void" />
		</instance>
		<instance>
			<role name="Context" element="net.md_5.bungee.connection.PingHandler" />
			<role name="State" element="net.md_5.bungee.api.config.ServerInfo" />
			<role name="state" element="net.md_5.bungee.connection.PingHandler::target:net.md_5.bungee.api.config.ServerInfo" />
			<role name="Request()" element="net.md_5.bungee.connection.PingHandler::connected(net.md_5.bungee.netty.ChannelWrapper):void" />
			<role name="Request()" element="net.md_5.bungee.connection.PingHandler::toString():java.lang.String" />
		</instance>
		<instance>
			<role name="Context" element="net.md_5.bungee.protocol.packet.Commands$ArgumentRegistry" />
			<role name="State" element="net.md_5.bungee.protocol.packet.Commands$ArgumentRegistry$ArgumentSerializer" />
			<role name="state" element="net.md_5.bungee.protocol.packet.Commands$ArgumentRegistry::IDS_1_19_4:net.md_5.bungee.protocol.packet.Commands$ArgumentRegistry$ArgumentSerializer[]" />
			<role name="state" element="net.md_5.bungee.protocol.packet.Commands$ArgumentRegistry::IDS_1_19_3:net.md_5.bungee.protocol.packet.Commands$ArgumentRegistry$ArgumentSerializer[]" />
			<role name="state" element="net.md_5.bungee.protocol.packet.Commands$ArgumentRegistry::IDS_1_19:net.md_5.bungee.protocol.packet.Commands$ArgumentRegistry$ArgumentSerializer[]" />
			<role name="Request()" element="net.md_5.bungee.protocol.packet.Commands$ArgumentRegistry::read(io.netty.buffer.ByteBuf, int):com.mojang.brigadier.arguments.ArgumentType" />
		</instance>
		<instance>
			<role name="Context" element="net.md_5.bungee.UserConnection" />
			<role name="State" element="net.md_5.bungee.api.ProxyServer" />
			<role name="state" element="net.md_5.bungee.UserConnection::bungee:net.md_5.bungee.api.ProxyServer" />
			<role name="Request()" element="net.md_5.bungee.UserConnection::init():void" />
			<role name="Request()" element="net.md_5.bungee.UserConnection::connect(net.md_5.bungee.api.ServerConnectRequest):void" />
			<role name="Request()" element="net.md_5.bungee.UserConnection::disconnect0(net.md_5.bungee.api.chat.BaseComponent[]):void" />
			<role name="Request()" element="net.md_5.bungee.UserConnection::addGroups(java.lang.String[]):void" />
			<role name="Request()" element="net.md_5.bungee.UserConnection::removeGroups(java.lang.String[]):void" />
			<role name="Request()" element="net.md_5.bungee.UserConnection::hasPermission(java.lang.String):boolean" />
		</instance>
		<instance>
			<role name="Context" element="net.md_5.bungee.compress.PacketCompressor" />
			<role name="State" element="net.md_5.bungee.jni.zlib.BungeeZlib" />
			<role name="state" element="net.md_5.bungee.compress.PacketCompressor::zlib:net.md_5.bungee.jni.zlib.BungeeZlib" />
			<role name="Request()" element="net.md_5.bungee.compress.PacketCompressor::handlerAdded(io.netty.channel.ChannelHandlerContext):void" />
			<role name="Request()" element="net.md_5.bungee.compress.PacketCompressor::handlerRemoved(io.netty.channel.ChannelHandlerContext):void" />
			<role name="Request()" element="net.md_5.bungee.compress.PacketCompressor::encode(io.netty.channel.ChannelHandlerContext, io.netty.buffer.ByteBuf, io.netty.buffer.ByteBuf):void" />
		</instance>
		<instance>
			<role name="Context" element="net.md_5.bungee.compress.PacketDecompressor" />
			<role name="State" element="net.md_5.bungee.jni.zlib.BungeeZlib" />
			<role name="state" element="net.md_5.bungee.compress.PacketDecompressor::zlib:net.md_5.bungee.jni.zlib.BungeeZlib" />
			<role name="Request()" element="net.md_5.bungee.compress.PacketDecompressor::handlerAdded(io.netty.channel.ChannelHandlerContext):void" />
			<role name="Request()" element="net.md_5.bungee.compress.PacketDecompressor::handlerRemoved(io.netty.channel.ChannelHandlerContext):void" />
			<role name="Request()" element="net.md_5.bungee.compress.PacketDecompressor::decode(io.netty.channel.ChannelHandlerContext, io.netty.buffer.ByteBuf, java.util.List):void" />
		</instance>
		<instance>
			<role name="Context" element="net.md_5.bungee.netty.cipher.CipherDecoder" />
			<role name="State" element="net.md_5.bungee.jni.cipher.BungeeCipher" />
			<role name="state" element="net.md_5.bungee.netty.cipher.CipherDecoder::cipher:net.md_5.bungee.jni.cipher.BungeeCipher" />
			<role name="Request()" element="net.md_5.bungee.netty.cipher.CipherDecoder::decode(io.netty.channel.ChannelHandlerContext, io.netty.buffer.ByteBuf, java.util.List):void" />
			<role name="Request()" element="net.md_5.bungee.netty.cipher.CipherDecoder::handlerRemoved(io.netty.channel.ChannelHandlerContext):void" />
		</instance>
		<instance>
			<role name="Context" element="net.md_5.bungee.netty.cipher.CipherEncoder" />
			<role name="State" element="net.md_5.bungee.jni.cipher.BungeeCipher" />
			<role name="state" element="net.md_5.bungee.netty.cipher.CipherEncoder::cipher:net.md_5.bungee.jni.cipher.BungeeCipher" />
			<role name="Request()" element="net.md_5.bungee.netty.cipher.CipherEncoder::encode(io.netty.channel.ChannelHandlerContext, io.netty.buffer.ByteBuf, io.netty.buffer.ByteBuf):void" />
			<role name="Request()" element="net.md_5.bungee.netty.cipher.CipherEncoder::handlerRemoved(io.netty.channel.ChannelHandlerContext):void" />
		</instance>
		<instance>
			<role name="Context" element="net.md_5.bungee.api.event.AsyncEvent" />
			<role name="State" element="net.md_5.bungee.api.Callback" />
			<role name="state" element="net.md_5.bungee.api.event.AsyncEvent::done:net.md_5.bungee.api.Callback" />
			<role name="Request()" element="net.md_5.bungee.api.event.AsyncEvent::postCall():void" />
			<role name="Request()" element="net.md_5.bungee.api.event.AsyncEvent::completeIntent(net.md_5.bungee.api.plugin.Plugin):void" />
		</instance>
		<instance>
			<role name="Context" element="net.md_5.bungee.BungeeCord" />
			<role name="State" element="net.md_5.bungee.api.ReconnectHandler" />
			<role name="state" element="net.md_5.bungee.BungeeCord::reconnectHandler:net.md_5.bungee.api.ReconnectHandler" />
			<role name="Request()" element="net.md_5.bungee.BungeeCord::independentThreadStop(java.lang.String, boolean):void" />
		</instance>
		<instance>
			<role name="Context" element="net.md_5.bungee.module.cmd.send.CommandSend$SendCallback" />
			<role name="State" element="net.md_5.bungee.api.CommandSender" />
			<role name="state" element="net.md_5.bungee.module.cmd.send.CommandSend$SendCallback::sender:net.md_5.bungee.api.CommandSender" />
			<role name="Request()" element="net.md_5.bungee.module.cmd.send.CommandSend$SendCallback::lastEntryDone():void" />
		</instance>
		<instance>
			<role name="State" element="net.md_5.bungee.api.connection.Connection$Unsafe" />
			<role name="Context" element="net.md_5.bungee.connection.InitialHandler" />
			<role name="state" element="net.md_5.bungee.connection.InitialHandler::unsafe:net.md_5.bungee.api.connection.Connection$Unsafe" />
			<role name="Request()" element="net.md_5.bungee.connection.InitialHandler::handle(net.md_5.bungee.protocol.packet.PingPacket):void" />
		</instance>
		<instance>
			<role name="State" element="net.md_5.bungee.api.connection.Connection$Unsafe" />
			<role name="Context" element="net.md_5.bungee.UserConnection" />
			<role name="state" element="net.md_5.bungee.UserConnection::unsafe:net.md_5.bungee.api.connection.Connection$Unsafe" />
			<role name="Request()" element="net.md_5.bungee.UserConnection::setCompressionThreshold(int):void" />
		</instance>
		<instance>
			<role name="Context" element="net.md_5.bungee.module.cmd.send.CommandSend$SendCallback$Entry" />
			<role name="State" element="net.md_5.bungee.api.config.ServerInfo" />
			<role name="state" element="net.md_5.bungee.module.cmd.send.CommandSend$SendCallback$Entry::target:net.md_5.bungee.api.config.ServerInfo" />
			<role name="Request()" element="net.md_5.bungee.module.cmd.send.CommandSend$SendCallback$Entry::done(net.md_5.bungee.api.ServerConnectRequest$Result, java.lang.Throwable):void" />
		</instance>
	</pattern>
	<pattern name="Strategy" />
	<pattern name="Bridge" />
	<pattern name="Template Method">
		<instance>
			<role name="AbstractClass" element="net.md_5.bungee.api.AbstractReconnectHandler" />
			<role name="TemplateMethod()" element="net.md_5.bungee.api.AbstractReconnectHandler::getServer(net.md_5.bungee.api.connection.ProxiedPlayer):net.md_5.bungee.api.config.ServerInfo" />
		</instance>
		<instance>
			<role name="AbstractClass" element="net.md_5.bungee.api.chat.BaseComponent" />
			<role name="TemplateMethod()" element="net.md_5.bungee.api.chat.BaseComponent::duplicateWithoutFormatting():net.md_5.bungee.api.chat.BaseComponent" />
		</instance>
		<instance>
			<role name="AbstractClass" element="net.md_5.bungee.api.chat.hover.content.Content" />
			<role name="TemplateMethod()" element="net.md_5.bungee.api.chat.hover.content.Content::assertAction(net.md_5.bungee.api.chat.HoverEvent$Action):void" />
		</instance>
	</pattern>
	<pattern name="Visitor" />
	<pattern name="Proxy" />
	<pattern name="Proxy2" />
	<pattern name="Chain of Responsibility">
		<instance>
			<role name="Handler" element="net.md_5.bungee.api.chat.BaseComponent" />
			<role name="successor" element="net.md_5.bungee.api.chat.BaseComponent::parent:net.md_5.bungee.api.chat.BaseComponent" />
		</instance>
	</pattern>
</system>

