<?xml version="1.0" encoding="UTF-8"?>
<system>
	<pattern name="Factory Method">
		<instance>
			<role name="Creator" element="com.google.sitebricks.client.Web$FormatBuilder" />
			<role name="FactoryMethod()" element="com.google.sitebricks.client.Web$FormatBuilder::transports():com.google.sitebricks.client.Web$ReadAsBuilder" />
		</instance>
		<instance>
			<role name="Creator" element="com.google.sitebricks.client.Web$ReadAsBuilder" />
			<role name="FactoryMethod()" element="com.google.sitebricks.client.Web$ReadAsBuilder::over(java.lang.Class):com.google.sitebricks.client.WebClient" />
		</instance>
		<instance>
			<role name="Creator" element="com.google.sitebricks.client.WebResponse" />
			<role name="FactoryMethod()" element="com.google.sitebricks.client.WebResponse::to():com.google.sitebricks.client.WebResponse$ResponseTransportBuilder" />
		</instance>
	</pattern>
	<pattern name="Prototype" />
	<pattern name="Singleton" />
	<pattern name="(Object)Adapter" />
	<pattern name="Command" />
	<pattern name="Composite" />
	<pattern name="Decorator" />
	<pattern name="Observer" />
	<pattern name="State">
		<instance>
			<role name="State" element="com.google.sitebricks.conversion.ConverterRegistry" />
			<role name="Context" element="com.google.sitebricks.conversion.MvelConversionHandlers" />
			<role name="state" element="com.google.sitebricks.conversion.MvelConversionHandlers::registry:com.google.sitebricks.conversion.ConverterRegistry" />
			<role name="Request()" element="com.google.sitebricks.conversion.MvelConversionHandlers::prepare(com.google.sitebricks.conversion.ConverterRegistry, com.google.sitebricks.conversion.TypeConverter):void" />
		</instance>
		<instance>
			<role name="Context" element="com.google.sitebricks.client.AHCWebClient" />
			<role name="State" element="com.google.sitebricks.client.Transport" />
			<role name="state" element="com.google.sitebricks.client.AHCWebClient::transport:com.google.sitebricks.client.Transport" />
			<role name="Request()" element="com.google.sitebricks.client.AHCWebClient::addHeadersToRequestBuilder(com.ning.http.client.RequestBuilder):com.ning.http.client.RequestBuilder" />
		</instance>
	</pattern>
	<pattern name="Strategy" />
	<pattern name="Bridge" />
	<pattern name="Template Method" />
	<pattern name="Visitor" />
	<pattern name="Proxy" />
	<pattern name="Proxy2" />
	<pattern name="Chain of Responsibility" />
</system>

