<?xml version="1.0" encoding="UTF-8"?>
<system>
	<pattern name="Factory Method">
		<instance>
			<role name="Creator" element="zmq.io.mechanism.Mechanisms" />
			<role name="FactoryMethod()" element="zmq.io.mechanism.Mechanisms::create(zmq.io.SessionBase, zmq.io.net.Address, zmq.Options):zmq.io.mechanism.Mechanism" />
		</instance>
		<instance>
			<role name="Creator" element="zmq.msg.MsgAllocator" />
			<role name="FactoryMethod()" element="zmq.msg.MsgAllocator::allocate(int):zmq.Msg" />
		</instance>
		<instance>
			<role name="Creator" element="zmq.socket.Sockets" />
			<role name="FactoryMethod()" element="zmq.socket.Sockets::create(zmq.Ctx, int, int):zmq.SocketBase" />
		</instance>
		<instance>
			<role name="Creator" element="org.zeromq.ZPoller$ItemCreator" />
			<role name="FactoryMethod()" element="org.zeromq.ZPoller$ItemCreator::create(org.zeromq.ZMQ$Socket, org.zeromq.ZPoller$EventsHandler, int):org.zeromq.ZPoller$ItemHolder" />
			<role name="FactoryMethod()" element="org.zeromq.ZPoller$ItemCreator::create(java.nio.channels.SelectableChannel, org.zeromq.ZPoller$EventsHandler, int):org.zeromq.ZPoller$ItemHolder" />
		</instance>
		<instance>
			<role name="Creator" element="org.zeromq.ZStar$Fortune" />
			<role name="FactoryMethod()" element="org.zeromq.ZStar$Fortune::create(org.zeromq.ZContext, org.zeromq.ZMQ$Socket, int, org.zeromq.ZStar$Star, java.lang.Object[]):org.zeromq.ZStar$Star" />
		</instance>
	</pattern>
	<pattern name="Prototype" />
	<pattern name="Singleton" />
	<pattern name="(Object)Adapter">
		<instance>
			<role name="Adaptee" element="zmq.socket.FQ" />
			<role name="Adapter" element="zmq.socket.Stream" />
			<role name="adaptee" element="zmq.socket.Stream::fq:zmq.socket.FQ" />
			<role name="Request()" element="zmq.socket.Stream::xattachPipe(zmq.pipe.Pipe, boolean, boolean):void" />
			<role name="Request()" element="zmq.socket.Stream::xpipeTerminated(zmq.pipe.Pipe):void" />
		</instance>
		<instance>
			<role name="Adaptee" element="zmq.socket.FQ" />
			<role name="Adapter" element="zmq.socket.reqrep.Router" />
			<role name="adaptee" element="zmq.socket.reqrep.Router::fq:zmq.socket.FQ" />
			<role name="Request()" element="zmq.socket.reqrep.Router::xattachPipe(zmq.pipe.Pipe, boolean, boolean):void" />
			<role name="Request()" element="zmq.socket.reqrep.Router::xpipeTerminated(zmq.pipe.Pipe):void" />
		</instance>
		<instance>
			<role name="Adaptee" element="zmq.socket.FQ" />
			<role name="Adapter" element="zmq.socket.pubsub.XSub" />
			<role name="adaptee" element="zmq.socket.pubsub.XSub::fq:zmq.socket.FQ" />
			<role name="Request()" element="zmq.socket.pubsub.XSub::xattachPipe(zmq.pipe.Pipe, boolean, boolean):void" />
			<role name="Request()" element="zmq.socket.pubsub.XSub::xpipeTerminated(zmq.pipe.Pipe):void" />
		</instance>
		<instance>
			<role name="Adaptee" element="zmq.socket.FQ" />
			<role name="Adapter" element="zmq.socket.radiodish.Dish" />
			<role name="adaptee" element="zmq.socket.radiodish.Dish::fq:zmq.socket.FQ" />
			<role name="Request()" element="zmq.socket.radiodish.Dish::xattachPipe(zmq.pipe.Pipe, boolean, boolean):void" />
			<role name="Request()" element="zmq.socket.radiodish.Dish::xpipeTerminated(zmq.pipe.Pipe):void" />
		</instance>
		<instance>
			<role name="Adaptee" element="zmq.socket.FQ" />
			<role name="Adapter" element="zmq.socket.clientserver.Client" />
			<role name="adaptee" element="zmq.socket.clientserver.Client::fq:zmq.socket.FQ" />
			<role name="Request()" element="zmq.socket.clientserver.Client::xattachPipe(zmq.pipe.Pipe, boolean, boolean):void" />
			<role name="Request()" element="zmq.socket.clientserver.Client::xpipeTerminated(zmq.pipe.Pipe):void" />
		</instance>
		<instance>
			<role name="Adaptee" element="zmq.socket.FQ" />
			<role name="Adapter" element="zmq.socket.reqrep.Dealer" />
			<role name="adaptee" element="zmq.socket.reqrep.Dealer::fq:zmq.socket.FQ" />
			<role name="Request()" element="zmq.socket.reqrep.Dealer::xattachPipe(zmq.pipe.Pipe, boolean, boolean):void" />
			<role name="Request()" element="zmq.socket.reqrep.Dealer::xpipeTerminated(zmq.pipe.Pipe):void" />
		</instance>
		<instance>
			<role name="Adaptee" element="zmq.socket.FQ" />
			<role name="Adapter" element="zmq.socket.clientserver.Server" />
			<role name="adaptee" element="zmq.socket.clientserver.Server::fq:zmq.socket.FQ" />
			<role name="Request()" element="zmq.socket.clientserver.Server::xattachPipe(zmq.pipe.Pipe, boolean, boolean):void" />
			<role name="Request()" element="zmq.socket.clientserver.Server::xpipeTerminated(zmq.pipe.Pipe):void" />
		</instance>
		<instance>
			<role name="Adaptee" element="zmq.socket.FQ" />
			<role name="Adapter" element="zmq.socket.pipeline.Pull" />
			<role name="adaptee" element="zmq.socket.pipeline.Pull::fq:zmq.socket.FQ" />
			<role name="Request()" element="zmq.socket.pipeline.Pull::xattachPipe(zmq.pipe.Pipe, boolean, boolean):void" />
			<role name="Request()" element="zmq.socket.pipeline.Pull::xpipeTerminated(zmq.pipe.Pipe):void" />
		</instance>
		<instance>
			<role name="Adaptee" element="zmq.socket.FQ" />
			<role name="Adapter" element="zmq.socket.scattergather.Gather" />
			<role name="adaptee" element="zmq.socket.scattergather.Gather::fq:zmq.socket.FQ" />
			<role name="Request()" element="zmq.socket.scattergather.Gather::xattachPipe(zmq.pipe.Pipe, boolean, boolean):void" />
			<role name="Request()" element="zmq.socket.scattergather.Gather::xpipeTerminated(zmq.pipe.Pipe):void" />
		</instance>
		<instance>
			<role name="Adaptee" element="org.zeromq.ZMQ$Socket" />
			<role name="Adapter" element="org.zeromq.ZAgent$SimpleAgent" />
			<role name="adaptee" element="org.zeromq.ZAgent$SimpleAgent::pipe:org.zeromq.ZMQ$Socket" />
			<role name="Request()" element="org.zeromq.ZAgent$SimpleAgent::close():void" />
			<role name="Request()" element="org.zeromq.ZAgent$SimpleAgent::recv(int):org.zeromq.ZMsg" />
			<role name="Request()" element="org.zeromq.ZAgent$SimpleAgent::recv(boolean):org.zeromq.ZMsg" />
			<role name="Request()" element="org.zeromq.ZAgent$SimpleAgent::send(java.lang.String):boolean" />
			<role name="Request()" element="org.zeromq.ZAgent$SimpleAgent::send(java.lang.String, boolean):boolean" />
		</instance>
		<instance>
			<role name="Adaptee" element="zmq.io.mechanism.plain.PlainClientMechanism$State" />
			<role name="Adapter" element="zmq.io.mechanism.plain.PlainClientMechanism" />
			<role name="adaptee" element="zmq.io.mechanism.plain.PlainClientMechanism::state:zmq.io.mechanism.plain.PlainClientMechanism$State" />
			<role name="Request()" element="zmq.io.mechanism.plain.PlainClientMechanism::nextHandshakeCommand(zmq.Msg):int" />
		</instance>
		<instance>
			<role name="Adaptee" element="zmq.io.mechanism.plain.PlainServerMechanism$State" />
			<role name="Adapter" element="zmq.io.mechanism.plain.PlainServerMechanism" />
			<role name="adaptee" element="zmq.io.mechanism.plain.PlainServerMechanism::state:zmq.io.mechanism.plain.PlainServerMechanism$State" />
			<role name="Request()" element="zmq.io.mechanism.plain.PlainServerMechanism::nextHandshakeCommand(zmq.Msg):int" />
			<role name="Request()" element="zmq.io.mechanism.plain.PlainServerMechanism::processHandshakeCommand(zmq.Msg):int" />
		</instance>
		<instance>
			<role name="Adaptee" element="zmq.io.mechanism.curve.CurveClientMechanism$State" />
			<role name="Adapter" element="zmq.io.mechanism.curve.CurveClientMechanism" />
			<role name="adaptee" element="zmq.io.mechanism.curve.CurveClientMechanism::state:zmq.io.mechanism.curve.CurveClientMechanism$State" />
			<role name="Request()" element="zmq.io.mechanism.curve.CurveClientMechanism::nextHandshakeCommand(zmq.Msg):int" />
		</instance>
		<instance>
			<role name="Adaptee" element="zmq.io.mechanism.curve.CurveServerMechanism$State" />
			<role name="Adapter" element="zmq.io.mechanism.curve.CurveServerMechanism" />
			<role name="adaptee" element="zmq.io.mechanism.curve.CurveServerMechanism::state:zmq.io.mechanism.curve.CurveServerMechanism$State" />
			<role name="Request()" element="zmq.io.mechanism.curve.CurveServerMechanism::nextHandshakeCommand(zmq.Msg):int" />
			<role name="Request()" element="zmq.io.mechanism.curve.CurveServerMechanism::processHandshakeCommand(zmq.Msg):int" />
		</instance>
		<instance>
			<role name="Adapter" element="zmq.io.SessionBase" />
			<role name="Adaptee" element="zmq.io.IEngine" />
			<role name="adaptee" element="zmq.io.SessionBase::engine:zmq.io.IEngine" />
			<role name="Request()" element="zmq.io.SessionBase::pipeTerminated(zmq.pipe.Pipe):void" />
			<role name="Request()" element="zmq.io.SessionBase::readActivated(zmq.pipe.Pipe):void" />
			<role name="Request()" element="zmq.io.SessionBase::writeActivated(zmq.pipe.Pipe):void" />
			<role name="Request()" element="zmq.io.SessionBase::destroy():void" />
		</instance>
		<instance>
			<role name="Adapter" element="zmq.io.StreamEngine" />
			<role name="Adaptee" element="zmq.io.mechanism.Mechanism" />
			<role name="adaptee" element="zmq.io.StreamEngine::mechanism:zmq.io.mechanism.Mechanism" />
			<role name="Request()" element="zmq.io.StreamEngine::zapMsgAvailable():void" />
		</instance>
		<instance>
			<role name="Adapter" element="zmq.io.StreamEngine" />
			<role name="Adaptee" element="zmq.util.Errno" />
			<role name="adaptee" element="zmq.io.StreamEngine::errno:zmq.util.Errno" />
			<role name="Request()" element="zmq.io.StreamEngine::restartInput():void" />
		</instance>
		<instance>
			<role name="Adapter" element="zmq.io.StreamEngine" />
			<role name="Adaptee" element="zmq.io.Metadata" />
			<role name="adaptee" element="zmq.io.StreamEngine::metadata:zmq.io.Metadata" />
			<role name="Request()" element="zmq.io.StreamEngine::plug(zmq.io.IOThread, zmq.io.SessionBase):void" />
		</instance>
		<instance>
			<role name="Adapter" element="zmq.io.StreamEngine" />
			<role name="Adaptee" element="zmq.io.net.Address" />
			<role name="adaptee" element="zmq.io.StreamEngine::peerAddress:zmq.io.net.Address" />
			<role name="adaptee" element="zmq.io.StreamEngine::selfAddress:zmq.io.net.Address" />
			<role name="Request()" element="zmq.io.StreamEngine::plug(zmq.io.IOThread, zmq.io.SessionBase):void" />
		</instance>
		<instance>
			<role name="Adapter" element="zmq.io.StreamEngine" />
			<role name="Adaptee" element="zmq.util.ValueReference" />
			<role name="adaptee" element="zmq.io.StreamEngine::outpos:zmq.util.ValueReference" />
			<role name="Request()" element="zmq.io.StreamEngine::plug(zmq.io.IOThread, zmq.io.SessionBase):void" />
		</instance>
		<instance>
			<role name="Adapter" element="zmq.io.StreamEngine" />
			<role name="Adaptee" element="zmq.util.function.Function" />
			<role name="adaptee" element="zmq.io.StreamEngine::processMsg:zmq.util.function.Function" />
			<role name="Request()" element="zmq.io.StreamEngine::restartInput():void" />
		</instance>
		<instance>
			<role name="Adaptee" element="org.zeromq.ZMQ$Socket" />
			<role name="Adapter" element="org.zeromq.ZActor$Double" />
			<role name="adaptee" element="org.zeromq.ZActor$Double::pipe:org.zeromq.ZMQ$Socket" />
			<role name="Request()" element="org.zeromq.ZActor$Double::renews():boolean" />
		</instance>
		<instance>
			<role name="Adaptee" element="org.zeromq.ZPoller" />
			<role name="Adapter" element="org.zeromq.ZActor$Double" />
			<role name="adaptee" element="org.zeromq.ZActor$Double::poller:org.zeromq.ZPoller" />
			<role name="Request()" element="org.zeromq.ZActor$Double::prepare():void" />
			<role name="Request()" element="org.zeromq.ZActor$Double::breathe():int" />
			<role name="Request()" element="org.zeromq.ZActor$Double::renews():boolean" />
		</instance>
		<instance>
			<role name="Adaptee" element="zmq.util.Errno" />
			<role name="Adapter" element="zmq.Mailbox" />
			<role name="adaptee" element="zmq.Mailbox::errno:zmq.util.Errno" />
			<role name="Request()" element="zmq.Mailbox::recv(long):zmq.Command" />
		</instance>
		<instance>
			<role name="Adaptee" element="zmq.pipe.DBuffer" />
			<role name="Adapter" element="zmq.pipe.YPipeConflate" />
			<role name="adaptee" element="zmq.pipe.YPipeConflate::dbuffer:zmq.pipe.DBuffer" />
			<role name="Request()" element="zmq.pipe.YPipeConflate::write(T, boolean):void" />
			<role name="Request()" element="zmq.pipe.YPipeConflate::checkRead():boolean" />
		</instance>
		<instance>
			<role name="Adaptee" element="zmq.pipe.YQueue" />
			<role name="Adapter" element="zmq.pipe.YPipe" />
			<role name="adaptee" element="zmq.pipe.YPipe::queue:zmq.pipe.YQueue" />
			<role name="Request()" element="zmq.pipe.YPipe::write(T, boolean):void" />
			<role name="Request()" element="zmq.pipe.YPipe::unwrite():java.lang.Object" />
			<role name="Request()" element="zmq.pipe.YPipe::checkRead():boolean" />
			<role name="Request()" element="zmq.pipe.YPipe::read():java.lang.Object" />
			<role name="Request()" element="zmq.pipe.YPipe::probe():java.lang.Object" />
		</instance>
		<instance>
			<role name="Adaptee" element="zmq.IMailbox" />
			<role name="Adapter" element="zmq.SocketBase" />
			<role name="adaptee" element="zmq.SocketBase::mailbox:zmq.IMailbox" />
			<role name="Request()" element="zmq.SocketBase::destroy():void" />
		</instance>
		<instance>
			<role name="Adaptee" element="org.zeromq.ZCertStore" />
			<role name="Adapter" element="org.zeromq.ZAuth$SimpleCurveAuth" />
			<role name="adaptee" element="org.zeromq.ZAuth$SimpleCurveAuth::certStore:org.zeromq.ZCertStore" />
			<role name="Request()" element="org.zeromq.ZAuth$SimpleCurveAuth::authorize(org.zeromq.ZAuth$ZapRequest, boolean):boolean" />
		</instance>
		<instance>
			<role name="Adaptee" element="zmq.io.coder.IDecoder$Step" />
			<role name="Adapter" element="zmq.io.coder.DecoderBase" />
			<role name="adaptee" element="zmq.io.coder.DecoderBase::next:zmq.io.coder.IDecoder$Step" />
			<role name="Request()" element="zmq.io.coder.DecoderBase::decode(java.nio.ByteBuffer, int, zmq.util.ValueReference):zmq.io.coder.IDecoder$Step$Result" />
		</instance>
		<instance>
			<role name="Adaptee" element="org.zeromq.ZActor$Actor" />
			<role name="Adapter" element="org.zeromq.ZActor$Double" />
			<role name="adaptee" element="org.zeromq.ZActor$Double::actor:org.zeromq.ZActor$Actor" />
			<role name="Request()" element="org.zeromq.ZActor$Double::events(org.zeromq.ZMQ$Socket, int):boolean" />
			<role name="Request()" element="org.zeromq.ZActor$Double::prepare():void" />
			<role name="Request()" element="org.zeromq.ZActor$Double::breathe():int" />
			<role name="Request()" element="org.zeromq.ZActor$Double::entract():boolean" />
			<role name="Request()" element="org.zeromq.ZActor$Double::renews():boolean" />
		</instance>
		<instance>
			<role name="Adaptee" element="zmq.io.coder.IDecoder" />
			<role name="Adapter" element="zmq.io.StreamEngine" />
			<role name="adaptee" element="zmq.io.StreamEngine::decoder:zmq.io.coder.IDecoder" />
			<role name="Request()" element="zmq.io.StreamEngine::restartInput():void" />
		</instance>
		<instance>
			<role name="Adaptee" element="zmq.Msg" />
			<role name="Adapter" element="zmq.io.coder.raw.RawDecoder" />
			<role name="adaptee" element="zmq.io.coder.raw.RawDecoder::inProgress:zmq.Msg" />
			<role name="Request()" element="zmq.io.coder.raw.RawDecoder::decode(java.nio.ByteBuffer, int, zmq.util.ValueReference):zmq.io.coder.IDecoder$Step$Result" />
		</instance>
		<instance>
			<role name="Adaptee" element="zmq.pipe.YPipe" />
			<role name="Adapter" element="zmq.MailboxSafe" />
			<role name="adaptee" element="zmq.MailboxSafe::cpipe:zmq.pipe.YPipe" />
			<role name="Request()" element="zmq.MailboxSafe::send(zmq.Command):void" />
			<role name="Request()" element="zmq.MailboxSafe::recv(long):zmq.Command" />
		</instance>
		<instance>
			<role name="Adaptee" element="org.zeromq.ZActor$Actor" />
			<role name="Adapter" element="org.zeromq.ZActor$ActorFortune" />
			<role name="adaptee" element="org.zeromq.ZActor$ActorFortune::actor:org.zeromq.ZActor$Actor" />
			<role name="Request()" element="org.zeromq.ZActor$ActorFortune::premiere(org.zeromq.ZMQ$Socket, java.lang.Object[]):java.lang.String" />
			<role name="Request()" element="org.zeromq.ZActor$ActorFortune::interview(org.zeromq.ZMQ$Socket):boolean" />
		</instance>
		<instance>
			<role name="Adaptee" element="org.zeromq.ZProxy$ZPump$Transformer" />
			<role name="Adapter" element="org.zeromq.ZProxy$ZPump" />
			<role name="adaptee" element="org.zeromq.ZProxy$ZPump::transformer:org.zeromq.ZProxy$ZPump$Transformer" />
			<role name="Request()" element="org.zeromq.ZProxy$ZPump::flow(org.zeromq.ZProxy$Plug, org.zeromq.ZMQ$Socket, org.zeromq.ZMQ$Socket, org.zeromq.ZProxy$Plug, org.zeromq.ZMQ$Socket):boolean" />
		</instance>
	</pattern>
	<pattern name="Command" />
	<pattern name="Composite" />
	<pattern name="Decorator">
		<instance>
			<role name="Component" element="org.zeromq.ZAgent" />
			<role name="Decorator" element="org.zeromq.ZStar" />
			<role name="component" element="org.zeromq.ZStar::agent:org.zeromq.ZAgent" />
			<role name="Operation()" element="org.zeromq.ZStar::recv():org.zeromq.ZMsg" />
			<role name="Operation()" element="org.zeromq.ZStar::recv(int):org.zeromq.ZMsg" />
			<role name="Operation()" element="org.zeromq.ZStar::recv(boolean):org.zeromq.ZMsg" />
			<role name="Operation()" element="org.zeromq.ZStar::send(org.zeromq.ZMsg):boolean" />
			<role name="Operation()" element="org.zeromq.ZStar::send(org.zeromq.ZMsg, boolean):boolean" />
			<role name="Operation()" element="org.zeromq.ZStar::send(java.lang.String):boolean" />
			<role name="Operation()" element="org.zeromq.ZStar::send(java.lang.String, boolean):boolean" />
			<role name="Operation()" element="org.zeromq.ZStar::pipe():org.zeromq.ZMQ$Socket" />
			<role name="Operation()" element="org.zeromq.ZStar::sign():boolean" />
			<role name="Operation()" element="org.zeromq.ZStar::close():void" />
		</instance>
		<instance>
			<role name="Component" element="org.zeromq.ZActor$Actor" />
			<role name="Decorator" element="org.zeromq.ZActor$Duo" />
			<role name="component" element="org.zeromq.ZActor$Duo::shadow:org.zeromq.ZActor$Actor" />
			<role name="component" element="org.zeromq.ZActor$Duo::main:org.zeromq.ZActor$Actor" />
			<role name="Operation()" element="org.zeromq.ZActor$Duo::premiere(org.zeromq.ZMQ$Socket):java.lang.String" />
			<role name="Operation()" element="org.zeromq.ZActor$Duo::createSockets(org.zeromq.ZContext, java.lang.Object[]):java.util.List" />
			<role name="Operation()" element="org.zeromq.ZActor$Duo::start(org.zeromq.ZMQ$Socket, java.util.List, org.zeromq.ZPoller):void" />
			<role name="Operation()" element="org.zeromq.ZActor$Duo::looping(org.zeromq.ZMQ$Socket, org.zeromq.ZPoller):long" />
			<role name="Operation()" element="org.zeromq.ZActor$Duo::backstage(org.zeromq.ZMQ$Socket, org.zeromq.ZPoller, int):boolean" />
			<role name="Operation()" element="org.zeromq.ZActor$Duo::stage(org.zeromq.ZMQ$Socket, org.zeromq.ZMQ$Socket, org.zeromq.ZPoller, int):boolean" />
			<role name="Operation()" element="org.zeromq.ZActor$Duo::looped(org.zeromq.ZMQ$Socket, org.zeromq.ZPoller):boolean" />
			<role name="Operation()" element="org.zeromq.ZActor$Duo::closed(org.zeromq.ZMQ$Socket):void" />
			<role name="Operation()" element="org.zeromq.ZActor$Duo::destroyed(org.zeromq.ZContext, org.zeromq.ZMQ$Socket, org.zeromq.ZPoller):boolean" />
			<role name="Operation()" element="org.zeromq.ZActor$Duo::finished(org.zeromq.ZMQ$Socket):boolean" />
		</instance>
	</pattern>
	<pattern name="Observer" />
	<pattern name="State">
		<instance>
			<role name="Context" element="zmq.io.StreamEngine" />
			<role name="State" element="zmq.util.function.Function" />
			<role name="state" element="zmq.io.StreamEngine::processMsg:zmq.util.function.Function" />
			<role name="state" element="zmq.io.StreamEngine::decodeAndPush:zmq.util.function.Function" />
			<role name="Request()" element="zmq.io.StreamEngine::inEvent():void" />
			<role name="Request()" element="zmq.io.StreamEngine::restartInput():void" />
			<role name="Request()" element="zmq.io.StreamEngine::decodeCurrentInputs():boolean" />
			<role name="Request()" element="zmq.io.StreamEngine::writeCredential(zmq.Msg):boolean" />
			<role name="Request()" element="zmq.io.StreamEngine::error(zmq.io.StreamEngine$ErrorReason):void" />
		</instance>
		<instance>
			<role name="Context" element="org.zeromq.ZMQ$Socket" />
			<role name="State" element="zmq.util.function.Consumer" />
			<role name="state" element="org.zeromq.ZMQ$Socket::socketClose:zmq.util.function.Consumer" />
			<role name="Request()" element="org.zeromq.ZMQ$Socket::close():void" />
		</instance>
		<instance>
			<role name="Context" element="org.zeromq.ZThread$ShimThread" />
			<role name="State" element="org.zeromq.ZThread$IDetachedRunnable" />
			<role name="state" element="org.zeromq.ZThread$ShimThread::detachedRunnable:org.zeromq.ZThread$IDetachedRunnable" />
			<role name="Request()" element="org.zeromq.ZThread$ShimThread::run():void" />
		</instance>
		<instance>
			<role name="Context" element="zmq.pipe.Pipe" />
			<role name="State" element="zmq.pipe.Pipe$IPipeEvents" />
			<role name="state" element="zmq.pipe.Pipe::sink:zmq.pipe.Pipe$IPipeEvents" />
			<role name="Request()" element="zmq.pipe.Pipe::processActivateRead():void" />
			<role name="Request()" element="zmq.pipe.Pipe::processActivateWrite(long):void" />
			<role name="Request()" element="zmq.pipe.Pipe::processHiccup(zmq.pipe.YPipeBase):void" />
			<role name="Request()" element="zmq.pipe.Pipe::processPipeTermAck():void" />
		</instance>
		<instance>
			<role name="Context" element="org.zeromq.ZAuth" />
			<role name="State" element="org.zeromq.ZAgent" />
			<role name="state" element="org.zeromq.ZAuth::agent:org.zeromq.ZAgent" />
			<role name="state" element="org.zeromq.ZAuth::replies:org.zeromq.ZAgent" />
			<role name="Request()" element="org.zeromq.ZAuth::destroy():void" />
			<role name="Request()" element="org.zeromq.ZAuth::send(java.lang.String, java.lang.String[]):org.zeromq.ZAuth" />
		</instance>
		<instance>
			<role name="Context" element="org.zeromq.ZMonitor" />
			<role name="State" element="org.zeromq.ZAgent" />
			<role name="state" element="org.zeromq.ZMonitor::agent:org.zeromq.ZAgent" />
			<role name="Request()" element="org.zeromq.ZMonitor::start():org.zeromq.ZMonitor" />
			<role name="Request()" element="org.zeromq.ZMonitor::destroy():void" />
			<role name="Request()" element="org.zeromq.ZMonitor::verbose(boolean):org.zeromq.ZMonitor" />
			<role name="Request()" element="org.zeromq.ZMonitor::add(org.zeromq.ZMonitor$Event[]):org.zeromq.ZMonitor" />
			<role name="Request()" element="org.zeromq.ZMonitor::remove(org.zeromq.ZMonitor$Event[]):org.zeromq.ZMonitor" />
			<role name="Request()" element="org.zeromq.ZMonitor::nextEvent(boolean):org.zeromq.ZMonitor$ZEvent" />
			<role name="Request()" element="org.zeromq.ZMonitor::nextEvent(int):org.zeromq.ZMonitor$ZEvent" />
		</instance>
		<instance>
			<role name="Context" element="org.zeromq.ZProxy" />
			<role name="State" element="org.zeromq.ZAgent" />
			<role name="state" element="org.zeromq.ZProxy::agent:org.zeromq.ZAgent" />
			<role name="Request()" element="org.zeromq.ZProxy::command(java.lang.String, boolean):java.lang.String" />
			<role name="Request()" element="org.zeromq.ZProxy::configure(org.zeromq.ZMsg):org.zeromq.ZMsg" />
			<role name="Request()" element="org.zeromq.ZProxy::restart(org.zeromq.ZMsg):java.lang.String" />
			<role name="Request()" element="org.zeromq.ZProxy::exit():java.lang.String" />
			<role name="Request()" element="org.zeromq.ZProxy::status(boolean):java.lang.String" />
			<role name="Request()" element="org.zeromq.ZProxy::recvStatus():java.lang.String" />
		</instance>
		<instance>
			<role name="Context" element="zmq.io.SessionBase" />
			<role name="State" element="zmq.io.IEngine" />
			<role name="state" element="zmq.io.SessionBase::engine:zmq.io.IEngine" />
			<role name="Request()" element="zmq.io.SessionBase::destroy():void" />
			<role name="Request()" element="zmq.io.SessionBase::pipeTerminated(zmq.pipe.Pipe):void" />
			<role name="Request()" element="zmq.io.SessionBase::readActivated(zmq.pipe.Pipe):void" />
			<role name="Request()" element="zmq.io.SessionBase::writeActivated(zmq.pipe.Pipe):void" />
			<role name="Request()" element="zmq.io.SessionBase::processAttach(zmq.io.IEngine):void" />
			<role name="Request()" element="zmq.io.SessionBase::getEndpoint():java.lang.String" />
		</instance>
		<instance>
			<role name="Context" element="zmq.io.StreamEngine" />
			<role name="State" element="zmq.io.mechanism.Mechanism" />
			<role name="state" element="zmq.io.StreamEngine::mechanism:zmq.io.mechanism.Mechanism" />
			<role name="Request()" element="zmq.io.StreamEngine::nextHandshakeCommand():zmq.Msg" />
			<role name="Request()" element="zmq.io.StreamEngine::processHandshakeCommand(zmq.Msg):boolean" />
			<role name="Request()" element="zmq.io.StreamEngine::zapMsgAvailable():void" />
			<role name="Request()" element="zmq.io.StreamEngine::error(zmq.io.StreamEngine$ErrorReason):void" />
		</instance>
		<instance>
			<role name="Context" element="org.zeromq.ZPoller$ComposeEventsHandler" />
			<role name="State" element="zmq.util.function.BiFunction" />
			<role name="state" element="org.zeromq.ZPoller$ComposeEventsHandler::sockets:zmq.util.function.BiFunction" />
			<role name="state" element="org.zeromq.ZPoller$ComposeEventsHandler::channels:zmq.util.function.BiFunction" />
			<role name="Request()" element="org.zeromq.ZPoller$ComposeEventsHandler::events(org.zeromq.ZMQ$Socket, int):boolean" />
			<role name="Request()" element="org.zeromq.ZPoller$ComposeEventsHandler::events(java.nio.channels.SelectableChannel, int):boolean" />
		</instance>
		<instance>
			<role name="Context" element="zmq.Ctx" />
			<role name="State" element="zmq.IMailbox" />
			<role name="state" element="zmq.Ctx::slots:zmq.IMailbox[]" />
			<role name="Request()" element="zmq.Ctx::sendCommand(int, zmq.Command):void" />
		</instance>
		<instance>
			<role name="Context" element="org.zeromq.ZActor$Double" />
			<role name="State" element="org.zeromq.ZActor$Actor" />
			<role name="state" element="org.zeromq.ZActor$Double::actor:org.zeromq.ZActor$Actor" />
			<role name="Request()" element="org.zeromq.ZActor$Double::prepare():void" />
			<role name="Request()" element="org.zeromq.ZActor$Double::breathe():int" />
			<role name="Request()" element="org.zeromq.ZActor$Double::entract():boolean" />
			<role name="Request()" element="org.zeromq.ZActor$Double::renews():boolean" />
			<role name="Request()" element="org.zeromq.ZActor$Double::events(org.zeromq.ZMQ$Socket, int):boolean" />
		</instance>
		<instance>
			<role name="Context" element="zmq.pipe.Pipe" />
			<role name="State" element="zmq.pipe.YPipeBase" />
			<role name="state" element="zmq.pipe.Pipe::inpipe:zmq.pipe.YPipeBase" />
			<role name="state" element="zmq.pipe.Pipe::outpipe:zmq.pipe.YPipeBase" />
			<role name="Request()" element="zmq.pipe.Pipe::checkRead():boolean" />
			<role name="Request()" element="zmq.pipe.Pipe::read():zmq.Msg" />
			<role name="Request()" element="zmq.pipe.Pipe::write(zmq.Msg):boolean" />
			<role name="Request()" element="zmq.pipe.Pipe::rollback():void" />
			<role name="Request()" element="zmq.pipe.Pipe::flush():void" />
			<role name="Request()" element="zmq.pipe.Pipe::processHiccup(zmq.pipe.YPipeBase):void" />
			<role name="Request()" element="zmq.pipe.Pipe::processPipeTermAck():void" />
			<role name="Request()" element="zmq.pipe.Pipe::terminate(boolean):void" />
			<role name="Request()" element="zmq.pipe.Pipe::sendDisconnectMsg():void" />
			<role name="Request()" element="zmq.pipe.Pipe::sendHiccupMsg(zmq.Msg):void" />
		</instance>
		<instance>
			<role name="Context" element="zmq.io.StreamEngine" />
			<role name="State" element="zmq.io.coder.IDecoder" />
			<role name="state" element="zmq.io.StreamEngine::decoder:zmq.io.coder.IDecoder" />
			<role name="Request()" element="zmq.io.StreamEngine::destroy():void" />
			<role name="Request()" element="zmq.io.StreamEngine::inEvent():void" />
			<role name="Request()" element="zmq.io.StreamEngine::restartInput():void" />
			<role name="Request()" element="zmq.io.StreamEngine::decodeCurrentInputs():boolean" />
		</instance>
		<instance>
			<role name="Context" element="zmq.io.StreamEngine" />
			<role name="State" element="zmq.io.coder.IEncoder" />
			<role name="state" element="zmq.io.StreamEngine::encoder:zmq.io.coder.IEncoder" />
			<role name="Request()" element="zmq.io.StreamEngine::destroy():void" />
			<role name="Request()" element="zmq.io.StreamEngine::outEvent():void" />
			<role name="Request()" element="zmq.io.StreamEngine::handshake():boolean" />
		</instance>
		<instance>
			<role name="Context" element="org.zeromq.ZAuth" />
			<role name="State" element="org.zeromq.ZStar$Exit" />
			<role name="state" element="org.zeromq.ZAuth::exit:org.zeromq.ZStar$Exit" />
			<role name="Request()" element="org.zeromq.ZAuth::destroy():void" />
		</instance>
		<instance>
			<role name="Context" element="org.zeromq.ZMonitor" />
			<role name="State" element="org.zeromq.ZStar$Exit" />
			<role name="state" element="org.zeromq.ZMonitor::exit:org.zeromq.ZStar$Exit" />
			<role name="Request()" element="org.zeromq.ZMonitor::destroy():void" />
		</instance>
		<instance>
			<role name="Context" element="org.zeromq.ZProxy" />
			<role name="State" element="org.zeromq.ZStar$Exit" />
			<role name="state" element="org.zeromq.ZProxy::exit:org.zeromq.ZStar$Exit" />
			<role name="Request()" element="org.zeromq.ZProxy::exit():java.lang.String" />
			<role name="Request()" element="org.zeromq.ZProxy::status(boolean):java.lang.String" />
		</instance>
		<instance>
			<role name="Context" element="org.zeromq.ZProxy$ProxyActor" />
			<role name="State" element="org.zeromq.ZProxy$Proxy" />
			<role name="state" element="org.zeromq.ZProxy$ProxyActor::provider:org.zeromq.ZProxy$Proxy" />
			<role name="Request()" element="org.zeromq.ZProxy$ProxyActor::createSockets(org.zeromq.ZContext, java.lang.Object[]):java.util.List" />
			<role name="Request()" element="org.zeromq.ZProxy$ProxyActor::backstage(org.zeromq.ZMQ$Socket, org.zeromq.ZPoller, int):boolean" />
			<role name="Request()" element="org.zeromq.ZProxy$ProxyActor::start(org.zeromq.ZPoller):boolean" />
			<role name="Request()" element="org.zeromq.ZProxy$ProxyActor::looped(org.zeromq.ZMQ$Socket, org.zeromq.ZPoller):boolean" />
		</instance>
		<instance>
			<role name="Context" element="org.zeromq.ZCertStore" />
			<role name="State" element="org.zeromq.ZCertStore$Fingerprinter" />
			<role name="state" element="org.zeromq.ZCertStore::finger:org.zeromq.ZCertStore$Fingerprinter" />
			<role name="Request()" element="org.zeromq.ZCertStore::modified(byte[], java.io.File):boolean" />
		</instance>
		<instance>
			<role name="Context" element="org.zeromq.ZPoller" />
			<role name="State" element="org.zeromq.ZPoller$ItemCreator" />
			<role name="state" element="org.zeromq.ZPoller::creator:org.zeromq.ZPoller$ItemCreator" />
			<role name="Request()" element="org.zeromq.ZPoller::create(org.zeromq.ZMQ$Socket, org.zeromq.ZPoller$EventsHandler, int):org.zeromq.ZPoller$ItemHolder" />
			<role name="Request()" element="org.zeromq.ZPoller::create(java.nio.channels.SelectableChannel, org.zeromq.ZPoller$EventsHandler, int):org.zeromq.ZPoller$ItemHolder" />
		</instance>
		<instance>
			<role name="State" element="org.zeromq.ZThread$IAttachedRunnable" />
			<role name="Context" element="org.zeromq.ZThread$ShimThread" />
			<role name="state" element="org.zeromq.ZThread$ShimThread::attachedRunnable:org.zeromq.ZThread$IAttachedRunnable" />
			<role name="Request()" element="org.zeromq.ZThread$ShimThread::run():void" />
		</instance>
		<instance>
			<role name="State" element="zmq.util.function.Supplier" />
			<role name="Context" element="zmq.io.StreamEngine" />
			<role name="state" element="zmq.io.StreamEngine::nextMsg:zmq.util.function.Supplier" />
			<role name="state" element="zmq.io.StreamEngine::pullAndEncode:zmq.util.function.Supplier" />
			<role name="Request()" element="zmq.io.StreamEngine::outEvent():void" />
			<role name="Request()" element="zmq.io.StreamEngine::nextHandshakeCommand():zmq.Msg" />
		</instance>
		<instance>
			<role name="State" element="zmq.util.function.Supplier" />
			<role name="Context" element="zmq.util.Timers" />
			<role name="state" element="zmq.util.Timers::clock:zmq.util.function.Supplier" />
			<role name="Request()" element="zmq.util.Timers::now():long" />
		</instance>
		<instance>
			<role name="State" element="zmq.util.function.Supplier" />
			<role name="Context" element="org.zeromq.timer.ZTicket" />
			<role name="state" element="org.zeromq.timer.ZTicket::clock:zmq.util.function.Supplier" />
			<role name="Request()" element="org.zeromq.timer.ZTicket::now():long" />
		</instance>
		<instance>
			<role name="Context" element="org.zeromq.ZActor$ActorFortune" />
			<role name="State" element="org.zeromq.ZActor$Actor" />
			<role name="state" element="org.zeromq.ZActor$ActorFortune::actor:org.zeromq.ZActor$Actor" />
			<role name="Request()" element="org.zeromq.ZActor$ActorFortune::premiere(org.zeromq.ZMQ$Socket, java.lang.Object[]):java.lang.String" />
			<role name="Request()" element="org.zeromq.ZActor$ActorFortune::interview(org.zeromq.ZMQ$Socket):boolean" />
		</instance>
		<instance>
			<role name="Context" element="org.zeromq.ZProxy$ZPump" />
			<role name="State" element="org.zeromq.ZProxy$ZPump$Transformer" />
			<role name="state" element="org.zeromq.ZProxy$ZPump::transformer:org.zeromq.ZProxy$ZPump$Transformer" />
			<role name="Request()" element="org.zeromq.ZProxy$ZPump::flow(org.zeromq.ZProxy$Plug, org.zeromq.ZMQ$Socket, org.zeromq.ZMQ$Socket, org.zeromq.ZProxy$Plug, org.zeromq.ZMQ$Socket):boolean" />
		</instance>
		<instance>
			<role name="Context" element="org.zeromq.ZProxy$ProxyActor" />
			<role name="State" element="org.zeromq.ZProxy$Pump" />
			<role name="state" element="org.zeromq.ZProxy$ProxyActor::transport:org.zeromq.ZProxy$Pump" />
			<role name="Request()" element="org.zeromq.ZProxy$ProxyActor::stage(org.zeromq.ZMQ$Socket, org.zeromq.ZMQ$Socket, org.zeromq.ZPoller, int):boolean" />
		</instance>
	</pattern>
	<pattern name="Strategy" />
	<pattern name="Bridge">
		<instance>
			<role name="Abstraction" element="zmq.SocketBase" />
			<role name="Implementor" element="zmq.IMailbox" />
			<role name="implementor" element="zmq.SocketBase::mailbox:zmq.IMailbox" />
			<role name="Operation()" element="zmq.SocketBase::processCommands(int, boolean, java.util.concurrent.atomic.AtomicBoolean):boolean" />
		</instance>
		<instance>
			<role name="Abstraction" element="zmq.io.coder.DecoderBase" />
			<role name="Implementor" element="zmq.io.coder.IDecoder$Step" />
			<role name="implementor" element="zmq.io.coder.DecoderBase::next:zmq.io.coder.IDecoder$Step" />
			<role name="Operation()" element="zmq.io.coder.DecoderBase::decode(java.nio.ByteBuffer, int, zmq.util.ValueReference):zmq.io.coder.IDecoder$Step$Result" />
		</instance>
		<instance>
			<role name="Abstraction" element="zmq.io.coder.Decoder" />
			<role name="Implementor" element="zmq.msg.MsgAllocator" />
			<role name="implementor" element="zmq.io.coder.Decoder::allocator:zmq.msg.MsgAllocator" />
			<role name="Operation()" element="zmq.io.coder.Decoder::allocate(int):zmq.Msg" />
		</instance>
	</pattern>
	<pattern name="Template Method">
		<instance>
			<role name="AbstractClass" element="zmq.Own" />
			<role name="TemplateMethod()" element="zmq.Own::processDestroy():void" />
		</instance>
		<instance>
			<role name="AbstractClass" element="zmq.SocketBase" />
			<role name="TemplateMethod()" element="zmq.SocketBase::attachPipe(zmq.pipe.Pipe, boolean, boolean):void" />
			<role name="TemplateMethod()" element="zmq.SocketBase::pipeTerminated(zmq.pipe.Pipe):void" />
		</instance>
		<instance>
			<role name="AbstractClass" element="zmq.socket.Sockets" />
			<role name="TemplateMethod()" element="zmq.socket.Sockets::create(int, zmq.Ctx, int, int):zmq.SocketBase" />
		</instance>
	</pattern>
	<pattern name="Visitor" />
	<pattern name="Proxy" />
	<pattern name="Proxy2" />
	<pattern name="Chain of Responsibility">
		<instance>
			<role name="Handler" element="zmq.Own" />
			<role name="successor" element="zmq.Own::owner:zmq.Own" />
		</instance>
	</pattern>
</system>

