<?xml version="1.0" encoding="UTF-8"?>
<system>
	<pattern name="Factory Method">
		<instance>
			<role name="Creator" element="com.alibaba.otter.canal.parse.inbound.AbstractEventParser" />
			<role name="FactoryMethod()" element="com.alibaba.otter.canal.parse.inbound.AbstractEventParser::buildParser():com.alibaba.otter.canal.parse.inbound.BinlogParser" />
			<role name="FactoryMethod()" element="com.alibaba.otter.canal.parse.inbound.AbstractEventParser::buildMultiStageCoprocessor():com.alibaba.otter.canal.parse.inbound.MultiStageCoprocessor" />
		</instance>
		<instance>
			<role name="Creator" element="com.alibaba.otter.canal.admin.service.CanalConfigService" />
			<role name="FactoryMethod()" element="com.alibaba.otter.canal.admin.service.CanalConfigService::getCanalConfig(java.lang.Long, java.lang.Long):com.alibaba.otter.canal.admin.model.CanalConfig" />
			<role name="FactoryMethod()" element="com.alibaba.otter.canal.admin.service.CanalConfigService::getAdapterConfig():com.alibaba.otter.canal.admin.model.CanalConfig" />
		</instance>
		<instance>
			<role name="Creator" element="com.alibaba.otter.canal.instance.core.CanalInstanceGenerator" />
			<role name="FactoryMethod()" element="com.alibaba.otter.canal.instance.core.CanalInstanceGenerator::generate(java.lang.String):com.alibaba.otter.canal.instance.core.CanalInstance" />
		</instance>
		<instance>
			<role name="Creator" element="com.alibaba.otter.canal.server.CanalService" />
			<role name="FactoryMethod()" element="com.alibaba.otter.canal.server.CanalService::get(com.alibaba.otter.canal.protocol.ClientIdentity, int, java.lang.Long, java.util.concurrent.TimeUnit):com.alibaba.otter.canal.protocol.Message" />
			<role name="FactoryMethod()" element="com.alibaba.otter.canal.server.CanalService::getWithoutAck(com.alibaba.otter.canal.protocol.ClientIdentity, int, java.lang.Long, java.util.concurrent.TimeUnit):com.alibaba.otter.canal.protocol.Message" />
		</instance>
		<instance>
			<role name="Creator" element="com.alibaba.otter.canal.parse.inbound.ErosaConnection" />
			<role name="FactoryMethod()" element="com.alibaba.otter.canal.parse.inbound.ErosaConnection::fork():com.alibaba.otter.canal.parse.inbound.ErosaConnection" />
		</instance>
		<instance>
			<role name="Creator" element="com.alibaba.otter.canal.client.adapter.es.core.support.ESBulkRequest" />
			<role name="FactoryMethod()" element="com.alibaba.otter.canal.client.adapter.es.core.support.ESBulkRequest::bulk():com.alibaba.otter.canal.client.adapter.es.core.support.ESBulkRequest$ESBulkResponse" />
		</instance>
		<instance>
			<role name="Creator" element="com.alibaba.otter.canal.admin.service.PollingConfigService" />
			<role name="FactoryMethod()" element="com.alibaba.otter.canal.admin.service.PollingConfigService::getInstancesConfig(java.lang.String, java.lang.Integer, java.lang.String):com.alibaba.otter.canal.admin.model.CanalInstanceConfig" />
		</instance>
	</pattern>
	<pattern name="Prototype" />
	<pattern name="Singleton">
		<instance>
			<role name="Singleton" element="com.alibaba.otter.canal.adapter.launcher.config.AdapterConfigHolder" />
			<role name="uniqueInstance" element="com.alibaba.otter.canal.adapter.launcher.config.AdapterConfigHolder::adapterConfigHolder:com.alibaba.otter.canal.adapter.launcher.config.AdapterConfigHolder" />
		</instance>
		<instance>
			<role name="Singleton" element="com.alibaba.otter.canal.protocol.AdminPacket$Ack" />
			<role name="uniqueInstance" element="com.alibaba.otter.canal.protocol.AdminPacket$Ack::DEFAULT_INSTANCE:com.alibaba.otter.canal.protocol.AdminPacket$Ack" />
		</instance>
		<instance>
			<role name="Singleton" element="com.alibaba.otter.canal.protocol.AdminPacket$ClientAuth" />
			<role name="uniqueInstance" element="com.alibaba.otter.canal.protocol.AdminPacket$ClientAuth::DEFAULT_INSTANCE:com.alibaba.otter.canal.protocol.AdminPacket$ClientAuth" />
		</instance>
		<instance>
			<role name="Singleton" element="com.alibaba.otter.canal.protocol.AdminPacket$Handshake" />
			<role name="uniqueInstance" element="com.alibaba.otter.canal.protocol.AdminPacket$Handshake::DEFAULT_INSTANCE:com.alibaba.otter.canal.protocol.AdminPacket$Handshake" />
		</instance>
		<instance>
			<role name="Singleton" element="com.alibaba.otter.canal.protocol.AdminPacket$InstanceAdmin" />
			<role name="uniqueInstance" element="com.alibaba.otter.canal.protocol.AdminPacket$InstanceAdmin::DEFAULT_INSTANCE:com.alibaba.otter.canal.protocol.AdminPacket$InstanceAdmin" />
		</instance>
		<instance>
			<role name="Singleton" element="com.alibaba.otter.canal.protocol.AdminPacket$LogAdmin" />
			<role name="uniqueInstance" element="com.alibaba.otter.canal.protocol.AdminPacket$LogAdmin::DEFAULT_INSTANCE:com.alibaba.otter.canal.protocol.AdminPacket$LogAdmin" />
		</instance>
		<instance>
			<role name="Singleton" element="com.alibaba.otter.canal.protocol.AdminPacket$Packet" />
			<role name="uniqueInstance" element="com.alibaba.otter.canal.protocol.AdminPacket$Packet::DEFAULT_INSTANCE:com.alibaba.otter.canal.protocol.AdminPacket$Packet" />
		</instance>
		<instance>
			<role name="Singleton" element="com.alibaba.otter.canal.protocol.AdminPacket$ServerAdmin" />
			<role name="uniqueInstance" element="com.alibaba.otter.canal.protocol.AdminPacket$ServerAdmin::DEFAULT_INSTANCE:com.alibaba.otter.canal.protocol.AdminPacket$ServerAdmin" />
		</instance>
		<instance>
			<role name="Singleton" element="com.alibaba.otter.canal.protocol.CanalEntry$Column" />
			<role name="uniqueInstance" element="com.alibaba.otter.canal.protocol.CanalEntry$Column::defaultInstance:com.alibaba.otter.canal.protocol.CanalEntry$Column" />
		</instance>
		<instance>
			<role name="Singleton" element="com.alibaba.otter.canal.protocol.CanalEntry$Entry" />
			<role name="uniqueInstance" element="com.alibaba.otter.canal.protocol.CanalEntry$Entry::defaultInstance:com.alibaba.otter.canal.protocol.CanalEntry$Entry" />
		</instance>
		<instance>
			<role name="Singleton" element="com.alibaba.otter.canal.protocol.CanalEntry$Header" />
			<role name="uniqueInstance" element="com.alibaba.otter.canal.protocol.CanalEntry$Header::defaultInstance:com.alibaba.otter.canal.protocol.CanalEntry$Header" />
		</instance>
		<instance>
			<role name="Singleton" element="com.alibaba.otter.canal.protocol.CanalEntry$Pair" />
			<role name="uniqueInstance" element="com.alibaba.otter.canal.protocol.CanalEntry$Pair::defaultInstance:com.alibaba.otter.canal.protocol.CanalEntry$Pair" />
		</instance>
		<instance>
			<role name="Singleton" element="com.alibaba.otter.canal.protocol.CanalEntry$RowChange" />
			<role name="uniqueInstance" element="com.alibaba.otter.canal.protocol.CanalEntry$RowChange::defaultInstance:com.alibaba.otter.canal.protocol.CanalEntry$RowChange" />
		</instance>
		<instance>
			<role name="Singleton" element="com.alibaba.otter.canal.protocol.CanalEntry$RowData" />
			<role name="uniqueInstance" element="com.alibaba.otter.canal.protocol.CanalEntry$RowData::defaultInstance:com.alibaba.otter.canal.protocol.CanalEntry$RowData" />
		</instance>
		<instance>
			<role name="Singleton" element="com.alibaba.otter.canal.protocol.CanalEntry$TransactionBegin" />
			<role name="uniqueInstance" element="com.alibaba.otter.canal.protocol.CanalEntry$TransactionBegin::defaultInstance:com.alibaba.otter.canal.protocol.CanalEntry$TransactionBegin" />
		</instance>
		<instance>
			<role name="Singleton" element="com.alibaba.otter.canal.protocol.CanalEntry$TransactionEnd" />
			<role name="uniqueInstance" element="com.alibaba.otter.canal.protocol.CanalEntry$TransactionEnd::defaultInstance:com.alibaba.otter.canal.protocol.CanalEntry$TransactionEnd" />
		</instance>
		<instance>
			<role name="Singleton" element="com.alibaba.otter.canal.protocol.CanalPacket$Ack" />
			<role name="uniqueInstance" element="com.alibaba.otter.canal.protocol.CanalPacket$Ack::DEFAULT_INSTANCE:com.alibaba.otter.canal.protocol.CanalPacket$Ack" />
		</instance>
		<instance>
			<role name="Singleton" element="com.alibaba.otter.canal.protocol.CanalPacket$ClientAck" />
			<role name="uniqueInstance" element="com.alibaba.otter.canal.protocol.CanalPacket$ClientAck::DEFAULT_INSTANCE:com.alibaba.otter.canal.protocol.CanalPacket$ClientAck" />
		</instance>
		<instance>
			<role name="Singleton" element="com.alibaba.otter.canal.protocol.CanalPacket$ClientAuth" />
			<role name="uniqueInstance" element="com.alibaba.otter.canal.protocol.CanalPacket$ClientAuth::DEFAULT_INSTANCE:com.alibaba.otter.canal.protocol.CanalPacket$ClientAuth" />
		</instance>
		<instance>
			<role name="Singleton" element="com.alibaba.otter.canal.protocol.CanalPacket$ClientRollback" />
			<role name="uniqueInstance" element="com.alibaba.otter.canal.protocol.CanalPacket$ClientRollback::DEFAULT_INSTANCE:com.alibaba.otter.canal.protocol.CanalPacket$ClientRollback" />
		</instance>
		<instance>
			<role name="Singleton" element="com.alibaba.otter.canal.protocol.CanalPacket$Dump" />
			<role name="uniqueInstance" element="com.alibaba.otter.canal.protocol.CanalPacket$Dump::DEFAULT_INSTANCE:com.alibaba.otter.canal.protocol.CanalPacket$Dump" />
		</instance>
		<instance>
			<role name="Singleton" element="com.alibaba.otter.canal.protocol.CanalPacket$Get" />
			<role name="uniqueInstance" element="com.alibaba.otter.canal.protocol.CanalPacket$Get::DEFAULT_INSTANCE:com.alibaba.otter.canal.protocol.CanalPacket$Get" />
		</instance>
		<instance>
			<role name="Singleton" element="com.alibaba.otter.canal.protocol.CanalPacket$Handshake" />
			<role name="uniqueInstance" element="com.alibaba.otter.canal.protocol.CanalPacket$Handshake::DEFAULT_INSTANCE:com.alibaba.otter.canal.protocol.CanalPacket$Handshake" />
		</instance>
		<instance>
			<role name="Singleton" element="com.alibaba.otter.canal.protocol.CanalPacket$HeartBeat" />
			<role name="uniqueInstance" element="com.alibaba.otter.canal.protocol.CanalPacket$HeartBeat::DEFAULT_INSTANCE:com.alibaba.otter.canal.protocol.CanalPacket$HeartBeat" />
		</instance>
		<instance>
			<role name="Singleton" element="com.alibaba.otter.canal.protocol.CanalPacket$Messages" />
			<role name="uniqueInstance" element="com.alibaba.otter.canal.protocol.CanalPacket$Messages::DEFAULT_INSTANCE:com.alibaba.otter.canal.protocol.CanalPacket$Messages" />
		</instance>
		<instance>
			<role name="Singleton" element="com.alibaba.otter.canal.protocol.CanalPacket$Packet" />
			<role name="uniqueInstance" element="com.alibaba.otter.canal.protocol.CanalPacket$Packet::DEFAULT_INSTANCE:com.alibaba.otter.canal.protocol.CanalPacket$Packet" />
		</instance>
		<instance>
			<role name="Singleton" element="com.alibaba.otter.canal.protocol.CanalPacket$Sub" />
			<role name="uniqueInstance" element="com.alibaba.otter.canal.protocol.CanalPacket$Sub::DEFAULT_INSTANCE:com.alibaba.otter.canal.protocol.CanalPacket$Sub" />
		</instance>
		<instance>
			<role name="Singleton" element="com.alibaba.otter.canal.protocol.CanalPacket$Unsub" />
			<role name="uniqueInstance" element="com.alibaba.otter.canal.protocol.CanalPacket$Unsub::DEFAULT_INSTANCE:com.alibaba.otter.canal.protocol.CanalPacket$Unsub" />
		</instance>
		<instance>
			<role name="Singleton" element="com.alibaba.otter.canal.common.utils.JsonUtils$InetAddressWriter" />
			<role name="uniqueInstance" element="com.alibaba.otter.canal.common.utils.JsonUtils$InetAddressWriter::instance:com.alibaba.otter.canal.common.utils.JsonUtils$InetAddressWriter" />
		</instance>
		<instance>
			<role name="Singleton" element="com.alibaba.otter.canal.spi.NopCanalMetricsService" />
			<role name="uniqueInstance" element="com.alibaba.otter.canal.spi.NopCanalMetricsService::NOP:com.alibaba.otter.canal.spi.NopCanalMetricsService" />
		</instance>
	</pattern>
	<pattern name="(Object)Adapter">
		<instance>
			<role name="Adaptee" element="com.alibaba.otter.canal.parse.inbound.mysql.rds.BinlogDownloadQueue" />
			<role name="Adapter" element="com.alibaba.otter.canal.parse.inbound.mysql.rds.RdsLocalBinlogEventParser" />
			<role name="adaptee" element="com.alibaba.otter.canal.parse.inbound.mysql.rds.RdsLocalBinlogEventParser::binlogDownloadQueue:com.alibaba.otter.canal.parse.inbound.mysql.rds.BinlogDownloadQueue" />
			<role name="Request()" element="com.alibaba.otter.canal.parse.inbound.mysql.rds.RdsLocalBinlogEventParser::onFinish(java.lang.String):void" />
		</instance>
		<instance>
			<role name="Adaptee" element="com.alibaba.otter.canal.parse.inbound.mysql.rds.RdsLocalBinlogEventParser$ParseFinishListener" />
			<role name="Adapter" element="com.alibaba.otter.canal.parse.inbound.mysql.rds.RdsLocalBinlogEventParser" />
			<role name="adaptee" element="com.alibaba.otter.canal.parse.inbound.mysql.rds.RdsLocalBinlogEventParser::finishListener:com.alibaba.otter.canal.parse.inbound.mysql.rds.RdsLocalBinlogEventParser$ParseFinishListener" />
			<role name="Request()" element="com.alibaba.otter.canal.parse.inbound.mysql.rds.RdsLocalBinlogEventParser::onFinish(java.lang.String):void" />
		</instance>
		<instance>
			<role name="Adaptee" element="com.alibaba.otter.canal.parse.CanalHASwitchable" />
			<role name="Adapter" element="com.alibaba.otter.canal.parse.ha.HeartBeatHAController" />
			<role name="adaptee" element="com.alibaba.otter.canal.parse.ha.HeartBeatHAController::eventParser:com.alibaba.otter.canal.parse.CanalHASwitchable" />
			<role name="Request()" element="com.alibaba.otter.canal.parse.ha.HeartBeatHAController::onFailed(java.lang.Throwable):void" />
		</instance>
		<instance>
			<role name="Adaptee" element="com.alibaba.otter.canal.connector.core.config.MQProperties" />
			<role name="Adapter" element="com.alibaba.otter.canal.connector.core.producer.AbstractMQProducer" />
			<role name="adaptee" element="com.alibaba.otter.canal.connector.core.producer.AbstractMQProducer::mqProperties:com.alibaba.otter.canal.connector.core.config.MQProperties" />
			<role name="Request()" element="com.alibaba.otter.canal.connector.core.producer.AbstractMQProducer::init(java.util.Properties):void" />
		</instance>
		<instance>
			<role name="Adaptee" element="com.alibaba.otter.canal.parse.inbound.mysql.local.BinLogFileQueue" />
			<role name="Adapter" element="com.alibaba.otter.canal.parse.inbound.mysql.LocalBinLogConnection" />
			<role name="adaptee" element="com.alibaba.otter.canal.parse.inbound.mysql.LocalBinLogConnection::binlogs:com.alibaba.otter.canal.parse.inbound.mysql.local.BinLogFileQueue" />
			<role name="Request()" element="com.alibaba.otter.canal.parse.inbound.mysql.LocalBinLogConnection::disconnect():void" />
			<role name="Request()" element="com.alibaba.otter.canal.parse.inbound.mysql.LocalBinLogConnection::dump(java.lang.String, java.lang.Long, com.alibaba.otter.canal.parse.inbound.SinkFunction):void" />
			<role name="Request()" element="com.alibaba.otter.canal.parse.inbound.mysql.LocalBinLogConnection::dump(long, com.alibaba.otter.canal.parse.inbound.SinkFunction):void" />
			<role name="Request()" element="com.alibaba.otter.canal.parse.inbound.mysql.LocalBinLogConnection::dump(java.lang.String, java.lang.Long, com.alibaba.otter.canal.parse.inbound.MultiStageCoprocessor):void" />
			<role name="Request()" element="com.alibaba.otter.canal.parse.inbound.mysql.LocalBinLogConnection::dump(long, com.alibaba.otter.canal.parse.inbound.MultiStageCoprocessor):void" />
		</instance>
		<instance>
			<role name="Adaptee" element="com.alibaba.otter.canal.parse.driver.mysql.MysqlConnector" />
			<role name="Adapter" element="com.alibaba.otter.canal.parse.inbound.mysql.MysqlConnection" />
			<role name="adaptee" element="com.alibaba.otter.canal.parse.inbound.mysql.MysqlConnection::connector:com.alibaba.otter.canal.parse.driver.mysql.MysqlConnector" />
			<role name="Request()" element="com.alibaba.otter.canal.parse.inbound.mysql.MysqlConnection::connect():void" />
			<role name="Request()" element="com.alibaba.otter.canal.parse.inbound.mysql.MysqlConnection::reconnect():void" />
			<role name="Request()" element="com.alibaba.otter.canal.parse.inbound.mysql.MysqlConnection::disconnect():void" />
			<role name="Request()" element="com.alibaba.otter.canal.parse.inbound.mysql.MysqlConnection::seek(java.lang.String, java.lang.Long, java.lang.String, com.alibaba.otter.canal.parse.inbound.SinkFunction):void" />
			<role name="Request()" element="com.alibaba.otter.canal.parse.inbound.mysql.MysqlConnection::dump(java.lang.String, java.lang.Long, com.alibaba.otter.canal.parse.inbound.SinkFunction):void" />
			<role name="Request()" element="com.alibaba.otter.canal.parse.inbound.mysql.MysqlConnection::dump(com.alibaba.otter.canal.parse.driver.mysql.packets.GTIDSet, com.alibaba.otter.canal.parse.inbound.SinkFunction):void" />
			<role name="Request()" element="com.alibaba.otter.canal.parse.inbound.mysql.MysqlConnection::dump(java.lang.String, java.lang.Long, com.alibaba.otter.canal.parse.inbound.MultiStageCoprocessor):void" />
			<role name="Request()" element="com.alibaba.otter.canal.parse.inbound.mysql.MysqlConnection::dump(com.alibaba.otter.canal.parse.driver.mysql.packets.GTIDSet, com.alibaba.otter.canal.parse.inbound.MultiStageCoprocessor):void" />
		</instance>
		<instance>
			<role name="Adaptee" element="com.alibaba.otter.canal.common.zookeeper.ZkClientx" />
			<role name="Adapter" element="com.alibaba.otter.canal.meta.ZooKeeperMetaManager" />
			<role name="adaptee" element="com.alibaba.otter.canal.meta.ZooKeeperMetaManager::zkClientx:com.alibaba.otter.canal.common.zookeeper.ZkClientx" />
			<role name="Request()" element="com.alibaba.otter.canal.meta.ZooKeeperMetaManager::subscribe(com.alibaba.otter.canal.protocol.ClientIdentity):void" />
			<role name="Request()" element="com.alibaba.otter.canal.meta.ZooKeeperMetaManager::hasSubscribe(com.alibaba.otter.canal.protocol.ClientIdentity):boolean" />
			<role name="Request()" element="com.alibaba.otter.canal.meta.ZooKeeperMetaManager::unsubscribe(com.alibaba.otter.canal.protocol.ClientIdentity):void" />
			<role name="Request()" element="com.alibaba.otter.canal.meta.ZooKeeperMetaManager::listAllSubscribeInfo(java.lang.String):java.util.List" />
			<role name="Request()" element="com.alibaba.otter.canal.meta.ZooKeeperMetaManager::getCursor(com.alibaba.otter.canal.protocol.ClientIdentity):com.alibaba.otter.canal.protocol.position.Position" />
			<role name="Request()" element="com.alibaba.otter.canal.meta.ZooKeeperMetaManager::updateCursor(com.alibaba.otter.canal.protocol.ClientIdentity, com.alibaba.otter.canal.protocol.position.Position):void" />
			<role name="Request()" element="com.alibaba.otter.canal.meta.ZooKeeperMetaManager::addBatch(com.alibaba.otter.canal.protocol.ClientIdentity, com.alibaba.otter.canal.protocol.position.PositionRange):java.lang.Long" />
			<role name="Request()" element="com.alibaba.otter.canal.meta.ZooKeeperMetaManager::addBatch(com.alibaba.otter.canal.protocol.ClientIdentity, com.alibaba.otter.canal.protocol.position.PositionRange, java.lang.Long):void" />
			<role name="Request()" element="com.alibaba.otter.canal.meta.ZooKeeperMetaManager::removeBatch(com.alibaba.otter.canal.protocol.ClientIdentity, java.lang.Long):com.alibaba.otter.canal.protocol.position.PositionRange" />
			<role name="Request()" element="com.alibaba.otter.canal.meta.ZooKeeperMetaManager::getBatch(com.alibaba.otter.canal.protocol.ClientIdentity, java.lang.Long):com.alibaba.otter.canal.protocol.position.PositionRange" />
			<role name="Request()" element="com.alibaba.otter.canal.meta.ZooKeeperMetaManager::clearAllBatchs(com.alibaba.otter.canal.protocol.ClientIdentity):void" />
			<role name="Request()" element="com.alibaba.otter.canal.meta.ZooKeeperMetaManager::getLastestBatch(com.alibaba.otter.canal.protocol.ClientIdentity):com.alibaba.otter.canal.protocol.position.PositionRange" />
			<role name="Request()" element="com.alibaba.otter.canal.meta.ZooKeeperMetaManager::getFirstBatch(com.alibaba.otter.canal.protocol.ClientIdentity):com.alibaba.otter.canal.protocol.position.PositionRange" />
			<role name="Request()" element="com.alibaba.otter.canal.meta.ZooKeeperMetaManager::listAllBatchs(com.alibaba.otter.canal.protocol.ClientIdentity):java.util.Map" />
		</instance>
		<instance>
			<role name="Adaptee" element="com.alibaba.otter.canal.parse.inbound.mysql.dbsync.TableMetaCache" />
			<role name="Adapter" element="com.alibaba.otter.canal.parse.inbound.mysql.dbsync.LogEventConvert" />
			<role name="adaptee" element="com.alibaba.otter.canal.parse.inbound.mysql.dbsync.LogEventConvert::tableMetaCache:com.alibaba.otter.canal.parse.inbound.mysql.dbsync.TableMetaCache" />
			<role name="Request()" element="com.alibaba.otter.canal.parse.inbound.mysql.dbsync.LogEventConvert::reset():void" />
		</instance>
		<instance>
			<role name="Adaptee" element="com.alibaba.otter.canal.connector.rocketmq.consumer.ConsumerBatchMessage" />
			<role name="Adapter" element="com.alibaba.otter.canal.connector.rocketmq.consumer.CanalRocketMQConsumer" />
			<role name="adaptee" element="com.alibaba.otter.canal.connector.rocketmq.consumer.CanalRocketMQConsumer::lastGetBatchMessage:com.alibaba.otter.canal.connector.rocketmq.consumer.ConsumerBatchMessage" />
			<role name="Request()" element="com.alibaba.otter.canal.connector.rocketmq.consumer.CanalRocketMQConsumer::getMessage(java.lang.Long, java.util.concurrent.TimeUnit):java.util.List" />
			<role name="Request()" element="com.alibaba.otter.canal.connector.rocketmq.consumer.CanalRocketMQConsumer::rollback():void" />
			<role name="Request()" element="com.alibaba.otter.canal.connector.rocketmq.consumer.CanalRocketMQConsumer::ack():void" />
		</instance>
		<instance>
			<role name="Adapter" element="com.alibaba.otter.canal.client.impl.SimpleCanalConnector" />
			<role name="Adaptee" element="com.alibaba.otter.canal.protocol.ClientIdentity" />
			<role name="adaptee" element="com.alibaba.otter.canal.client.impl.SimpleCanalConnector::clientIdentity:com.alibaba.otter.canal.protocol.ClientIdentity" />
			<role name="Request()" element="com.alibaba.otter.canal.client.impl.SimpleCanalConnector::subscribe(java.lang.String):void" />
			<role name="Request()" element="com.alibaba.otter.canal.client.impl.SimpleCanalConnector::unsubscribe():void" />
			<role name="Request()" element="com.alibaba.otter.canal.client.impl.SimpleCanalConnector::getWithoutAck(int, java.lang.Long, java.util.concurrent.TimeUnit):com.alibaba.otter.canal.protocol.Message" />
			<role name="Request()" element="com.alibaba.otter.canal.client.impl.SimpleCanalConnector::ack(long):void" />
			<role name="Request()" element="com.alibaba.otter.canal.client.impl.SimpleCanalConnector::rollback(long):void" />
		</instance>
		<instance>
			<role name="Adapter" element="com.alibaba.otter.canal.client.impl.SimpleCanalConnector" />
			<role name="Adaptee" element="com.alibaba.otter.canal.common.utils.BooleanMutex" />
			<role name="adaptee" element="com.alibaba.otter.canal.client.impl.SimpleCanalConnector::mutex:com.alibaba.otter.canal.common.utils.BooleanMutex" />
			<role name="Request()" element="com.alibaba.otter.canal.client.impl.SimpleCanalConnector::checkValid():boolean" />
		</instance>
		<instance>
			<role name="Adaptee" element="com.alibaba.otter.canal.adapter.launcher.config.AdapterConfigHolder" />
			<role name="Adapter" element="com.alibaba.otter.canal.adapter.launcher.monitor.remote.DbRemoteConfigLoader" />
			<role name="adaptee" element="com.alibaba.otter.canal.adapter.launcher.monitor.remote.DbRemoteConfigLoader::remoteAdapterConfigHolder:com.alibaba.otter.canal.adapter.launcher.config.AdapterConfigHolder" />
			<role name="Request()" element="com.alibaba.otter.canal.adapter.launcher.monitor.remote.DbRemoteConfigLoader::loadRemoteConfig():void" />
		</instance>
		<instance>
			<role name="Adapter" element="com.alibaba.otter.canal.parse.inbound.mysql.MysqlEventParser" />
			<role name="Adaptee" element="com.alibaba.otter.canal.parse.support.AuthenticationInfo" />
			<role name="adaptee" element="com.alibaba.otter.canal.parse.inbound.mysql.MysqlEventParser::masterInfo:com.alibaba.otter.canal.parse.support.AuthenticationInfo" />
			<role name="adaptee" element="com.alibaba.otter.canal.parse.inbound.mysql.MysqlEventParser::standbyInfo:com.alibaba.otter.canal.parse.support.AuthenticationInfo" />
			<role name="Request()" element="com.alibaba.otter.canal.parse.inbound.mysql.MysqlEventParser::doSwitch():void" />
		</instance>
		<instance>
			<role name="Adaptee" element="com.alibaba.otter.canal.deployer.CanalStarter" />
			<role name="Adapter" element="com.alibaba.otter.canal.deployer.admin.CanalAdminController" />
			<role name="adaptee" element="com.alibaba.otter.canal.deployer.admin.CanalAdminController::canalStater:com.alibaba.otter.canal.deployer.CanalStarter" />
			<role name="Request()" element="com.alibaba.otter.canal.deployer.admin.CanalAdminController::check():boolean" />
			<role name="Request()" element="com.alibaba.otter.canal.deployer.admin.CanalAdminController::start():boolean" />
			<role name="Request()" element="com.alibaba.otter.canal.deployer.admin.CanalAdminController::stop():boolean" />
		</instance>
		<instance>
			<role name="Adaptee" element="com.alibaba.otter.canal.instance.manager.CanalConfigClient" />
			<role name="Adapter" element="com.alibaba.otter.canal.instance.manager.ManagerCanalInstanceGenerator" />
			<role name="adaptee" element="com.alibaba.otter.canal.instance.manager.ManagerCanalInstanceGenerator::canalConfigClient:com.alibaba.otter.canal.instance.manager.CanalConfigClient" />
			<role name="Request()" element="com.alibaba.otter.canal.instance.manager.ManagerCanalInstanceGenerator::generate(java.lang.String):com.alibaba.otter.canal.instance.core.CanalInstance" />
		</instance>
		<instance>
			<role name="Adaptee" element="com.alibaba.otter.canal.prometheus.CanalInstanceExports" />
			<role name="Adapter" element="com.alibaba.otter.canal.prometheus.PrometheusService" />
			<role name="adaptee" element="com.alibaba.otter.canal.prometheus.PrometheusService::instanceExports:com.alibaba.otter.canal.prometheus.CanalInstanceExports" />
			<role name="Request()" element="com.alibaba.otter.canal.prometheus.PrometheusService::initialize():void" />
			<role name="Request()" element="com.alibaba.otter.canal.prometheus.PrometheusService::terminate():void" />
			<role name="Request()" element="com.alibaba.otter.canal.prometheus.PrometheusService::register(com.alibaba.otter.canal.instance.core.CanalInstance):void" />
			<role name="Request()" element="com.alibaba.otter.canal.prometheus.PrometheusService::unregister(com.alibaba.otter.canal.instance.core.CanalInstance):void" />
		</instance>
		<instance>
			<role name="Adaptee" element="com.alibaba.otter.canal.client.CanalConnector" />
			<role name="Adapter" element="com.alibaba.otter.canal.connector.tcp.consumer.CanalTCPConsumer" />
			<role name="adaptee" element="com.alibaba.otter.canal.connector.tcp.consumer.CanalTCPConsumer::canalConnector:com.alibaba.otter.canal.client.CanalConnector" />
			<role name="Request()" element="com.alibaba.otter.canal.connector.tcp.consumer.CanalTCPConsumer::connect():void" />
			<role name="Request()" element="com.alibaba.otter.canal.connector.tcp.consumer.CanalTCPConsumer::getMessage(java.lang.Long, java.util.concurrent.TimeUnit):java.util.List" />
			<role name="Request()" element="com.alibaba.otter.canal.connector.tcp.consumer.CanalTCPConsumer::rollback():void" />
			<role name="Request()" element="com.alibaba.otter.canal.connector.tcp.consumer.CanalTCPConsumer::ack():void" />
			<role name="Request()" element="com.alibaba.otter.canal.connector.tcp.consumer.CanalTCPConsumer::disconnect():void" />
		</instance>
		<instance>
			<role name="Adaptee" element="com.alibaba.otter.canal.client.impl.running.ClientRunningMonitor" />
			<role name="Adapter" element="com.alibaba.otter.canal.client.impl.SimpleCanalConnector" />
			<role name="adaptee" element="com.alibaba.otter.canal.client.impl.SimpleCanalConnector::runningMonitor:com.alibaba.otter.canal.client.impl.running.ClientRunningMonitor" />
			<role name="Request()" element="com.alibaba.otter.canal.client.impl.SimpleCanalConnector::connect():void" />
			<role name="Request()" element="com.alibaba.otter.canal.client.impl.SimpleCanalConnector::disconnect():void" />
		</instance>
		<instance>
			<role name="Adaptee" element="com.alibaba.otter.canal.spi.CanalMetricsService" />
			<role name="Adapter" element="com.alibaba.otter.canal.server.embedded.CanalServerWithEmbedded" />
			<role name="adaptee" element="com.alibaba.otter.canal.server.embedded.CanalServerWithEmbedded::metrics:com.alibaba.otter.canal.spi.CanalMetricsService" />
			<role name="Request()" element="com.alibaba.otter.canal.server.embedded.CanalServerWithEmbedded::start():void" />
			<role name="Request()" element="com.alibaba.otter.canal.server.embedded.CanalServerWithEmbedded::stop():void" />
		</instance>
		<instance>
			<role name="Adaptee" element="com.alibaba.otter.canal.parse.inbound.mysql.MysqlConnection" />
			<role name="Adapter" element="com.alibaba.otter.canal.parse.inbound.mysql.tsdb.DatabaseTableMeta" />
			<role name="adaptee" element="com.alibaba.otter.canal.parse.inbound.mysql.tsdb.DatabaseTableMeta::connection:com.alibaba.otter.canal.parse.inbound.mysql.MysqlConnection" />
			<role name="Request()" element="com.alibaba.otter.canal.parse.inbound.mysql.tsdb.DatabaseTableMeta::destory():void" />
		</instance>
		<instance>
			<role name="Adaptee" element="com.alibaba.otter.canal.server.netty.ClientInstanceProfiler" />
			<role name="Adapter" element="com.alibaba.otter.canal.prometheus.PrometheusService" />
			<role name="adaptee" element="com.alibaba.otter.canal.prometheus.PrometheusService::clientProfiler:com.alibaba.otter.canal.server.netty.ClientInstanceProfiler" />
			<role name="Request()" element="com.alibaba.otter.canal.prometheus.PrometheusService::initialize():void" />
			<role name="Request()" element="com.alibaba.otter.canal.prometheus.PrometheusService::terminate():void" />
		</instance>
		<instance>
			<role name="Adaptee" element="com.alibaba.otter.canal.client.CanalNodeAccessStrategy" />
			<role name="Adapter" element="com.alibaba.otter.canal.client.impl.ClusterCanalConnector" />
			<role name="adaptee" element="com.alibaba.otter.canal.client.impl.ClusterCanalConnector::accessStrategy:com.alibaba.otter.canal.client.CanalNodeAccessStrategy" />
			<role name="Request()" element="com.alibaba.otter.canal.client.impl.ClusterCanalConnector::connect():void" />
		</instance>
		<instance>
			<role name="Adaptee" element="com.alibaba.otter.canal.instance.manager.plain.PlainCanalConfigClient" />
			<role name="Adapter" element="com.alibaba.otter.canal.instance.manager.PlainCanalInstanceGenerator" />
			<role name="adaptee" element="com.alibaba.otter.canal.instance.manager.PlainCanalInstanceGenerator::canalConfigClient:com.alibaba.otter.canal.instance.manager.plain.PlainCanalConfigClient" />
			<role name="Request()" element="com.alibaba.otter.canal.instance.manager.PlainCanalInstanceGenerator::generate(java.lang.String):com.alibaba.otter.canal.instance.core.CanalInstance" />
		</instance>
		<instance>
			<role name="Adaptee" element="com.alibaba.otter.canal.admin.service.NodeServerService" />
			<role name="Adapter" element="com.alibaba.otter.canal.admin.service.impl.PollingConfigServiceImpl" />
			<role name="adaptee" element="com.alibaba.otter.canal.admin.service.impl.PollingConfigServiceImpl::nodeServerService:com.alibaba.otter.canal.admin.service.NodeServerService" />
			<role name="Request()" element="com.alibaba.otter.canal.admin.service.impl.PollingConfigServiceImpl::autoRegister(java.lang.String, java.lang.Integer, java.lang.String, java.lang.String):boolean" />
		</instance>
	</pattern>
	<pattern name="Command" />
	<pattern name="Composite" />
	<pattern name="Decorator">
		<instance>
			<role name="Component" element="com.alibaba.otter.canal.parse.index.CanalLogPositionManager" />
			<role name="Decorator" element="com.alibaba.otter.canal.parse.index.FailbackLogPositionManager" />
			<role name="component" element="com.alibaba.otter.canal.parse.index.FailbackLogPositionManager::primary:com.alibaba.otter.canal.parse.index.CanalLogPositionManager" />
			<role name="component" element="com.alibaba.otter.canal.parse.index.FailbackLogPositionManager::secondary:com.alibaba.otter.canal.parse.index.CanalLogPositionManager" />
			<role name="Operation()" element="com.alibaba.otter.canal.parse.index.FailbackLogPositionManager::getLatestIndexBy(java.lang.String):com.alibaba.otter.canal.protocol.position.LogPosition" />
			<role name="Operation()" element="com.alibaba.otter.canal.parse.index.FailbackLogPositionManager::persistLogPosition(java.lang.String, com.alibaba.otter.canal.protocol.position.LogPosition):void" />
		</instance>
		<instance>
			<role name="Component" element="com.alibaba.otter.canal.connector.core.spi.CanalMQProducer" />
			<role name="Decorator" element="com.alibaba.otter.canal.connector.core.spi.ProxyCanalMQProducer" />
			<role name="component" element="com.alibaba.otter.canal.connector.core.spi.ProxyCanalMQProducer::canalMQProducer:com.alibaba.otter.canal.connector.core.spi.CanalMQProducer" />
			<role name="Operation()" element="com.alibaba.otter.canal.connector.core.spi.ProxyCanalMQProducer::init(java.util.Properties):void" />
			<role name="Operation()" element="com.alibaba.otter.canal.connector.core.spi.ProxyCanalMQProducer::getMqProperties():com.alibaba.otter.canal.connector.core.config.MQProperties" />
			<role name="Operation()" element="com.alibaba.otter.canal.connector.core.spi.ProxyCanalMQProducer::send(com.alibaba.otter.canal.connector.core.producer.MQDestination, com.alibaba.otter.canal.protocol.Message, com.alibaba.otter.canal.connector.core.util.Callback):void" />
			<role name="Operation()" element="com.alibaba.otter.canal.connector.core.spi.ProxyCanalMQProducer::stop():void" />
		</instance>
		<instance>
			<role name="Component" element="com.alibaba.otter.canal.client.adapter.OuterAdapter" />
			<role name="Decorator" element="com.alibaba.otter.canal.client.adapter.ProxyOuterAdapter" />
			<role name="component" element="com.alibaba.otter.canal.client.adapter.ProxyOuterAdapter::outerAdapter:com.alibaba.otter.canal.client.adapter.OuterAdapter" />
			<role name="Operation()" element="com.alibaba.otter.canal.client.adapter.ProxyOuterAdapter::init(com.alibaba.otter.canal.client.adapter.support.OuterAdapterConfig, java.util.Properties):void" />
			<role name="Operation()" element="com.alibaba.otter.canal.client.adapter.ProxyOuterAdapter::sync(java.util.List):void" />
			<role name="Operation()" element="com.alibaba.otter.canal.client.adapter.ProxyOuterAdapter::destroy():void" />
		</instance>
		<instance>
			<role name="Component" element="com.alibaba.otter.canal.connector.core.spi.CanalMsgConsumer" />
			<role name="Decorator" element="com.alibaba.otter.canal.connector.core.spi.ProxyCanalMsgConsumer" />
			<role name="component" element="com.alibaba.otter.canal.connector.core.spi.ProxyCanalMsgConsumer::canalMsgConsumer:com.alibaba.otter.canal.connector.core.spi.CanalMsgConsumer" />
			<role name="Operation()" element="com.alibaba.otter.canal.connector.core.spi.ProxyCanalMsgConsumer::init(java.util.Properties, java.lang.String, java.lang.String):void" />
			<role name="Operation()" element="com.alibaba.otter.canal.connector.core.spi.ProxyCanalMsgConsumer::connect():void" />
			<role name="Operation()" element="com.alibaba.otter.canal.connector.core.spi.ProxyCanalMsgConsumer::getMessage(java.lang.Long, java.util.concurrent.TimeUnit):java.util.List" />
			<role name="Operation()" element="com.alibaba.otter.canal.connector.core.spi.ProxyCanalMsgConsumer::ack():void" />
			<role name="Operation()" element="com.alibaba.otter.canal.connector.core.spi.ProxyCanalMsgConsumer::rollback():void" />
			<role name="Operation()" element="com.alibaba.otter.canal.connector.core.spi.ProxyCanalMsgConsumer::disconnect():void" />
		</instance>
	</pattern>
	<pattern name="Observer" />
	<pattern name="State">
		<instance>
			<role name="Context" element="com.alibaba.otter.canal.parse.inbound.EventTransactionBuffer" />
			<role name="State" element="com.alibaba.otter.canal.parse.inbound.EventTransactionBuffer$TransactionFlushCallback" />
			<role name="state" element="com.alibaba.otter.canal.parse.inbound.EventTransactionBuffer::flushCallback:com.alibaba.otter.canal.parse.inbound.EventTransactionBuffer$TransactionFlushCallback" />
			<role name="Request()" element="com.alibaba.otter.canal.parse.inbound.EventTransactionBuffer::flush():void" />
		</instance>
		<instance>
			<role name="Context" element="com.alibaba.otter.canal.parse.inbound.mysql.rds.RdsLocalBinlogEventParser" />
			<role name="State" element="com.alibaba.otter.canal.parse.inbound.mysql.rds.RdsLocalBinlogEventParser$ParseFinishListener" />
			<role name="state" element="com.alibaba.otter.canal.parse.inbound.mysql.rds.RdsLocalBinlogEventParser::finishListener:com.alibaba.otter.canal.parse.inbound.mysql.rds.RdsLocalBinlogEventParser$ParseFinishListener" />
			<role name="Request()" element="com.alibaba.otter.canal.parse.inbound.mysql.rds.RdsLocalBinlogEventParser::onFinish(java.lang.String):void" />
		</instance>
		<instance>
			<role name="Context" element="com.alibaba.otter.canal.instance.core.AbstractCanalInstance" />
			<role name="State" element="com.alibaba.otter.canal.meta.CanalMetaManager" />
			<role name="state" element="com.alibaba.otter.canal.instance.core.AbstractCanalInstance::metaManager:com.alibaba.otter.canal.meta.CanalMetaManager" />
			<role name="Request()" element="com.alibaba.otter.canal.instance.core.AbstractCanalInstance::afterStartEventParser(com.alibaba.otter.canal.parse.CanalEventParser):void" />
		</instance>
		<instance>
			<role name="Context" element="com.alibaba.otter.canal.parse.index.MetaLogPositionManager" />
			<role name="State" element="com.alibaba.otter.canal.meta.CanalMetaManager" />
			<role name="state" element="com.alibaba.otter.canal.parse.index.MetaLogPositionManager::metaManager:com.alibaba.otter.canal.meta.CanalMetaManager" />
			<role name="Request()" element="com.alibaba.otter.canal.parse.index.MetaLogPositionManager::getLatestIndexBy(java.lang.String):com.alibaba.otter.canal.protocol.position.LogPosition" />
		</instance>
		<instance>
			<role name="Context" element="com.alibaba.otter.canal.parse.ha.HeartBeatHAController" />
			<role name="State" element="com.alibaba.otter.canal.parse.CanalHASwitchable" />
			<role name="state" element="com.alibaba.otter.canal.parse.ha.HeartBeatHAController::eventParser:com.alibaba.otter.canal.parse.CanalHASwitchable" />
			<role name="Request()" element="com.alibaba.otter.canal.parse.ha.HeartBeatHAController::onFailed(java.lang.Throwable):void" />
		</instance>
		<instance>
			<role name="State" element="com.alibaba.otter.canal.connector.core.spi.CanalMQProducer" />
			<role name="Context" element="com.alibaba.otter.canal.deployer.CanalStarter" />
			<role name="state" element="com.alibaba.otter.canal.deployer.CanalStarter::canalMQProducer:com.alibaba.otter.canal.connector.core.spi.CanalMQProducer" />
			<role name="Request()" element="com.alibaba.otter.canal.deployer.CanalStarter::start():void" />
		</instance>
		<instance>
			<role name="State" element="com.alibaba.otter.canal.connector.core.spi.CanalMQProducer" />
			<role name="Context" element="com.alibaba.otter.canal.server.CanalMQStarter" />
			<role name="state" element="com.alibaba.otter.canal.server.CanalMQStarter::canalMQProducer:com.alibaba.otter.canal.connector.core.spi.CanalMQProducer" />
			<role name="Request()" element="com.alibaba.otter.canal.server.CanalMQStarter::start(java.lang.String):void" />
			<role name="Request()" element="com.alibaba.otter.canal.server.CanalMQStarter::destroy():void" />
			<role name="Request()" element="com.alibaba.otter.canal.server.CanalMQStarter::worker(java.lang.String, java.util.concurrent.atomic.AtomicBoolean):void" />
			<role name="Request()" element="com.alibaba.otter.canal.server.CanalMQStarter::lambda$start$0():void" />
		</instance>
		<instance>
			<role name="Context" element="com.alibaba.otter.canal.parse.inbound.mysql.dbsync.TableMetaCache" />
			<role name="State" element="com.alibaba.otter.canal.parse.inbound.mysql.tsdb.TableMetaTSDB" />
			<role name="state" element="com.alibaba.otter.canal.parse.inbound.mysql.dbsync.TableMetaCache::tableMetaTSDB:com.alibaba.otter.canal.parse.inbound.mysql.tsdb.TableMetaTSDB" />
			<role name="Request()" element="com.alibaba.otter.canal.parse.inbound.mysql.dbsync.TableMetaCache::getTableMeta(java.lang.String, java.lang.String, boolean, com.alibaba.otter.canal.protocol.position.EntryPosition):com.alibaba.otter.canal.parse.inbound.TableMeta" />
			<role name="Request()" element="com.alibaba.otter.canal.parse.inbound.mysql.dbsync.TableMetaCache::apply(com.alibaba.otter.canal.protocol.position.EntryPosition, java.lang.String, java.lang.String, java.lang.String):boolean" />
		</instance>
		<instance>
			<role name="Context" element="com.alibaba.otter.canal.client.adapter.es.core.service.ESSyncService" />
			<role name="State" element="com.alibaba.otter.canal.client.adapter.es.core.support.ESTemplate" />
			<role name="state" element="com.alibaba.otter.canal.client.adapter.es.core.service.ESSyncService::esTemplate:com.alibaba.otter.canal.client.adapter.es.core.support.ESTemplate" />
			<role name="Request()" element="com.alibaba.otter.canal.client.adapter.es.core.service.ESSyncService::insert(com.alibaba.otter.canal.client.adapter.es.core.config.ESSyncConfig, com.alibaba.otter.canal.client.adapter.support.Dml):void" />
			<role name="Request()" element="com.alibaba.otter.canal.client.adapter.es.core.service.ESSyncService::update(com.alibaba.otter.canal.client.adapter.es.core.config.ESSyncConfig, com.alibaba.otter.canal.client.adapter.support.Dml):void" />
			<role name="Request()" element="com.alibaba.otter.canal.client.adapter.es.core.service.ESSyncService::delete(com.alibaba.otter.canal.client.adapter.es.core.config.ESSyncConfig, com.alibaba.otter.canal.client.adapter.support.Dml):void" />
			<role name="Request()" element="com.alibaba.otter.canal.client.adapter.es.core.service.ESSyncService::singleTableSimpleFiledInsert(com.alibaba.otter.canal.client.adapter.es.core.config.ESSyncConfig, com.alibaba.otter.canal.client.adapter.support.Dml, java.util.Map):void" />
			<role name="Request()" element="com.alibaba.otter.canal.client.adapter.es.core.service.ESSyncService::joinTableSimpleFieldOperation(com.alibaba.otter.canal.client.adapter.es.core.config.ESSyncConfig, com.alibaba.otter.canal.client.adapter.support.Dml, java.util.Map, com.alibaba.otter.canal.client.adapter.es.core.config.SchemaItem$TableItem, java.util.Map):void" />
			<role name="Request()" element="com.alibaba.otter.canal.client.adapter.es.core.service.ESSyncService::subTableSimpleFieldOperation(com.alibaba.otter.canal.client.adapter.es.core.config.ESSyncConfig, com.alibaba.otter.canal.client.adapter.support.Dml, java.util.Map, java.util.Map, com.alibaba.otter.canal.client.adapter.es.core.config.SchemaItem$TableItem):void" />
			<role name="Request()" element="com.alibaba.otter.canal.client.adapter.es.core.service.ESSyncService::wholeSqlOperation(com.alibaba.otter.canal.client.adapter.es.core.config.ESSyncConfig, com.alibaba.otter.canal.client.adapter.support.Dml, java.util.Map, java.util.Map, com.alibaba.otter.canal.client.adapter.es.core.config.SchemaItem$TableItem):void" />
			<role name="Request()" element="com.alibaba.otter.canal.client.adapter.es.core.service.ESSyncService::singleTableSimpleFiledUpdate(com.alibaba.otter.canal.client.adapter.es.core.config.ESSyncConfig, java.lang.String, com.alibaba.otter.canal.client.adapter.support.Dml, java.util.Map, java.util.Map):void" />
			<role name="Request()" element="com.alibaba.otter.canal.client.adapter.es.core.service.ESSyncService::commit():void" />
			<role name="Request()" element="com.alibaba.otter.canal.client.adapter.es.core.service.ESSyncService::lambda$mainTableUpdate$7(com.alibaba.otter.canal.client.adapter.es.core.config.ESSyncConfig$ESMapping, java.util.Map, com.alibaba.otter.canal.client.adapter.es.core.config.ESSyncConfig, com.alibaba.otter.canal.client.adapter.support.Dml, java.sql.ResultSet):java.lang.Object" />
			<role name="Request()" element="com.alibaba.otter.canal.client.adapter.es.core.service.ESSyncService::lambda$wholeSqlOperation$6(com.alibaba.otter.canal.client.adapter.es.core.config.SchemaItem$TableItem, java.util.Map, com.alibaba.otter.canal.client.adapter.es.core.config.ESSyncConfig$ESMapping, com.alibaba.otter.canal.client.adapter.es.core.config.ESSyncConfig, com.alibaba.otter.canal.client.adapter.support.Dml, java.sql.ResultSet):java.lang.Object" />
			<role name="Request()" element="com.alibaba.otter.canal.client.adapter.es.core.service.ESSyncService::lambda$subTableSimpleFieldOperation$5(com.alibaba.otter.canal.client.adapter.es.core.config.SchemaItem$TableItem, java.util.Map, com.alibaba.otter.canal.client.adapter.es.core.config.ESSyncConfig$ESMapping, com.alibaba.otter.canal.client.adapter.es.core.config.ESSyncConfig, com.alibaba.otter.canal.client.adapter.support.Dml, java.sql.ResultSet):java.lang.Object" />
			<role name="Request()" element="com.alibaba.otter.canal.client.adapter.es.core.service.ESSyncService::lambda$mainTableDelete$4(com.alibaba.otter.canal.client.adapter.es.core.config.ESSyncConfig$ESMapping, java.util.Map, com.alibaba.otter.canal.client.adapter.es.core.config.ESSyncConfig, com.alibaba.otter.canal.client.adapter.support.Dml, java.sql.ResultSet):java.lang.Object" />
			<role name="Request()" element="com.alibaba.otter.canal.client.adapter.es.core.service.ESSyncService::lambda$mainTableInsert$3(com.alibaba.otter.canal.client.adapter.es.core.config.ESSyncConfig$ESMapping, com.alibaba.otter.canal.client.adapter.es.core.config.ESSyncConfig, com.alibaba.otter.canal.client.adapter.support.Dml, java.sql.ResultSet):java.lang.Object" />
		</instance>
		<instance>
			<role name="State" element="com.alibaba.otter.canal.connector.core.spi.CanalMsgConsumer" />
			<role name="Context" element="com.alibaba.otter.canal.adapter.launcher.loader.AdapterProcessor" />
			<role name="state" element="com.alibaba.otter.canal.adapter.launcher.loader.AdapterProcessor::canalMsgConsumer:com.alibaba.otter.canal.connector.core.spi.CanalMsgConsumer" />
			<role name="Request()" element="com.alibaba.otter.canal.adapter.launcher.loader.AdapterProcessor::process():void" />
		</instance>
		<instance>
			<role name="Context" element="com.alibaba.otter.canal.adapter.launcher.config.BootstrapConfiguration" />
			<role name="State" element="com.alibaba.otter.canal.adapter.launcher.monitor.remote.RemoteConfigLoader" />
			<role name="state" element="com.alibaba.otter.canal.adapter.launcher.config.BootstrapConfiguration::remoteConfigLoader:com.alibaba.otter.canal.adapter.launcher.monitor.remote.RemoteConfigLoader" />
			<role name="Request()" element="com.alibaba.otter.canal.adapter.launcher.config.BootstrapConfiguration::loadRemoteConfig():void" />
			<role name="Request()" element="com.alibaba.otter.canal.adapter.launcher.config.BootstrapConfiguration::destroy():void" />
		</instance>
		<instance>
			<role name="Context" element="com.alibaba.otter.canal.sink.entry.EntryEventSink" />
			<role name="State" element="com.alibaba.otter.canal.store.CanalEventStore" />
			<role name="state" element="com.alibaba.otter.canal.sink.entry.EntryEventSink::eventStore:com.alibaba.otter.canal.store.CanalEventStore" />
			<role name="Request()" element="com.alibaba.otter.canal.sink.entry.EntryEventSink::doSink(java.util.List):boolean" />
		</instance>
		<instance>
			<role name="Context" element="com.alibaba.otter.canal.admin.controller.CanalClusterController" />
			<role name="State" element="com.alibaba.otter.canal.admin.service.NodeServerService" />
			<role name="state" element="com.alibaba.otter.canal.admin.controller.CanalClusterController::nodeServerService:com.alibaba.otter.canal.admin.service.NodeServerService" />
			<role name="Request()" element="com.alibaba.otter.canal.admin.controller.CanalClusterController::clustersAndServers(java.lang.String):com.alibaba.otter.canal.admin.model.BaseModel" />
		</instance>
		<instance>
			<role name="Context" element="com.alibaba.otter.canal.admin.controller.NodeServerController" />
			<role name="State" element="com.alibaba.otter.canal.admin.service.NodeServerService" />
			<role name="state" element="com.alibaba.otter.canal.admin.controller.NodeServerController::nodeServerService:com.alibaba.otter.canal.admin.service.NodeServerService" />
			<role name="Request()" element="com.alibaba.otter.canal.admin.controller.NodeServerController::nodeServers(com.alibaba.otter.canal.admin.model.NodeServer, com.alibaba.otter.canal.admin.model.Pager, java.lang.String):com.alibaba.otter.canal.admin.model.BaseModel" />
			<role name="Request()" element="com.alibaba.otter.canal.admin.controller.NodeServerController::save(com.alibaba.otter.canal.admin.model.NodeServer, java.lang.String):com.alibaba.otter.canal.admin.model.BaseModel" />
			<role name="Request()" element="com.alibaba.otter.canal.admin.controller.NodeServerController::detail(java.lang.Long, java.lang.String):com.alibaba.otter.canal.admin.model.BaseModel" />
			<role name="Request()" element="com.alibaba.otter.canal.admin.controller.NodeServerController::update(com.alibaba.otter.canal.admin.model.NodeServer, java.lang.String):com.alibaba.otter.canal.admin.model.BaseModel" />
			<role name="Request()" element="com.alibaba.otter.canal.admin.controller.NodeServerController::delete(java.lang.Long, java.lang.String):com.alibaba.otter.canal.admin.model.BaseModel" />
			<role name="Request()" element="com.alibaba.otter.canal.admin.controller.NodeServerController::status(java.lang.String, java.lang.Integer, java.lang.String):com.alibaba.otter.canal.admin.model.BaseModel" />
			<role name="Request()" element="com.alibaba.otter.canal.admin.controller.NodeServerController::start(java.lang.Long, java.lang.String):com.alibaba.otter.canal.admin.model.BaseModel" />
			<role name="Request()" element="com.alibaba.otter.canal.admin.controller.NodeServerController::log(java.lang.Long, java.lang.String):com.alibaba.otter.canal.admin.model.BaseModel" />
			<role name="Request()" element="com.alibaba.otter.canal.admin.controller.NodeServerController::stop(java.lang.Long, java.lang.String):com.alibaba.otter.canal.admin.model.BaseModel" />
		</instance>
		<instance>
			<role name="Context" element="com.alibaba.otter.canal.client.adapter.es6x.support.ES6xTemplate" />
			<role name="State" element="com.alibaba.otter.canal.client.adapter.es.core.support.ESBulkRequest" />
			<role name="state" element="com.alibaba.otter.canal.client.adapter.es6x.support.ES6xTemplate::esBulkRequest:com.alibaba.otter.canal.client.adapter.es.core.support.ESBulkRequest" />
			<role name="Request()" element="com.alibaba.otter.canal.client.adapter.es6x.support.ES6xTemplate::resetBulkRequestBuilder():void" />
		</instance>
		<instance>
			<role name="Context" element="com.alibaba.otter.canal.client.adapter.es7x.support.ES7xTemplate" />
			<role name="State" element="com.alibaba.otter.canal.client.adapter.es.core.support.ESBulkRequest" />
			<role name="state" element="com.alibaba.otter.canal.client.adapter.es7x.support.ES7xTemplate::esBulkRequest:com.alibaba.otter.canal.client.adapter.es.core.support.ESBulkRequest" />
			<role name="Request()" element="com.alibaba.otter.canal.client.adapter.es7x.support.ES7xTemplate::resetBulkRequestBuilder():void" />
		</instance>
		<instance>
			<role name="Context" element="com.alibaba.otter.canal.client.adapter.es8x.support.ES8xTemplate" />
			<role name="State" element="com.alibaba.otter.canal.client.adapter.es.core.support.ESBulkRequest" />
			<role name="state" element="com.alibaba.otter.canal.client.adapter.es8x.support.ES8xTemplate::esBulkRequest:com.alibaba.otter.canal.client.adapter.es.core.support.ESBulkRequest" />
			<role name="Request()" element="com.alibaba.otter.canal.client.adapter.es8x.support.ES8xTemplate::resetBulkRequestBuilder():void" />
		</instance>
		<instance>
			<role name="Context" element="com.alibaba.otter.canal.admin.controller.CanalInstanceController" />
			<role name="State" element="com.alibaba.otter.canal.admin.service.CanalInstanceService" />
			<role name="state" element="com.alibaba.otter.canal.admin.controller.CanalInstanceController::canalInstanceConfigService:com.alibaba.otter.canal.admin.service.CanalInstanceService" />
			<role name="Request()" element="com.alibaba.otter.canal.admin.controller.CanalInstanceController::list(com.alibaba.otter.canal.admin.model.CanalInstanceConfig, com.alibaba.otter.canal.admin.model.Pager, java.lang.String):com.alibaba.otter.canal.admin.model.BaseModel" />
			<role name="Request()" element="com.alibaba.otter.canal.admin.controller.CanalInstanceController::save(com.alibaba.otter.canal.admin.model.CanalInstanceConfig, java.lang.String):com.alibaba.otter.canal.admin.model.BaseModel" />
			<role name="Request()" element="com.alibaba.otter.canal.admin.controller.CanalInstanceController::config(java.lang.Long, java.lang.String):com.alibaba.otter.canal.admin.model.BaseModel" />
			<role name="Request()" element="com.alibaba.otter.canal.admin.controller.CanalInstanceController::detail(java.lang.Long, java.lang.String):com.alibaba.otter.canal.admin.model.BaseModel" />
			<role name="Request()" element="com.alibaba.otter.canal.admin.controller.CanalInstanceController::update(com.alibaba.otter.canal.admin.model.CanalInstanceConfig, java.lang.String):com.alibaba.otter.canal.admin.model.BaseModel" />
			<role name="Request()" element="com.alibaba.otter.canal.admin.controller.CanalInstanceController::delete(java.lang.Long, java.lang.String):com.alibaba.otter.canal.admin.model.BaseModel" />
			<role name="Request()" element="com.alibaba.otter.canal.admin.controller.CanalInstanceController::start(java.lang.Long, java.lang.Long, java.lang.String):com.alibaba.otter.canal.admin.model.BaseModel" />
			<role name="Request()" element="com.alibaba.otter.canal.admin.controller.CanalInstanceController::stop(java.lang.Long, java.lang.Long, java.lang.String):com.alibaba.otter.canal.admin.model.BaseModel" />
			<role name="Request()" element="com.alibaba.otter.canal.admin.controller.CanalInstanceController::instanceStart(java.lang.Long, java.lang.String, java.lang.String):com.alibaba.otter.canal.admin.model.BaseModel" />
			<role name="Request()" element="com.alibaba.otter.canal.admin.controller.CanalInstanceController::instanceLog(java.lang.Long, java.lang.Long, java.lang.String):com.alibaba.otter.canal.admin.model.BaseModel" />
			<role name="Request()" element="com.alibaba.otter.canal.admin.controller.CanalInstanceController::activeInstances(java.lang.Long, java.lang.String):com.alibaba.otter.canal.admin.model.BaseModel" />
		</instance>
		<instance>
			<role name="Context" element="com.alibaba.otter.canal.deployer.monitor.ManagerInstanceConfigMonitor" />
			<role name="State" element="com.alibaba.otter.canal.deployer.monitor.InstanceAction" />
			<role name="state" element="com.alibaba.otter.canal.deployer.monitor.ManagerInstanceConfigMonitor::defaultAction:com.alibaba.otter.canal.deployer.monitor.InstanceAction" />
			<role name="Request()" element="com.alibaba.otter.canal.deployer.monitor.ManagerInstanceConfigMonitor::notifyStart(java.lang.String):void" />
		</instance>
		<instance>
			<role name="Context" element="com.alibaba.otter.canal.deployer.monitor.SpringInstanceConfigMonitor" />
			<role name="State" element="com.alibaba.otter.canal.deployer.monitor.InstanceAction" />
			<role name="state" element="com.alibaba.otter.canal.deployer.monitor.SpringInstanceConfigMonitor::defaultAction:com.alibaba.otter.canal.deployer.monitor.InstanceAction" />
			<role name="Request()" element="com.alibaba.otter.canal.deployer.monitor.SpringInstanceConfigMonitor::notifyStart(java.io.File, java.lang.String, java.io.File[]):void" />
		</instance>
		<instance>
			<role name="Context" element="com.alibaba.otter.canal.server.netty.CanalServerWithNettyProfiler" />
			<role name="State" element="com.alibaba.otter.canal.server.netty.ClientInstanceProfiler" />
			<role name="state" element="com.alibaba.otter.canal.server.netty.CanalServerWithNettyProfiler::instanceProfiler:com.alibaba.otter.canal.server.netty.ClientInstanceProfiler" />
			<role name="Request()" element="com.alibaba.otter.canal.server.netty.CanalServerWithNettyProfiler::profiling(com.alibaba.otter.canal.server.netty.listener.ChannelFutureAggregator$ClientRequestResult):void" />
		</instance>
		<instance>
			<role name="Context" element="com.alibaba.otter.canal.admin.controller.CanalClusterController" />
			<role name="State" element="com.alibaba.otter.canal.admin.service.CanalClusterService" />
			<role name="state" element="com.alibaba.otter.canal.admin.controller.CanalClusterController::canalClusterServic:com.alibaba.otter.canal.admin.service.CanalClusterService" />
			<role name="Request()" element="com.alibaba.otter.canal.admin.controller.CanalClusterController::clusters(com.alibaba.otter.canal.admin.model.CanalCluster, java.lang.String):com.alibaba.otter.canal.admin.model.BaseModel" />
			<role name="Request()" element="com.alibaba.otter.canal.admin.controller.CanalClusterController::save(com.alibaba.otter.canal.admin.model.CanalCluster, java.lang.String):com.alibaba.otter.canal.admin.model.BaseModel" />
			<role name="Request()" element="com.alibaba.otter.canal.admin.controller.CanalClusterController::detail(java.lang.Long, java.lang.String):com.alibaba.otter.canal.admin.model.BaseModel" />
			<role name="Request()" element="com.alibaba.otter.canal.admin.controller.CanalClusterController::update(com.alibaba.otter.canal.admin.model.CanalCluster, java.lang.String):com.alibaba.otter.canal.admin.model.BaseModel" />
			<role name="Request()" element="com.alibaba.otter.canal.admin.controller.CanalClusterController::delete(java.lang.Long, java.lang.String):com.alibaba.otter.canal.admin.model.BaseModel" />
			<role name="Request()" element="com.alibaba.otter.canal.admin.controller.CanalClusterController::clustersAndServers(java.lang.String):com.alibaba.otter.canal.admin.model.BaseModel" />
		</instance>
		<instance>
			<role name="Context" element="com.alibaba.otter.canal.admin.controller.PollingConfigController" />
			<role name="State" element="com.alibaba.otter.canal.admin.service.PollingConfigService" />
			<role name="state" element="com.alibaba.otter.canal.admin.controller.PollingConfigController::pollingConfigService:com.alibaba.otter.canal.admin.service.PollingConfigService" />
			<role name="Request()" element="com.alibaba.otter.canal.admin.controller.PollingConfigController::canalConfigPoll(java.lang.String, java.lang.String, java.lang.String, java.lang.Integer, java.lang.String, boolean, java.lang.String, java.lang.String, java.lang.String):com.alibaba.otter.canal.admin.model.BaseModel" />
			<role name="Request()" element="com.alibaba.otter.canal.admin.controller.PollingConfigController::instanceConfigPoll(java.lang.String, java.lang.String, java.lang.String, java.lang.String, java.lang.String):com.alibaba.otter.canal.admin.model.BaseModel" />
			<role name="Request()" element="com.alibaba.otter.canal.admin.controller.PollingConfigController::instancesPoll(java.lang.String, java.lang.String, java.lang.String, java.lang.Integer, java.lang.String, java.lang.String):com.alibaba.otter.canal.admin.model.BaseModel" />
		</instance>
		<instance>
			<role name="Context" element="com.alibaba.otter.canal.parse.driver.mysql.MysqlConnector" />
			<role name="State" element="com.alibaba.otter.canal.parse.driver.mysql.socket.SocketChannel" />
			<role name="state" element="com.alibaba.otter.canal.parse.driver.mysql.MysqlConnector::channel:com.alibaba.otter.canal.parse.driver.mysql.socket.SocketChannel" />
			<role name="Request()" element="com.alibaba.otter.canal.parse.driver.mysql.MysqlConnector::disconnect():void" />
			<role name="Request()" element="com.alibaba.otter.canal.parse.driver.mysql.MysqlConnector::isConnected():boolean" />
		</instance>
		<instance>
			<role name="Context" element="com.alibaba.otter.canal.parse.driver.mysql.MysqlQueryExecutor" />
			<role name="State" element="com.alibaba.otter.canal.parse.driver.mysql.socket.SocketChannel" />
			<role name="state" element="com.alibaba.otter.canal.parse.driver.mysql.MysqlQueryExecutor::channel:com.alibaba.otter.canal.parse.driver.mysql.socket.SocketChannel" />
			<role name="Request()" element="com.alibaba.otter.canal.parse.driver.mysql.MysqlQueryExecutor::query(java.lang.String):com.alibaba.otter.canal.parse.driver.mysql.packets.server.ResultSetPacket" />
			<role name="Request()" element="com.alibaba.otter.canal.parse.driver.mysql.MysqlQueryExecutor::queryMulti(java.lang.String):java.util.List" />
		</instance>
		<instance>
			<role name="Context" element="com.alibaba.otter.canal.admin.controller.UserController" />
			<role name="State" element="com.alibaba.otter.canal.admin.service.UserService" />
			<role name="state" element="com.alibaba.otter.canal.admin.controller.UserController::userService:com.alibaba.otter.canal.admin.service.UserService" />
			<role name="Request()" element="com.alibaba.otter.canal.admin.controller.UserController::login(com.alibaba.otter.canal.admin.model.User, java.lang.String):com.alibaba.otter.canal.admin.model.BaseModel" />
			<role name="Request()" element="com.alibaba.otter.canal.admin.controller.UserController::update(com.alibaba.otter.canal.admin.model.User, java.lang.String, javax.servlet.http.HttpServletRequest):com.alibaba.otter.canal.admin.model.BaseModel" />
		</instance>
		<instance>
			<role name="State" element="com.alibaba.otter.canal.client.CanalConnector" />
			<role name="Context" element="com.alibaba.otter.canal.connector.tcp.consumer.CanalTCPConsumer" />
			<role name="state" element="com.alibaba.otter.canal.connector.tcp.consumer.CanalTCPConsumer::canalConnector:com.alibaba.otter.canal.client.CanalConnector" />
			<role name="Request()" element="com.alibaba.otter.canal.connector.tcp.consumer.CanalTCPConsumer::connect():void" />
			<role name="Request()" element="com.alibaba.otter.canal.connector.tcp.consumer.CanalTCPConsumer::getMessage(java.lang.Long, java.util.concurrent.TimeUnit):java.util.List" />
			<role name="Request()" element="com.alibaba.otter.canal.connector.tcp.consumer.CanalTCPConsumer::rollback():void" />
			<role name="Request()" element="com.alibaba.otter.canal.connector.tcp.consumer.CanalTCPConsumer::ack():void" />
			<role name="Request()" element="com.alibaba.otter.canal.connector.tcp.consumer.CanalTCPConsumer::disconnect():void" />
		</instance>
		<instance>
			<role name="Context" element="com.alibaba.otter.canal.admin.controller.CanalConfigController" />
			<role name="State" element="com.alibaba.otter.canal.admin.service.CanalConfigService" />
			<role name="state" element="com.alibaba.otter.canal.admin.controller.CanalConfigController::canalConfigService:com.alibaba.otter.canal.admin.service.CanalConfigService" />
			<role name="Request()" element="com.alibaba.otter.canal.admin.controller.CanalConfigController::canalConfig(java.lang.Long, java.lang.Long, java.lang.String):com.alibaba.otter.canal.admin.model.BaseModel" />
			<role name="Request()" element="com.alibaba.otter.canal.admin.controller.CanalConfigController::updateConfig(com.alibaba.otter.canal.admin.model.CanalConfig, java.lang.String):com.alibaba.otter.canal.admin.model.BaseModel" />
		</instance>
		<instance>
			<role name="Context" element="com.alibaba.otter.canal.common.zookeeper.running.ServerRunningMonitor" />
			<role name="State" element="com.alibaba.otter.canal.common.zookeeper.running.ServerRunningListener" />
			<role name="state" element="com.alibaba.otter.canal.common.zookeeper.running.ServerRunningMonitor::listener:com.alibaba.otter.canal.common.zookeeper.running.ServerRunningListener" />
			<role name="Request()" element="com.alibaba.otter.canal.common.zookeeper.running.ServerRunningMonitor::processStart():void" />
			<role name="Request()" element="com.alibaba.otter.canal.common.zookeeper.running.ServerRunningMonitor::processStop():void" />
			<role name="Request()" element="com.alibaba.otter.canal.common.zookeeper.running.ServerRunningMonitor::processActiveEnter():void" />
			<role name="Request()" element="com.alibaba.otter.canal.common.zookeeper.running.ServerRunningMonitor::processActiveExit():void" />
		</instance>
		<instance>
			<role name="Context" element="com.alibaba.otter.canal.server.embedded.CanalServerWithEmbedded" />
			<role name="State" element="com.alibaba.otter.canal.spi.CanalMetricsService" />
			<role name="state" element="com.alibaba.otter.canal.server.embedded.CanalServerWithEmbedded::metrics:com.alibaba.otter.canal.spi.CanalMetricsService" />
			<role name="Request()" element="com.alibaba.otter.canal.server.embedded.CanalServerWithEmbedded::start():void" />
			<role name="Request()" element="com.alibaba.otter.canal.server.embedded.CanalServerWithEmbedded::stop():void" />
			<role name="Request()" element="com.alibaba.otter.canal.server.embedded.CanalServerWithEmbedded::start(java.lang.String):void" />
			<role name="Request()" element="com.alibaba.otter.canal.server.embedded.CanalServerWithEmbedded::stop(java.lang.String):void" />
		</instance>
		<instance>
			<role name="Context" element="com.alibaba.otter.canal.sink.entry.group.GroupEventSink" />
			<role name="State" element="com.alibaba.otter.canal.sink.entry.group.GroupBarrier" />
			<role name="state" element="com.alibaba.otter.canal.sink.entry.group.GroupEventSink::barrier:com.alibaba.otter.canal.sink.entry.group.GroupBarrier" />
			<role name="Request()" element="com.alibaba.otter.canal.sink.entry.group.GroupEventSink::doSink(java.util.List):boolean" />
			<role name="Request()" element="com.alibaba.otter.canal.sink.entry.group.GroupEventSink::interrupt():void" />
		</instance>
		<instance>
			<role name="Context" element="com.alibaba.otter.canal.parse.inbound.mysql.LocalBinLogConnection" />
			<role name="State" element="com.alibaba.otter.canal.parse.inbound.mysql.LocalBinLogConnection$FileParserListener" />
			<role name="state" element="com.alibaba.otter.canal.parse.inbound.mysql.LocalBinLogConnection::parserListener:com.alibaba.otter.canal.parse.inbound.mysql.LocalBinLogConnection$FileParserListener" />
			<role name="Request()" element="com.alibaba.otter.canal.parse.inbound.mysql.LocalBinLogConnection::parserFinish(java.lang.String):void" />
		</instance>
		<instance>
			<role name="Context" element="com.alibaba.otter.canal.adapter.launcher.monitor.remote.DbRemoteConfigLoader" />
			<role name="State" element="com.alibaba.otter.canal.adapter.launcher.monitor.remote.RemoteAdapterMonitor" />
			<role name="state" element="com.alibaba.otter.canal.adapter.launcher.monitor.remote.DbRemoteConfigLoader::remoteAdapterMonitor:com.alibaba.otter.canal.adapter.launcher.monitor.remote.RemoteAdapterMonitor" />
			<role name="Request()" element="com.alibaba.otter.canal.adapter.launcher.monitor.remote.DbRemoteConfigLoader::loadModifiedAdapterConfigs():void" />
		</instance>
		<instance>
			<role name="Context" element="com.alibaba.otter.canal.server.embedded.CanalServerWithEmbedded" />
			<role name="State" element="com.alibaba.otter.canal.instance.core.CanalInstanceGenerator" />
			<role name="state" element="com.alibaba.otter.canal.server.embedded.CanalServerWithEmbedded::canalInstanceGenerator:com.alibaba.otter.canal.instance.core.CanalInstanceGenerator" />
			<role name="Request()" element="com.alibaba.otter.canal.server.embedded.CanalServerWithEmbedded::lambda$start$0(java.lang.String):com.alibaba.otter.canal.instance.core.CanalInstance" />
		</instance>
		<instance>
			<role name="Context" element="com.alibaba.otter.canal.client.adapter.es8x.etl.ESEtlService" />
			<role name="State" element="com.alibaba.otter.canal.client.adapter.es.core.support.ESTemplate" />
			<role name="state" element="com.alibaba.otter.canal.client.adapter.es8x.etl.ESEtlService::esTemplate:com.alibaba.otter.canal.client.adapter.es.core.support.ESTemplate" />
			<role name="Request()" element="com.alibaba.otter.canal.client.adapter.es8x.etl.ESEtlService::lambda$executeSqlImport$1(com.alibaba.otter.canal.client.adapter.es.core.config.ESSyncConfig$ESMapping, java.util.concurrent.atomic.AtomicLong, java.util.List, java.sql.ResultSet):java.lang.Object" />
			<role name="Request()" element="com.alibaba.otter.canal.client.adapter.es8x.etl.ESEtlService::lambda$executeSqlImport$0(com.alibaba.otter.canal.client.adapter.es.core.config.ESSyncConfig$ESMapping, java.sql.ResultSet, java.util.Map, java.lang.String, com.alibaba.otter.canal.client.adapter.es.core.config.ESSyncConfig$RelationMapping):void" />
		</instance>
		<instance>
			<role name="Context" element="com.alibaba.otter.canal.client.impl.running.ClientRunningMonitor" />
			<role name="State" element="com.alibaba.otter.canal.client.impl.running.ClientRunningListener" />
			<role name="state" element="com.alibaba.otter.canal.client.impl.running.ClientRunningMonitor::listener:com.alibaba.otter.canal.client.impl.running.ClientRunningListener" />
			<role name="Request()" element="com.alibaba.otter.canal.client.impl.running.ClientRunningMonitor::processActiveEnter():void" />
			<role name="Request()" element="com.alibaba.otter.canal.client.impl.running.ClientRunningMonitor::processActiveExit():void" />
		</instance>
		<instance>
			<role name="Context" element="com.alibaba.otter.canal.admin.service.impl.PollingConfigServiceImpl" />
			<role name="State" element="com.alibaba.otter.canal.admin.service.NodeServerService" />
			<role name="state" element="com.alibaba.otter.canal.admin.service.impl.PollingConfigServiceImpl::nodeServerService:com.alibaba.otter.canal.admin.service.NodeServerService" />
			<role name="Request()" element="com.alibaba.otter.canal.admin.service.impl.PollingConfigServiceImpl::autoRegister(java.lang.String, java.lang.Integer, java.lang.String, java.lang.String):boolean" />
		</instance>
		<instance>
			<role name="Context" element="com.alibaba.otter.canal.parse.inbound.mysql.tsdb.DatabaseTableMeta" />
			<role name="State" element="com.alibaba.otter.canal.filter.CanalEventFilter" />
			<role name="state" element="com.alibaba.otter.canal.parse.inbound.mysql.tsdb.DatabaseTableMeta::blackFilter:com.alibaba.otter.canal.filter.CanalEventFilter" />
			<role name="state" element="com.alibaba.otter.canal.parse.inbound.mysql.tsdb.DatabaseTableMeta::filter:com.alibaba.otter.canal.filter.CanalEventFilter" />
			<role name="Request()" element="com.alibaba.otter.canal.parse.inbound.mysql.tsdb.DatabaseTableMeta::dumpTableMeta(com.alibaba.otter.canal.parse.inbound.mysql.MysqlConnection, com.alibaba.otter.canal.filter.CanalEventFilter):boolean" />
			<role name="Request()" element="com.alibaba.otter.canal.parse.inbound.mysql.tsdb.DatabaseTableMeta::applySnapshotToDB(com.alibaba.otter.canal.protocol.position.EntryPosition, boolean):boolean" />
		</instance>
		<instance>
			<role name="Context" element="com.alibaba.otter.canal.parse.driver.mysql.packets.client.BinlogDumpGTIDCommandPacket" />
			<role name="State" element="com.alibaba.otter.canal.parse.driver.mysql.packets.GTIDSet" />
			<role name="state" element="com.alibaba.otter.canal.parse.driver.mysql.packets.client.BinlogDumpGTIDCommandPacket::gtidSet:com.alibaba.otter.canal.parse.driver.mysql.packets.GTIDSet" />
			<role name="Request()" element="com.alibaba.otter.canal.parse.driver.mysql.packets.client.BinlogDumpGTIDCommandPacket::toBytes():byte[]" />
		</instance>
		<instance>
			<role name="Context" element="com.alibaba.otter.canal.parse.inbound.mysql.dbsync.DirectLogFetcher" />
			<role name="State" element="com.alibaba.otter.canal.parse.driver.mysql.socket.SocketChannel" />
			<role name="state" element="com.alibaba.otter.canal.parse.inbound.mysql.dbsync.DirectLogFetcher::channel:com.alibaba.otter.canal.parse.driver.mysql.socket.SocketChannel" />
			<role name="Request()" element="com.alibaba.otter.canal.parse.inbound.mysql.dbsync.DirectLogFetcher::fetch0(int, int):boolean" />
		</instance>
	</pattern>
	<pattern name="Strategy">
		<instance>
			<role name="Strategy" element="com.alibaba.otter.canal.client.CanalNodeAccessStrategy" />
			<role name="Context" element="com.alibaba.otter.canal.client.impl.ClusterCanalConnector" />
			<role name="strategy" element="com.alibaba.otter.canal.client.impl.ClusterCanalConnector::accessStrategy:com.alibaba.otter.canal.client.CanalNodeAccessStrategy" />
			<role name="ContextInterface()" element="com.alibaba.otter.canal.client.impl.ClusterCanalConnector::connect():void" />
		</instance>
	</pattern>
	<pattern name="Bridge">
		<instance>
			<role name="Abstraction" element="com.alibaba.otter.canal.store.AbstractCanalStoreScavenge" />
			<role name="Implementor" element="com.alibaba.otter.canal.meta.CanalMetaManager" />
			<role name="implementor" element="com.alibaba.otter.canal.store.AbstractCanalStoreScavenge::canalMetaManager:com.alibaba.otter.canal.meta.CanalMetaManager" />
			<role name="Operation()" element="com.alibaba.otter.canal.store.AbstractCanalStoreScavenge::getLatestAckPosition(java.lang.String):com.alibaba.otter.canal.protocol.position.Position" />
		</instance>
		<instance>
			<role name="Abstraction" element="com.alibaba.otter.canal.parse.inbound.AbstractEventParser" />
			<role name="Implementor" element="com.alibaba.otter.canal.parse.index.CanalLogPositionManager" />
			<role name="implementor" element="com.alibaba.otter.canal.parse.inbound.AbstractEventParser::logPositionManager:com.alibaba.otter.canal.parse.index.CanalLogPositionManager" />
			<role name="Operation()" element="com.alibaba.otter.canal.parse.inbound.AbstractEventParser::lambda$new$1(java.util.List):void" />
		</instance>
		<instance>
			<role name="Abstraction" element="com.alibaba.otter.canal.parse.inbound.AbstractEventParser" />
			<role name="Implementor" element="com.alibaba.otter.canal.sink.CanalEventSink" />
			<role name="implementor" element="com.alibaba.otter.canal.parse.inbound.AbstractEventParser::eventSink:com.alibaba.otter.canal.sink.CanalEventSink" />
			<role name="Operation()" element="com.alibaba.otter.canal.parse.inbound.AbstractEventParser::stop():void" />
			<role name="Operation()" element="com.alibaba.otter.canal.parse.inbound.AbstractEventParser::consumeTheEventAndProfilingIfNecessary(java.util.List):boolean" />
		</instance>
		<instance>
			<role name="Abstraction" element="com.alibaba.otter.canal.parse.inbound.AbstractEventParser" />
			<role name="Implementor" element="com.alibaba.otter.canal.parse.inbound.BinlogParser" />
			<role name="implementor" element="com.alibaba.otter.canal.parse.inbound.AbstractEventParser::binlogParser:com.alibaba.otter.canal.parse.inbound.BinlogParser" />
			<role name="Operation()" element="com.alibaba.otter.canal.parse.inbound.AbstractEventParser::parseAndProfilingIfNecessary(EVENT, boolean):com.alibaba.otter.canal.protocol.CanalEntry$Entry" />
		</instance>
		<instance>
			<role name="Abstraction" element="com.alibaba.otter.canal.parse.inbound.mysql.AbstractMysqlEventParser" />
			<role name="Implementor" element="com.alibaba.otter.canal.parse.inbound.mysql.tsdb.TableMetaTSDB" />
			<role name="implementor" element="com.alibaba.otter.canal.parse.inbound.mysql.AbstractMysqlEventParser::tableMetaTSDB:com.alibaba.otter.canal.parse.inbound.mysql.tsdb.TableMetaTSDB" />
			<role name="Operation()" element="com.alibaba.otter.canal.parse.inbound.mysql.AbstractMysqlEventParser::processTableMeta(com.alibaba.otter.canal.protocol.position.EntryPosition):boolean" />
		</instance>
		<instance>
			<role name="Abstraction" element="com.alibaba.otter.canal.parse.inbound.AbstractEventParser" />
			<role name="Implementor" element="com.alibaba.otter.canal.common.alarm.CanalAlarmHandler" />
			<role name="implementor" element="com.alibaba.otter.canal.parse.inbound.AbstractEventParser::alarmHandler:com.alibaba.otter.canal.common.alarm.CanalAlarmHandler" />
			<role name="Operation()" element="com.alibaba.otter.canal.parse.inbound.AbstractEventParser::sendAlarm(java.lang.String, java.lang.String):void" />
		</instance>
		<instance>
			<role name="Abstraction" element="com.alibaba.otter.canal.client.adapter.support.AbstractEtlService" />
			<role name="Implementor" element="com.alibaba.otter.canal.client.adapter.support.AdapterConfig" />
			<role name="implementor" element="com.alibaba.otter.canal.client.adapter.support.AbstractEtlService::config:com.alibaba.otter.canal.client.adapter.support.AdapterConfig" />
			<role name="Operation()" element="com.alibaba.otter.canal.client.adapter.support.AbstractEtlService::importData(java.lang.String, java.util.List):com.alibaba.otter.canal.client.adapter.support.EtlResult" />
			<role name="Operation()" element="com.alibaba.otter.canal.client.adapter.support.AbstractEtlService::lambda$importData$1(com.alibaba.druid.pool.DruidDataSource, java.lang.String, java.util.List, java.util.concurrent.atomic.AtomicLong, java.util.List):java.lang.Boolean" />
		</instance>
		<instance>
			<role name="Abstraction" element="com.alibaba.otter.canal.parse.inbound.mysql.AbstractMysqlEventParser" />
			<role name="Implementor" element="com.alibaba.otter.canal.parse.inbound.mysql.tsdb.TableMetaTSDBFactory" />
			<role name="implementor" element="com.alibaba.otter.canal.parse.inbound.mysql.AbstractMysqlEventParser::tableMetaTSDBFactory:com.alibaba.otter.canal.parse.inbound.mysql.tsdb.TableMetaTSDBFactory" />
			<role name="Operation()" element="com.alibaba.otter.canal.parse.inbound.mysql.AbstractMysqlEventParser::stop():void" />
			<role name="Operation()" element="com.alibaba.otter.canal.parse.inbound.mysql.AbstractMysqlEventParser::buildTableMetaTSDB(java.lang.String):void" />
		</instance>
	</pattern>
	<pattern name="Template Method">
		<instance>
			<role name="AbstractClass" element="com.alibaba.otter.canal.client.adapter.support.AbstractEtlService" />
			<role name="TemplateMethod()" element="com.alibaba.otter.canal.client.adapter.support.AbstractEtlService::importData(java.lang.String, java.util.List):com.alibaba.otter.canal.client.adapter.support.EtlResult" />
			<role name="TemplateMethod()" element="com.alibaba.otter.canal.client.adapter.support.AbstractEtlService::lambda$importData$1(com.alibaba.druid.pool.DruidDataSource, java.lang.String, java.util.List, java.util.concurrent.atomic.AtomicLong, java.util.List):java.lang.Boolean" />
		</instance>
		<instance>
			<role name="AbstractClass" element="com.alibaba.otter.canal.parse.inbound.AbstractEventParser" />
			<role name="TemplateMethod()" element="com.alibaba.otter.canal.parse.inbound.AbstractEventParser::start():void" />
		</instance>
		<instance>
			<role name="AbstractClass" element="com.alibaba.otter.canal.parse.inbound.mysql.rds.request.AbstractRequest" />
			<role name="TemplateMethod()" element="com.alibaba.otter.canal.parse.inbound.mysql.rds.request.AbstractRequest::doAction():java.lang.Object" />
		</instance>
	</pattern>
	<pattern name="Visitor" />
	<pattern name="Proxy">
		<instance>
			<role name="RealSubject" element="com.alibaba.otter.canal.parse.index.MemoryLogPositionManager" />
			<role name="Proxy" element="com.alibaba.otter.canal.parse.index.MixedLogPositionManager" />
			<role name="Request()" element="com.alibaba.otter.canal.parse.index.MixedLogPositionManager::start():void" />
			<role name="Request()" element="com.alibaba.otter.canal.parse.index.MixedLogPositionManager::stop():void" />
			<role name="Request()" element="com.alibaba.otter.canal.parse.index.MixedLogPositionManager::getLatestIndexBy(java.lang.String):com.alibaba.otter.canal.protocol.position.LogPosition" />
			<role name="Request()" element="com.alibaba.otter.canal.parse.index.MixedLogPositionManager::persistLogPosition(java.lang.String, com.alibaba.otter.canal.protocol.position.LogPosition):void" />
		</instance>
		<instance>
			<role name="RealSubject" element="com.alibaba.otter.canal.parse.index.MemoryLogPositionManager" />
			<role name="Proxy" element="com.alibaba.otter.canal.parse.index.PeriodMixedLogPositionManager" />
			<role name="Request()" element="com.alibaba.otter.canal.parse.index.PeriodMixedLogPositionManager::stop():void" />
			<role name="Request()" element="com.alibaba.otter.canal.parse.index.PeriodMixedLogPositionManager::start():void" />
			<role name="Request()" element="com.alibaba.otter.canal.parse.index.PeriodMixedLogPositionManager::getLatestIndexBy(java.lang.String):com.alibaba.otter.canal.protocol.position.LogPosition" />
			<role name="Request()" element="com.alibaba.otter.canal.parse.index.PeriodMixedLogPositionManager::persistLogPosition(java.lang.String, com.alibaba.otter.canal.protocol.position.LogPosition):void" />
		</instance>
		<instance>
			<role name="RealSubject" element="com.alibaba.otter.canal.parse.index.MemoryLogPositionManager" />
			<role name="Proxy" element="com.alibaba.otter.canal.parse.index.FileMixedLogPositionManager" />
			<role name="Request()" element="com.alibaba.otter.canal.parse.index.FileMixedLogPositionManager::start():void" />
			<role name="Request()" element="com.alibaba.otter.canal.parse.index.FileMixedLogPositionManager::stop():void" />
			<role name="Request()" element="com.alibaba.otter.canal.parse.index.FileMixedLogPositionManager::getLatestIndexBy(java.lang.String):com.alibaba.otter.canal.protocol.position.LogPosition" />
			<role name="Request()" element="com.alibaba.otter.canal.parse.index.FileMixedLogPositionManager::persistLogPosition(java.lang.String, com.alibaba.otter.canal.protocol.position.LogPosition):void" />
		</instance>
		<instance>
			<role name="RealSubject" element="com.alibaba.otter.canal.parse.index.ZooKeeperLogPositionManager" />
			<role name="Proxy" element="com.alibaba.otter.canal.parse.index.MixedLogPositionManager" />
			<role name="Request()" element="com.alibaba.otter.canal.parse.index.MixedLogPositionManager::getLatestIndexBy(java.lang.String):com.alibaba.otter.canal.protocol.position.LogPosition" />
		</instance>
		<instance>
			<role name="RealSubject" element="com.alibaba.otter.canal.meta.ZooKeeperMetaManager" />
			<role name="Proxy" element="com.alibaba.otter.canal.meta.MixedMetaManager" />
			<role name="Request()" element="com.alibaba.otter.canal.meta.MixedMetaManager::start():void" />
			<role name="Request()" element="com.alibaba.otter.canal.meta.MixedMetaManager::stop():void" />
		</instance>
		<instance>
			<role name="RealSubject" element="com.alibaba.otter.canal.meta.ZooKeeperMetaManager" />
			<role name="Proxy" element="com.alibaba.otter.canal.meta.PeriodMixedMetaManager" />
			<role name="Request()" element="com.alibaba.otter.canal.meta.PeriodMixedMetaManager::start():void" />
			<role name="Request()" element="com.alibaba.otter.canal.meta.PeriodMixedMetaManager::stop():void" />
		</instance>
		<instance>
			<role name="RealSubject" element="com.alibaba.otter.canal.server.embedded.CanalServerWithEmbedded" />
			<role name="Proxy" element="com.alibaba.otter.canal.server.netty.CanalServerWithNetty" />
			<role name="Request()" element="com.alibaba.otter.canal.server.netty.CanalServerWithNetty::start():void" />
			<role name="Request()" element="com.alibaba.otter.canal.server.netty.CanalServerWithNetty::stop():void" />
		</instance>
		<instance>
			<role name="Proxy" element="com.alibaba.otter.canal.client.impl.ClusterCanalConnector" />
			<role name="RealSubject" element="com.alibaba.otter.canal.client.impl.SimpleCanalConnector" />
			<role name="Request()" element="com.alibaba.otter.canal.client.impl.ClusterCanalConnector::connect():void" />
			<role name="Request()" element="com.alibaba.otter.canal.client.impl.ClusterCanalConnector::checkValid():boolean" />
			<role name="Request()" element="com.alibaba.otter.canal.client.impl.ClusterCanalConnector::disconnect():void" />
			<role name="Request()" element="com.alibaba.otter.canal.client.impl.ClusterCanalConnector::subscribe(java.lang.String):void" />
			<role name="Request()" element="com.alibaba.otter.canal.client.impl.ClusterCanalConnector::unsubscribe():void" />
			<role name="Request()" element="com.alibaba.otter.canal.client.impl.ClusterCanalConnector::get(int):com.alibaba.otter.canal.protocol.Message" />
			<role name="Request()" element="com.alibaba.otter.canal.client.impl.ClusterCanalConnector::get(int, java.lang.Long, java.util.concurrent.TimeUnit):com.alibaba.otter.canal.protocol.Message" />
			<role name="Request()" element="com.alibaba.otter.canal.client.impl.ClusterCanalConnector::getWithoutAck(int):com.alibaba.otter.canal.protocol.Message" />
			<role name="Request()" element="com.alibaba.otter.canal.client.impl.ClusterCanalConnector::getWithoutAck(int, java.lang.Long, java.util.concurrent.TimeUnit):com.alibaba.otter.canal.protocol.Message" />
			<role name="Request()" element="com.alibaba.otter.canal.client.impl.ClusterCanalConnector::rollback(long):void" />
			<role name="Request()" element="com.alibaba.otter.canal.client.impl.ClusterCanalConnector::rollback():void" />
			<role name="Request()" element="com.alibaba.otter.canal.client.impl.ClusterCanalConnector::ack(long):void" />
		</instance>
		<instance>
			<role name="Proxy" element="com.alibaba.otter.canal.parse.inbound.mysql.tsdb.DatabaseTableMeta" />
			<role name="RealSubject" element="com.alibaba.otter.canal.parse.inbound.mysql.tsdb.MemoryTableMeta" />
			<role name="Request()" element="com.alibaba.otter.canal.parse.inbound.mysql.tsdb.DatabaseTableMeta::destory():void" />
			<role name="Request()" element="com.alibaba.otter.canal.parse.inbound.mysql.tsdb.DatabaseTableMeta::find(java.lang.String, java.lang.String):com.alibaba.otter.canal.parse.inbound.TableMeta" />
			<role name="Request()" element="com.alibaba.otter.canal.parse.inbound.mysql.tsdb.DatabaseTableMeta::apply(com.alibaba.otter.canal.protocol.position.EntryPosition, java.lang.String, java.lang.String, java.lang.String):boolean" />
			<role name="Request()" element="com.alibaba.otter.canal.parse.inbound.mysql.tsdb.DatabaseTableMeta::snapshot():java.util.Map" />
		</instance>
	</pattern>
	<pattern name="Proxy2" />
	<pattern name="Chain of Responsibility" />
</system>

