<?xml version="1.0" encoding="UTF-8"?>
<system>
	<pattern name="Factory Method" />
	<pattern name="Prototype" />
	<pattern name="Singleton" />
	<pattern name="(Object)Adapter">
		<instance>
			<role name="Adaptee" element="org.vafer.jdeb.maven.Mapper" />
			<role name="Adapter" element="org.vafer.jdeb.maven.Data" />
			<role name="adaptee" element="org.vafer.jdeb.maven.Data::mapper:org.vafer.jdeb.maven.Mapper" />
			<role name="Request()" element="org.vafer.jdeb.maven.Data::produce(org.vafer.jdeb.DataConsumer):void" />
		</instance>
	</pattern>
	<pattern name="Command" />
	<pattern name="Composite" />
	<pattern name="Decorator" />
	<pattern name="Observer" />
	<pattern name="State">
		<instance>
			<role name="Context" element="org.vafer.jdeb.utils.OutputTimestampResolver" />
			<role name="State" element="org.vafer.jdeb.Console" />
			<role name="state" element="org.vafer.jdeb.utils.OutputTimestampResolver::console:org.vafer.jdeb.Console" />
			<role name="Request()" element="org.vafer.jdeb.utils.OutputTimestampResolver::resolveOutputTimestamp(java.lang.String):java.lang.Long" />
		</instance>
		<instance>
			<role name="Context" element="org.vafer.jdeb.ControlBuilder" />
			<role name="State" element="org.vafer.jdeb.Console" />
			<role name="state" element="org.vafer.jdeb.ControlBuilder::console:org.vafer.jdeb.Console" />
			<role name="Request()" element="org.vafer.jdeb.ControlBuilder::buildControl(org.vafer.jdeb.debian.BinaryPackageControlFile, java.io.File[], java.util.List, java.lang.StringBuilder, java.io.File):void" />
			<role name="Request()" element="org.vafer.jdeb.ControlBuilder::createPackageControlFile(java.io.File, java.math.BigInteger):org.vafer.jdeb.debian.BinaryPackageControlFile" />
			<role name="Request()" element="org.vafer.jdeb.ControlBuilder::addControlEntry(java.lang.String, java.lang.String, org.apache.commons.compress.archivers.tar.TarArchiveOutputStream):void" />
		</instance>
		<instance>
			<role name="Context" element="org.vafer.jdeb.DataBuilder" />
			<role name="State" element="org.vafer.jdeb.Console" />
			<role name="state" element="org.vafer.jdeb.DataBuilder::console:org.vafer.jdeb.Console" />
			<role name="Request()" element="org.vafer.jdeb.DataBuilder::buildData(java.util.Collection, java.io.File, java.lang.StringBuilder, org.vafer.jdeb.TarOptions):java.math.BigInteger" />
		</instance>
		<instance>
			<role name="Context" element="org.vafer.jdeb.DebMaker" />
			<role name="State" element="org.vafer.jdeb.Console" />
			<role name="state" element="org.vafer.jdeb.DebMaker::console:org.vafer.jdeb.Console" />
			<role name="Request()" element="org.vafer.jdeb.DebMaker::makeDeb():void" />
			<role name="Request()" element="org.vafer.jdeb.DebMaker::makeChangesFiles(org.vafer.jdeb.debian.BinaryPackageControlFile):void" />
			<role name="Request()" element="org.vafer.jdeb.DebMaker::createSignedDeb(org.vafer.jdeb.Compression, org.bouncycastle.openpgp.PGPSignatureGenerator, org.vafer.jdeb.signing.PGPSigner):org.vafer.jdeb.debian.BinaryPackageControlFile" />
		</instance>
		<instance>
			<role name="Context" element="org.vafer.jdeb.maven.DebMojo" />
			<role name="State" element="org.vafer.jdeb.Console" />
			<role name="state" element="org.vafer.jdeb.maven.DebMojo::console:org.vafer.jdeb.Console" />
			<role name="Request()" element="org.vafer.jdeb.maven.DebMojo::execute():void" />
			<role name="Request()" element="org.vafer.jdeb.maven.DebMojo::initializeSignProperties():void" />
			<role name="Request()" element="org.vafer.jdeb.maven.DebMojo::decrypt(java.lang.String):java.lang.String" />
			<role name="Request()" element="org.vafer.jdeb.maven.DebMojo::readPropertiesFromActiveProfiles(java.lang.String, java.lang.String[]):java.util.Map" />
		</instance>
	</pattern>
	<pattern name="Strategy" />
	<pattern name="Bridge" />
	<pattern name="Template Method">
		<instance>
			<role name="AbstractClass" element="org.vafer.jdeb.debian.ControlFile" />
			<role name="TemplateMethod()" element="org.vafer.jdeb.debian.ControlFile::getMandatoryFields():java.util.List" />
			<role name="TemplateMethod()" element="org.vafer.jdeb.debian.ControlFile::invalidFields():java.util.Set" />
			<role name="TemplateMethod()" element="org.vafer.jdeb.debian.ControlFile::toString():java.lang.String" />
			<role name="TemplateMethod()" element="org.vafer.jdeb.debian.ControlFile::getUserDefinedFieldName(java.lang.String):java.lang.String" />
		</instance>
	</pattern>
	<pattern name="Visitor" />
	<pattern name="Proxy" />
	<pattern name="Proxy2" />
	<pattern name="Chain of Responsibility" />
</system>

