<?xml version="1.0" encoding="UTF-8"?>
<system>
	<pattern name="Factory Method">
		<instance>
			<role name="Creator" element="org.littleshoot.proxy.HttpProxyServer" />
			<role name="FactoryMethod()" element="org.littleshoot.proxy.HttpProxyServer::clone():org.littleshoot.proxy.HttpProxyServerBootstrap" />
		</instance>
	</pattern>
	<pattern name="Prototype" />
	<pattern name="Singleton">
		<instance>
			<role name="Singleton" element="org.littleshoot.proxy.HttpFiltersAdapter" />
			<role name="uniqueInstance" element="org.littleshoot.proxy.HttpFiltersAdapter::NOOP_FILTER:org.littleshoot.proxy.HttpFiltersAdapter" />
		</instance>
	</pattern>
	<pattern name="(Object)Adapter">
		<instance>
			<role name="Adaptee" element="org.littleshoot.proxy.HttpFilters" />
			<role name="Adapter" element="org.littleshoot.proxy.impl.ClientToProxyConnection" />
			<role name="adaptee" element="org.littleshoot.proxy.impl.ClientToProxyConnection::currentFilters:org.littleshoot.proxy.HttpFilters" />
			<role name="Request()" element="org.littleshoot.proxy.impl.ClientToProxyConnection::readHTTPChunk(io.netty.handler.codec.http.HttpContent):void" />
		</instance>
		<instance>
			<role name="Adaptee" element="org.littleshoot.proxy.extras.SelfSignedSslEngineSource" />
			<role name="Adapter" element="org.littleshoot.proxy.extras.SelfSignedMitmManager" />
			<role name="adaptee" element="org.littleshoot.proxy.extras.SelfSignedMitmManager::selfSignedSslEngineSource:org.littleshoot.proxy.extras.SelfSignedSslEngineSource" />
			<role name="Request()" element="org.littleshoot.proxy.extras.SelfSignedMitmManager::serverSslEngine(java.lang.String, int):javax.net.ssl.SSLEngine" />
			<role name="Request()" element="org.littleshoot.proxy.extras.SelfSignedMitmManager::serverSslEngine():javax.net.ssl.SSLEngine" />
			<role name="Request()" element="org.littleshoot.proxy.extras.SelfSignedMitmManager::clientSslEngineFor(io.netty.handler.codec.http.HttpRequest, javax.net.ssl.SSLSession):javax.net.ssl.SSLEngine" />
		</instance>
	</pattern>
	<pattern name="Command" />
	<pattern name="Composite" />
	<pattern name="Decorator" />
	<pattern name="Observer" />
	<pattern name="State">
		<instance>
			<role name="Context" element="org.littleshoot.proxy.impl.ConnectionFlow" />
			<role name="State" element="org.littleshoot.proxy.impl.ConnectionFlowStep" />
			<role name="state" element="org.littleshoot.proxy.impl.ConnectionFlow::currentStep:org.littleshoot.proxy.impl.ConnectionFlowStep" />
			<role name="Request()" element="org.littleshoot.proxy.impl.ConnectionFlow::doProcessCurrentStep(org.littleshoot.proxy.impl.ProxyConnectionLogger):void" />
		</instance>
		<instance>
			<role name="State" element="org.littleshoot.proxy.HttpFilters" />
			<role name="Context" element="org.littleshoot.proxy.impl.ClientToProxyConnection" />
			<role name="state" element="org.littleshoot.proxy.impl.ClientToProxyConnection::currentFilters:org.littleshoot.proxy.HttpFilters" />
			<role name="Request()" element="org.littleshoot.proxy.impl.ClientToProxyConnection::doReadHTTPInitial(io.netty.handler.codec.http.HttpRequest):org.littleshoot.proxy.impl.ConnectionState" />
			<role name="Request()" element="org.littleshoot.proxy.impl.ClientToProxyConnection::readHTTPChunk(io.netty.handler.codec.http.HttpContent):void" />
			<role name="Request()" element="org.littleshoot.proxy.impl.ClientToProxyConnection::timedOut(org.littleshoot.proxy.impl.ProxyToServerConnection):void" />
			<role name="Request()" element="org.littleshoot.proxy.impl.ClientToProxyConnection::respondWithShortCircuitResponse(io.netty.handler.codec.http.HttpResponse):boolean" />
		</instance>
		<instance>
			<role name="State" element="org.littleshoot.proxy.HttpFilters" />
			<role name="Context" element="org.littleshoot.proxy.impl.ProxyToServerConnection" />
			<role name="state" element="org.littleshoot.proxy.impl.ProxyToServerConnection::currentFilters:org.littleshoot.proxy.HttpFilters" />
			<role name="Request()" element="org.littleshoot.proxy.impl.ProxyToServerConnection::readHTTPInitial(io.netty.handler.codec.http.HttpResponse):org.littleshoot.proxy.impl.ConnectionState" />
			<role name="Request()" element="org.littleshoot.proxy.impl.ProxyToServerConnection::become(org.littleshoot.proxy.impl.ConnectionState):void" />
			<role name="Request()" element="org.littleshoot.proxy.impl.ProxyToServerConnection::setupConnectionParameters():void" />
		</instance>
		<instance>
			<role name="State" element="org.littleshoot.proxy.ChainedProxy" />
			<role name="Context" element="org.littleshoot.proxy.impl.ProxyToServerConnection" />
			<role name="state" element="org.littleshoot.proxy.impl.ProxyToServerConnection::chainedProxy:org.littleshoot.proxy.ChainedProxy" />
			<role name="Request()" element="org.littleshoot.proxy.impl.ProxyToServerConnection::writeHttp(io.netty.handler.codec.http.HttpObject):void" />
			<role name="Request()" element="org.littleshoot.proxy.impl.ProxyToServerConnection::disconnected():void" />
			<role name="Request()" element="org.littleshoot.proxy.impl.ProxyToServerConnection::getChainedProxyAddress():java.net.InetSocketAddress" />
			<role name="Request()" element="org.littleshoot.proxy.impl.ProxyToServerConnection::initializeConnectionFlow():void" />
			<role name="Request()" element="org.littleshoot.proxy.impl.ProxyToServerConnection::connectionFailed(java.lang.Throwable):boolean" />
			<role name="Request()" element="org.littleshoot.proxy.impl.ProxyToServerConnection::setupConnectionParameters():void" />
			<role name="Request()" element="org.littleshoot.proxy.impl.ProxyToServerConnection::connectionSucceeded(boolean):void" />
		</instance>
		<instance>
			<role name="Context" element="org.littleshoot.proxy.impl.ProxyConnectionLogger" />
			<role name="State" element="org.littleshoot.proxy.impl.ProxyConnectionLogger$LogDispatch" />
			<role name="state" element="org.littleshoot.proxy.impl.ProxyConnectionLogger::dispatch:org.littleshoot.proxy.impl.ProxyConnectionLogger$LogDispatch" />
			<role name="Request()" element="org.littleshoot.proxy.impl.ProxyConnectionLogger::error(java.lang.String, java.lang.Object[]):void" />
			<role name="Request()" element="org.littleshoot.proxy.impl.ProxyConnectionLogger::error(java.lang.String, java.lang.Throwable):void" />
			<role name="Request()" element="org.littleshoot.proxy.impl.ProxyConnectionLogger::warn(java.lang.String, java.lang.Object[]):void" />
			<role name="Request()" element="org.littleshoot.proxy.impl.ProxyConnectionLogger::warn(java.lang.String, java.lang.Throwable):void" />
			<role name="Request()" element="org.littleshoot.proxy.impl.ProxyConnectionLogger::info(java.lang.String, java.lang.Object[]):void" />
			<role name="Request()" element="org.littleshoot.proxy.impl.ProxyConnectionLogger::info(java.lang.String, java.lang.Throwable):void" />
			<role name="Request()" element="org.littleshoot.proxy.impl.ProxyConnectionLogger::debug(java.lang.String, java.lang.Object[]):void" />
			<role name="Request()" element="org.littleshoot.proxy.impl.ProxyConnectionLogger::debug(java.lang.String, java.lang.Throwable):void" />
			<role name="Request()" element="org.littleshoot.proxy.impl.ProxyConnectionLogger::log(int, java.lang.String, java.lang.Object[]):void" />
			<role name="Request()" element="org.littleshoot.proxy.impl.ProxyConnectionLogger::log(int, java.lang.String, java.lang.Throwable):void" />
		</instance>
	</pattern>
	<pattern name="Strategy" />
	<pattern name="Bridge" />
	<pattern name="Template Method">
		<instance>
			<role name="AbstractClass" element="org.littleshoot.proxy.impl.ProxyConnection$BytesReadMonitor" />
			<role name="TemplateMethod()" element="org.littleshoot.proxy.impl.ProxyConnection$BytesReadMonitor::channelRead(io.netty.channel.ChannelHandlerContext, java.lang.Object):void" />
		</instance>
		<instance>
			<role name="AbstractClass" element="org.littleshoot.proxy.impl.ProxyConnection$BytesWrittenMonitor" />
			<role name="TemplateMethod()" element="org.littleshoot.proxy.impl.ProxyConnection$BytesWrittenMonitor::write(io.netty.channel.ChannelHandlerContext, java.lang.Object, io.netty.channel.ChannelPromise):void" />
		</instance>
		<instance>
			<role name="AbstractClass" element="org.littleshoot.proxy.impl.ProxyConnection$RequestReadMonitor" />
			<role name="TemplateMethod()" element="org.littleshoot.proxy.impl.ProxyConnection$RequestReadMonitor::channelRead(io.netty.channel.ChannelHandlerContext, java.lang.Object):void" />
		</instance>
		<instance>
			<role name="AbstractClass" element="org.littleshoot.proxy.impl.ProxyConnection$RequestWrittenMonitor" />
			<role name="TemplateMethod()" element="org.littleshoot.proxy.impl.ProxyConnection$RequestWrittenMonitor::write(io.netty.channel.ChannelHandlerContext, java.lang.Object, io.netty.channel.ChannelPromise):void" />
		</instance>
		<instance>
			<role name="AbstractClass" element="org.littleshoot.proxy.impl.ProxyConnection$ResponseReadMonitor" />
			<role name="TemplateMethod()" element="org.littleshoot.proxy.impl.ProxyConnection$ResponseReadMonitor::channelRead(io.netty.channel.ChannelHandlerContext, java.lang.Object):void" />
		</instance>
		<instance>
			<role name="AbstractClass" element="org.littleshoot.proxy.impl.ProxyConnection$ResponseWrittenMonitor" />
			<role name="TemplateMethod()" element="org.littleshoot.proxy.impl.ProxyConnection$ResponseWrittenMonitor::write(io.netty.channel.ChannelHandlerContext, java.lang.Object, io.netty.channel.ChannelPromise):void" />
		</instance>
		<instance>
			<role name="AbstractClass" element="org.littleshoot.proxy.impl.ProxyConnection" />
			<role name="TemplateMethod()" element="org.littleshoot.proxy.impl.ProxyConnection::read(java.lang.Object):void" />
			<role name="TemplateMethod()" element="org.littleshoot.proxy.impl.ProxyConnection::readHTTP(io.netty.handler.codec.http.HttpObject):void" />
		</instance>
	</pattern>
	<pattern name="Visitor" />
	<pattern name="Proxy" />
	<pattern name="Proxy2" />
	<pattern name="Chain of Responsibility" />
</system>

