<?xml version="1.0" encoding="UTF-8"?>
<system>
	<pattern name="Factory Method">
		<instance>
			<role name="Creator" element="org.jboss.arquillian.core.spi.context.AbstractContext" />
			<role name="FactoryMethod()" element="org.jboss.arquillian.core.spi.context.AbstractContext::createNewObjectStore():org.jboss.arquillian.core.spi.context.ObjectStore" />
		</instance>
		<instance>
			<role name="Creator" element="org.jboss.arquillian.config.descriptor.api.ArquillianDescriptor" />
			<role name="FactoryMethod()" element="org.jboss.arquillian.config.descriptor.api.ArquillianDescriptor::defaultProtocol(java.lang.String):org.jboss.arquillian.config.descriptor.api.DefaultProtocolDef" />
			<role name="FactoryMethod()" element="org.jboss.arquillian.config.descriptor.api.ArquillianDescriptor::getDefaultProtocol():org.jboss.arquillian.config.descriptor.api.DefaultProtocolDef" />
			<role name="FactoryMethod()" element="org.jboss.arquillian.config.descriptor.api.ArquillianDescriptor::engine():org.jboss.arquillian.config.descriptor.api.EngineDef" />
			<role name="FactoryMethod()" element="org.jboss.arquillian.config.descriptor.api.ArquillianDescriptor::container(java.lang.String):org.jboss.arquillian.config.descriptor.api.ContainerDef" />
			<role name="FactoryMethod()" element="org.jboss.arquillian.config.descriptor.api.ArquillianDescriptor::group(java.lang.String):org.jboss.arquillian.config.descriptor.api.GroupDef" />
			<role name="FactoryMethod()" element="org.jboss.arquillian.config.descriptor.api.ArquillianDescriptor::extension(java.lang.String):org.jboss.arquillian.config.descriptor.api.ExtensionDef" />
		</instance>
		<instance>
			<role name="Creator" element="org.jboss.arquillian.config.descriptor.api.ContainerDef" />
			<role name="FactoryMethod()" element="org.jboss.arquillian.config.descriptor.api.ContainerDef::protocol(java.lang.String):org.jboss.arquillian.config.descriptor.api.ProtocolDef" />
		</instance>
		<instance>
			<role name="Creator" element="org.jboss.arquillian.container.spi.ContainerRegistry" />
			<role name="FactoryMethod()" element="org.jboss.arquillian.container.spi.ContainerRegistry::create(org.jboss.arquillian.config.descriptor.api.ContainerDef, org.jboss.arquillian.core.spi.ServiceLoader):org.jboss.arquillian.container.spi.Container" />
		</instance>
		<instance>
			<role name="Creator" element="org.jboss.arquillian.config.descriptor.api.GroupDef" />
			<role name="FactoryMethod()" element="org.jboss.arquillian.config.descriptor.api.GroupDef::container(java.lang.String):org.jboss.arquillian.config.descriptor.api.ContainerDef" />
		</instance>
		<instance>
			<role name="Creator" element="org.jboss.arquillian.container.test.spi.client.protocol.Protocol" />
			<role name="FactoryMethod()" element="org.jboss.arquillian.container.test.spi.client.protocol.Protocol::getExecutor(T, org.jboss.arquillian.container.spi.client.protocol.metadata.ProtocolMetaData, org.jboss.arquillian.container.test.spi.command.CommandCallback):org.jboss.arquillian.container.test.spi.ContainerMethodExecutor" />
			<role name="FactoryMethod()" element="org.jboss.arquillian.container.test.spi.client.protocol.Protocol::getPackager():org.jboss.arquillian.container.test.spi.client.deployment.DeploymentPackager" />
		</instance>
		<instance>
			<role name="Creator" element="org.jboss.arquillian.protocol.servlet5.arq514hack.descriptors.api.web.ServletDef" />
			<role name="FactoryMethod()" element="org.jboss.arquillian.protocol.servlet5.arq514hack.descriptors.api.web.ServletDef::mapping():org.jboss.arquillian.protocol.servlet5.arq514hack.descriptors.api.web.ServletMappingDef" />
		</instance>
		<instance>
			<role name="Creator" element="org.jboss.arquillian.protocol.servlet5.arq514hack.descriptors.api.web.WebAppDescriptor" />
			<role name="FactoryMethod()" element="org.jboss.arquillian.protocol.servlet5.arq514hack.descriptors.api.web.WebAppDescriptor::servlet(java.lang.String, java.lang.String, java.lang.String[]):org.jboss.arquillian.protocol.servlet5.arq514hack.descriptors.api.web.ServletDef" />
		</instance>
	</pattern>
	<pattern name="Prototype" />
	<pattern name="Singleton">
		<instance>
			<role name="Singleton" element="org.jboss.arquillian.container.spi.client.deployment.DeploymentTargetDescription" />
			<role name="uniqueInstance" element="org.jboss.arquillian.container.spi.client.deployment.DeploymentTargetDescription::DEFAULT:org.jboss.arquillian.container.spi.client.deployment.DeploymentTargetDescription" />
		</instance>
		<instance>
			<role name="Singleton" element="org.jboss.arquillian.test.spi.LifecycleMethodExecutor" />
			<role name="uniqueInstance" element="org.jboss.arquillian.test.spi.LifecycleMethodExecutor::NO_OP:org.jboss.arquillian.test.spi.LifecycleMethodExecutor" />
		</instance>
		<instance>
			<role name="Singleton" element="org.jboss.arquillian.container.spi.client.protocol.ProtocolDescription" />
			<role name="uniqueInstance" element="org.jboss.arquillian.container.spi.client.protocol.ProtocolDescription::DEFAULT:org.jboss.arquillian.container.spi.client.protocol.ProtocolDescription" />
		</instance>
		<instance>
			<role name="Singleton" element="org.jboss.arquillian.testenricher.resource.SecurityActions$GetTcclAction" />
			<role name="uniqueInstance" element="org.jboss.arquillian.testenricher.resource.SecurityActions$GetTcclAction::INSTANCE:org.jboss.arquillian.testenricher.resource.SecurityActions$GetTcclAction" />
		</instance>
		<instance>
			<role name="Singleton" element="org.jboss.arquillian.container.spi.client.deployment.TargetDescription" />
			<role name="uniqueInstance" element="org.jboss.arquillian.container.spi.client.deployment.TargetDescription::DEFAULT:org.jboss.arquillian.container.spi.client.deployment.TargetDescription" />
		</instance>
		<instance>
			<role name="Singleton" element="org.jboss.arquillian.test.spi.execution.TestExecutionDecider" />
			<role name="uniqueInstance" element="org.jboss.arquillian.test.spi.execution.TestExecutionDecider::EXECUTE:org.jboss.arquillian.test.spi.execution.TestExecutionDecider" />
		</instance>
	</pattern>
	<pattern name="(Object)Adapter">
		<instance>
			<role name="Adapter" element="org.jboss.arquillian.container.test.impl.client.deployment.ClientDeployer" />
			<role name="Adaptee" element="org.jboss.arquillian.core.api.Instance" />
			<role name="adaptee" element="org.jboss.arquillian.container.test.impl.client.deployment.ClientDeployer::deploymentScenario:org.jboss.arquillian.core.api.Instance" />
			<role name="adaptee" element="org.jboss.arquillian.container.test.impl.client.deployment.ClientDeployer::containerRegistry:org.jboss.arquillian.core.api.Instance" />
			<role name="Request()" element="org.jboss.arquillian.container.test.impl.client.deployment.ClientDeployer::deploy(java.lang.String):void" />
			<role name="Request()" element="org.jboss.arquillian.container.test.impl.client.deployment.ClientDeployer::undeploy(java.lang.String):void" />
			<role name="Request()" element="org.jboss.arquillian.container.test.impl.client.deployment.ClientDeployer::getDeployment(java.lang.String):java.io.InputStream" />
		</instance>
		<instance>
			<role name="Adaptee" element="org.jboss.arquillian.core.impl.RuntimeLogger" />
			<role name="Adapter" element="org.jboss.arquillian.core.impl.ManagerImpl" />
			<role name="adaptee" element="org.jboss.arquillian.core.impl.ManagerImpl::runtimeLogger:org.jboss.arquillian.core.impl.RuntimeLogger" />
			<role name="Request()" element="org.jboss.arquillian.core.impl.ManagerImpl::fire(, org.jboss.arquillian.core.spi.NonManagedObserver):void" />
			<role name="Request()" element="org.jboss.arquillian.core.impl.ManagerImpl::shutdown():void" />
			<role name="Request()" element="org.jboss.arquillian.core.impl.ManagerImpl::addExtension(java.lang.Class):void" />
		</instance>
		<instance>
			<role name="Adapter" element="org.jboss.arquillian.container.test.impl.enricher.resource.ContainerControllerProvider" />
			<role name="Adaptee" element="org.jboss.arquillian.core.api.Instance" />
			<role name="adaptee" element="org.jboss.arquillian.container.test.impl.enricher.resource.ContainerControllerProvider::controller:org.jboss.arquillian.core.api.Instance" />
			<role name="Request()" element="org.jboss.arquillian.container.test.impl.enricher.resource.ContainerControllerProvider::lookup(org.jboss.arquillian.test.api.ArquillianResource, java.lang.annotation.Annotation[]):java.lang.Object" />
		</instance>
		<instance>
			<role name="Adapter" element="org.jboss.arquillian.container.test.impl.enricher.resource.DeployerProvider" />
			<role name="Adaptee" element="org.jboss.arquillian.core.api.Instance" />
			<role name="adaptee" element="org.jboss.arquillian.container.test.impl.enricher.resource.DeployerProvider::deployer:org.jboss.arquillian.core.api.Instance" />
			<role name="Request()" element="org.jboss.arquillian.container.test.impl.enricher.resource.DeployerProvider::lookup(org.jboss.arquillian.test.api.ArquillianResource, java.lang.annotation.Annotation[]):java.lang.Object" />
		</instance>
		<instance>
			<role name="Adapter" element="org.jboss.arquillian.container.test.impl.enricher.resource.InitialContextProvider" />
			<role name="Adaptee" element="org.jboss.arquillian.core.api.Instance" />
			<role name="adaptee" element="org.jboss.arquillian.container.test.impl.enricher.resource.InitialContextProvider::initialContext:org.jboss.arquillian.core.api.Instance" />
			<role name="Request()" element="org.jboss.arquillian.container.test.impl.enricher.resource.InitialContextProvider::doLookup(org.jboss.arquillian.test.api.ArquillianResource, java.lang.annotation.Annotation[]):java.lang.Object" />
		</instance>
		<instance>
			<role name="Adapter" element="org.jboss.arquillian.protocol.servlet5.runner.ServletContextResourceProvider" />
			<role name="Adaptee" element="org.jboss.arquillian.core.api.Instance" />
			<role name="adaptee" element="org.jboss.arquillian.protocol.servlet5.runner.ServletContextResourceProvider::servletContextInstance:org.jboss.arquillian.core.api.Instance" />
			<role name="Request()" element="org.jboss.arquillian.protocol.servlet5.runner.ServletContextResourceProvider::doLookup(org.jboss.arquillian.test.api.ArquillianResource, java.lang.annotation.Annotation[]):java.lang.Object" />
		</instance>
		<instance>
			<role name="Adaptee" element="org.jboss.arquillian.core.impl.RuntimeLogger" />
			<role name="Adapter" element="org.jboss.arquillian.core.impl.EventContextImpl" />
			<role name="adaptee" element="org.jboss.arquillian.core.impl.EventContextImpl::runtimeLogger:org.jboss.arquillian.core.impl.RuntimeLogger" />
			<role name="Request()" element="org.jboss.arquillian.core.impl.EventContextImpl::proceed():void" />
		</instance>
		<instance>
			<role name="Adapter" element="org.jboss.arquillian.container.impl.ContainerImpl" />
			<role name="Adaptee" element="org.jboss.arquillian.container.spi.client.container.DeployableContainer" />
			<role name="adaptee" element="org.jboss.arquillian.container.impl.ContainerImpl::deployableContainer:org.jboss.arquillian.container.spi.client.container.DeployableContainer" />
			<role name="Request()" element="org.jboss.arquillian.container.impl.ContainerImpl::createDeployableConfiguration():org.jboss.arquillian.container.spi.client.container.ContainerConfiguration" />
			<role name="Request()" element="org.jboss.arquillian.container.impl.ContainerImpl::setup():void" />
			<role name="Request()" element="org.jboss.arquillian.container.impl.ContainerImpl::start():void" />
			<role name="Request()" element="org.jboss.arquillian.container.impl.ContainerImpl::stop():void" />
		</instance>
		<instance>
			<role name="Adapter" element="org.jboss.arquillian.container.test.impl.client.container.ClientContainerController" />
			<role name="Adaptee" element="org.jboss.arquillian.core.api.Instance" />
			<role name="adaptee" element="org.jboss.arquillian.container.test.impl.client.container.ClientContainerController::deploymentScenario:org.jboss.arquillian.core.api.Instance" />
			<role name="adaptee" element="org.jboss.arquillian.container.test.impl.client.container.ClientContainerController::containerRegistry:org.jboss.arquillian.core.api.Instance" />
			<role name="Request()" element="org.jboss.arquillian.container.test.impl.client.container.ClientContainerController::start(java.lang.String):void" />
			<role name="Request()" element="org.jboss.arquillian.container.test.impl.client.container.ClientContainerController::start(java.lang.String, java.util.Map):void" />
			<role name="Request()" element="org.jboss.arquillian.container.test.impl.client.container.ClientContainerController::stop(java.lang.String):void" />
			<role name="Request()" element="org.jboss.arquillian.container.test.impl.client.container.ClientContainerController::kill(java.lang.String):void" />
			<role name="Request()" element="org.jboss.arquillian.container.test.impl.client.container.ClientContainerController::isStarted(java.lang.String):boolean" />
		</instance>
		<instance>
			<role name="Adapter" element="org.jboss.arquillian.container.test.impl.client.protocol.local.LocalContainerMethodExecutor" />
			<role name="Adaptee" element="org.jboss.arquillian.core.api.Instance" />
			<role name="adaptee" element="org.jboss.arquillian.container.test.impl.client.protocol.local.LocalContainerMethodExecutor::testResult:org.jboss.arquillian.core.api.Instance" />
			<role name="Request()" element="org.jboss.arquillian.container.test.impl.client.protocol.local.LocalContainerMethodExecutor::invoke(org.jboss.arquillian.test.spi.TestMethodExecutor):org.jboss.arquillian.test.spi.TestResult" />
		</instance>
		<instance>
			<role name="Adaptee" element="org.jboss.arquillian.core.impl.loadable.ServiceRegistry" />
			<role name="Adapter" element="org.jboss.arquillian.core.impl.loadable.ServiceRegistryLoader" />
			<role name="adaptee" element="org.jboss.arquillian.core.impl.loadable.ServiceRegistryLoader::registry:org.jboss.arquillian.core.impl.loadable.ServiceRegistry" />
			<role name="Request()" element="org.jboss.arquillian.core.impl.loadable.ServiceRegistryLoader::all():java.util.Collection" />
		</instance>
		<instance>
			<role name="Adaptee" element="org.jboss.arquillian.core.api.Instance" />
			<role name="Adapter" element="org.jboss.arquillian.testenricher.resource.ResourceInjectionEnricher" />
			<role name="adaptee" element="org.jboss.arquillian.testenricher.resource.ResourceInjectionEnricher::contextInst:org.jboss.arquillian.core.api.Instance" />
			<role name="Request()" element="org.jboss.arquillian.testenricher.resource.ResourceInjectionEnricher::enrich(java.lang.Object):void" />
		</instance>
		<instance>
			<role name="Adaptee" element="org.jboss.arquillian.core.spi.Manager" />
			<role name="Adapter" element="org.jboss.arquillian.test.impl.EventTestRunnerAdaptor" />
			<role name="adaptee" element="org.jboss.arquillian.test.impl.EventTestRunnerAdaptor::manager:org.jboss.arquillian.core.spi.Manager" />
			<role name="Request()" element="org.jboss.arquillian.test.impl.EventTestRunnerAdaptor::beforeSuite():void" />
			<role name="Request()" element="org.jboss.arquillian.test.impl.EventTestRunnerAdaptor::afterSuite():void" />
			<role name="Request()" element="org.jboss.arquillian.test.impl.EventTestRunnerAdaptor::beforeClass(java.lang.Class, org.jboss.arquillian.test.spi.LifecycleMethodExecutor):void" />
			<role name="Request()" element="org.jboss.arquillian.test.impl.EventTestRunnerAdaptor::afterClass(java.lang.Class, org.jboss.arquillian.test.spi.LifecycleMethodExecutor):void" />
			<role name="Request()" element="org.jboss.arquillian.test.impl.EventTestRunnerAdaptor::before(java.lang.Object, java.lang.reflect.Method, org.jboss.arquillian.test.spi.LifecycleMethodExecutor):void" />
			<role name="Request()" element="org.jboss.arquillian.test.impl.EventTestRunnerAdaptor::after(java.lang.Object, java.lang.reflect.Method, org.jboss.arquillian.test.spi.LifecycleMethodExecutor):void" />
			<role name="Request()" element="org.jboss.arquillian.test.impl.EventTestRunnerAdaptor::test(org.jboss.arquillian.test.spi.TestMethodExecutor):org.jboss.arquillian.test.spi.TestResult" />
			<role name="Request()" element="org.jboss.arquillian.test.impl.EventTestRunnerAdaptor::fireCustomLifecycle():void" />
			<role name="Request()" element="org.jboss.arquillian.test.impl.EventTestRunnerAdaptor::shutdown():void" />
		</instance>
		<instance>
			<role name="Adaptee" element="org.jboss.arquillian.protocol.servlet5.ServletURIHandler" />
			<role name="Adapter" element="org.jboss.arquillian.protocol.servlet5.ServletMethodExecutor" />
			<role name="adaptee" element="org.jboss.arquillian.protocol.servlet5.ServletMethodExecutor::uriHandler:org.jboss.arquillian.protocol.servlet5.ServletURIHandler" />
			<role name="Request()" element="org.jboss.arquillian.protocol.servlet5.ServletMethodExecutor::invoke(org.jboss.arquillian.test.spi.TestMethodExecutor):org.jboss.arquillian.test.spi.TestResult" />
		</instance>
		<instance>
			<role name="Adaptee" element="org.jboss.arquillian.core.impl.ManagerImpl" />
			<role name="Adapter" element="org.jboss.arquillian.core.impl.InstanceImpl" />
			<role name="adaptee" element="org.jboss.arquillian.core.impl.InstanceImpl::manager:org.jboss.arquillian.core.impl.ManagerImpl" />
			<role name="Request()" element="org.jboss.arquillian.core.impl.InstanceImpl::set(T):void" />
		</instance>
		<instance>
			<role name="Adaptee" element="org.jboss.arquillian.config.descriptor.api.ContainerDef" />
			<role name="Adapter" element="org.jboss.arquillian.container.impl.ContainerImpl" />
			<role name="adaptee" element="org.jboss.arquillian.container.impl.ContainerImpl::containerConfiguration:org.jboss.arquillian.config.descriptor.api.ContainerDef" />
			<role name="Request()" element="org.jboss.arquillian.container.impl.ContainerImpl::createDeployableConfiguration():org.jboss.arquillian.container.spi.client.container.ContainerConfiguration" />
			<role name="Request()" element="org.jboss.arquillian.container.impl.ContainerImpl::hasProtocolConfiguration(org.jboss.arquillian.container.spi.client.protocol.ProtocolDescription):boolean" />
			<role name="Request()" element="org.jboss.arquillian.container.impl.ContainerImpl::getProtocolConfiguration(org.jboss.arquillian.container.spi.client.protocol.ProtocolDescription):org.jboss.arquillian.config.descriptor.api.ProtocolDef" />
		</instance>
		<instance>
			<role name="Adaptee" element="org.jboss.arquillian.container.test.impl.client.deployment.AutomaticDeploymentScenarioGenerator$AutomaticDeploymentLocator" />
			<role name="Adapter" element="org.jboss.arquillian.container.test.impl.client.deployment.AutomaticDeploymentScenarioGenerator" />
			<role name="adaptee" element="org.jboss.arquillian.container.test.impl.client.deployment.AutomaticDeploymentScenarioGenerator::automaticDeploymentLocator:org.jboss.arquillian.container.test.impl.client.deployment.AutomaticDeploymentScenarioGenerator$AutomaticDeploymentLocator" />
			<role name="Request()" element="org.jboss.arquillian.container.test.impl.client.deployment.AutomaticDeploymentScenarioGenerator::generateDeploymentContent(org.jboss.arquillian.test.spi.TestClass):java.util.List" />
		</instance>
		<instance>
			<role name="Adaptee" element="org.jboss.arquillian.core.api.InstanceProducer" />
			<role name="Adapter" element="org.jboss.arquillian.container.impl.ContainerImpl" />
			<role name="adaptee" element="org.jboss.arquillian.container.impl.ContainerImpl::containerProducer:org.jboss.arquillian.core.api.InstanceProducer" />
			<role name="Request()" element="org.jboss.arquillian.container.impl.ContainerImpl::setup():void" />
		</instance>
		<instance>
			<role name="Adaptee" element="org.jboss.arquillian.core.api.Injector" />
			<role name="Adapter" element="org.jboss.arquillian.container.impl.LocalContainerRegistry" />
			<role name="adaptee" element="org.jboss.arquillian.container.impl.LocalContainerRegistry::injector:org.jboss.arquillian.core.api.Injector" />
			<role name="Request()" element="org.jboss.arquillian.container.impl.LocalContainerRegistry::create(org.jboss.arquillian.config.descriptor.api.ContainerDef, org.jboss.arquillian.core.spi.ServiceLoader):org.jboss.arquillian.container.spi.Container" />
		</instance>
		<instance>
			<role name="Adaptee" element="org.jboss.arquillian.core.api.Injector" />
			<role name="Adapter" element="org.jboss.arquillian.core.impl.threading.ThreadedExecutorService" />
			<role name="adaptee" element="org.jboss.arquillian.core.impl.threading.ThreadedExecutorService::injector:org.jboss.arquillian.core.api.Injector" />
			<role name="Request()" element="org.jboss.arquillian.core.impl.threading.ThreadedExecutorService::submit():java.util.concurrent.Future" />
		</instance>
		<instance>
			<role name="Adaptee" element="org.jboss.arquillian.core.spi.Manager" />
			<role name="Adapter" element="org.jboss.arquillian.core.impl.InjectorImpl" />
			<role name="adaptee" element="org.jboss.arquillian.core.impl.InjectorImpl::manager:org.jboss.arquillian.core.spi.Manager" />
			<role name="Request()" element="org.jboss.arquillian.core.impl.InjectorImpl::inject():java.lang.Object" />
		</instance>
	</pattern>
	<pattern name="Command" />
	<pattern name="Composite" />
	<pattern name="Decorator" />
	<pattern name="Observer" />
	<pattern name="State">
		<instance>
			<role name="State" element="org.jboss.arquillian.core.api.Instance" />
			<role name="Context" element="org.jboss.arquillian.config.impl.extension.ConfigurationRegistrar" />
			<role name="state" element="org.jboss.arquillian.config.impl.extension.ConfigurationRegistrar::serviceLoaderInstance:org.jboss.arquillian.core.api.Instance" />
			<role name="Request()" element="org.jboss.arquillian.config.impl.extension.ConfigurationRegistrar::loadAndOrderPlaceholderResolvers():java.util.List" />
		</instance>
		<instance>
			<role name="State" element="org.jboss.arquillian.core.api.Instance" />
			<role name="Context" element="org.jboss.arquillian.container.impl.client.ContainerDeploymentContextHandler" />
			<role name="state" element="org.jboss.arquillian.container.impl.client.ContainerDeploymentContextHandler::containerContext:org.jboss.arquillian.core.api.Instance" />
			<role name="state" element="org.jboss.arquillian.container.impl.client.ContainerDeploymentContextHandler::deploymentContext:org.jboss.arquillian.core.api.Instance" />
			<role name="Request()" element="org.jboss.arquillian.container.impl.client.ContainerDeploymentContextHandler::createContainerContext(org.jboss.arquillian.core.spi.EventContext):void" />
			<role name="Request()" element="org.jboss.arquillian.container.impl.client.ContainerDeploymentContextHandler::createDeploymentContext(org.jboss.arquillian.core.spi.EventContext):void" />
		</instance>
		<instance>
			<role name="State" element="org.jboss.arquillian.core.api.Instance" />
			<role name="Context" element="org.jboss.arquillian.container.impl.client.container.ContainerDeployController" />
			<role name="state" element="org.jboss.arquillian.container.impl.client.container.ContainerDeployController::deploymentScenario:org.jboss.arquillian.core.api.Instance" />
			<role name="state" element="org.jboss.arquillian.container.impl.client.container.ContainerDeployController::injector:org.jboss.arquillian.core.api.Instance" />
			<role name="state" element="org.jboss.arquillian.container.impl.client.container.ContainerDeployController::containerRegistry:org.jboss.arquillian.core.api.Instance" />
			<role name="Request()" element="org.jboss.arquillian.container.impl.client.container.ContainerDeployController::forEachManagedDeployment(org.jboss.arquillian.container.impl.client.container.ContainerDeployController$Operation):void" />
			<role name="Request()" element="org.jboss.arquillian.container.impl.client.container.ContainerDeployController::forEachDeployedDeployment(org.jboss.arquillian.container.impl.client.container.ContainerDeployController$Operation):void" />
			<role name="Request()" element="org.jboss.arquillian.container.impl.client.container.ContainerDeployController::forEachDeployment(java.util.List, org.jboss.arquillian.container.impl.client.container.ContainerDeployController$Operation):void" />
			<role name="Request()" element="org.jboss.arquillian.container.impl.client.container.ContainerDeployController::executeOperation(java.util.concurrent.Callable):void" />
		</instance>
		<instance>
			<role name="State" element="org.jboss.arquillian.core.api.Instance" />
			<role name="Context" element="org.jboss.arquillian.container.impl.client.container.ContainerLifecycleController" />
			<role name="state" element="org.jboss.arquillian.container.impl.client.container.ContainerLifecycleController::injector:org.jboss.arquillian.core.api.Instance" />
			<role name="state" element="org.jboss.arquillian.container.impl.client.container.ContainerLifecycleController::containerRegistry:org.jboss.arquillian.core.api.Instance" />
			<role name="Request()" element="org.jboss.arquillian.container.impl.client.container.ContainerLifecycleController::forEachContainer(org.jboss.arquillian.container.impl.client.container.ContainerLifecycleController$Operation):void" />
			<role name="Request()" element="org.jboss.arquillian.container.impl.client.container.ContainerLifecycleController::forEachSuiteContainer(org.jboss.arquillian.container.impl.client.container.ContainerLifecycleController$Operation):void" />
			<role name="Request()" element="org.jboss.arquillian.container.impl.client.container.ContainerLifecycleController::forEachClassContainer(org.jboss.arquillian.container.impl.client.container.ContainerLifecycleController$Operation):void" />
			<role name="Request()" element="org.jboss.arquillian.container.impl.client.container.ContainerLifecycleController::forEachManualContainer(org.jboss.arquillian.container.impl.client.container.ContainerLifecycleController$Operation):void" />
			<role name="Request()" element="org.jboss.arquillian.container.impl.client.container.ContainerLifecycleController::forContainer(org.jboss.arquillian.container.spi.Container, org.jboss.arquillian.container.impl.client.container.ContainerLifecycleController$Operation):void" />
		</instance>
		<instance>
			<role name="State" element="org.jboss.arquillian.core.api.Instance" />
			<role name="Context" element="org.jboss.arquillian.container.impl.client.container.ContainerRegistryCreator" />
			<role name="state" element="org.jboss.arquillian.container.impl.client.container.ContainerRegistryCreator::injector:org.jboss.arquillian.core.api.Instance" />
			<role name="state" element="org.jboss.arquillian.container.impl.client.container.ContainerRegistryCreator::loader:org.jboss.arquillian.core.api.Instance" />
			<role name="Request()" element="org.jboss.arquillian.container.impl.client.container.ContainerRegistryCreator::createRegistry(org.jboss.arquillian.config.descriptor.api.ArquillianDescriptor):void" />
		</instance>
		<instance>
			<role name="State" element="org.jboss.arquillian.core.api.Instance" />
			<role name="Context" element="org.jboss.arquillian.container.impl.client.container.DeploymentExceptionHandler" />
			<role name="state" element="org.jboss.arquillian.container.impl.client.container.DeploymentExceptionHandler::serviceLoader:org.jboss.arquillian.core.api.Instance" />
			<role name="Request()" element="org.jboss.arquillian.container.impl.client.container.DeploymentExceptionHandler::transform(java.lang.Throwable):java.lang.Throwable" />
		</instance>
		<instance>
			<role name="State" element="org.jboss.arquillian.core.api.Instance" />
			<role name="Context" element="org.jboss.arquillian.container.impl.client.deployment.ArchiveDeploymentExporter" />
			<role name="state" element="org.jboss.arquillian.container.impl.client.deployment.ArchiveDeploymentExporter::configuration:org.jboss.arquillian.core.api.Instance" />
			<role name="Request()" element="org.jboss.arquillian.container.impl.client.deployment.ArchiveDeploymentExporter::callback(org.jboss.arquillian.container.spi.event.container.BeforeDeploy):void" />
		</instance>
		<instance>
			<role name="State" element="org.jboss.arquillian.core.api.Instance" />
			<role name="Context" element="org.jboss.arquillian.container.test.impl.client.ContainerEventController" />
			<role name="state" element="org.jboss.arquillian.container.test.impl.client.ContainerEventController::containerRegistry:org.jboss.arquillian.core.api.Instance" />
			<role name="state" element="org.jboss.arquillian.container.test.impl.client.ContainerEventController::deploymentScenario:org.jboss.arquillian.core.api.Instance" />
			<role name="Request()" element="org.jboss.arquillian.container.test.impl.client.ContainerEventController::lookup(java.lang.reflect.Method, org.jboss.arquillian.container.test.impl.client.ContainerEventController$ResultCallback):void" />
		</instance>
		<instance>
			<role name="State" element="org.jboss.arquillian.core.api.Instance" />
			<role name="Context" element="org.jboss.arquillian.container.test.impl.client.container.ClientContainerControllerCreator" />
			<role name="state" element="org.jboss.arquillian.container.test.impl.client.container.ClientContainerControllerCreator::injector:org.jboss.arquillian.core.api.Instance" />
			<role name="Request()" element="org.jboss.arquillian.container.test.impl.client.container.ClientContainerControllerCreator::createClientSideContainerController(org.jboss.arquillian.container.spi.event.SetupContainers):void" />
		</instance>
		<instance>
			<role name="State" element="org.jboss.arquillian.core.api.Instance" />
			<role name="Context" element="org.jboss.arquillian.container.test.impl.client.container.ContainerContainerControllerCreator" />
			<role name="state" element="org.jboss.arquillian.container.test.impl.client.container.ContainerContainerControllerCreator::injector:org.jboss.arquillian.core.api.Instance" />
			<role name="Request()" element="org.jboss.arquillian.container.test.impl.client.container.ContainerContainerControllerCreator::createContainerSideContainerController(org.jboss.arquillian.test.spi.event.suite.BeforeSuite):void" />
		</instance>
		<instance>
			<role name="State" element="org.jboss.arquillian.core.api.Instance" />
			<role name="Context" element="org.jboss.arquillian.container.test.impl.client.container.ContainerRestarter" />
			<role name="state" element="org.jboss.arquillian.container.test.impl.client.container.ContainerRestarter::configuration:org.jboss.arquillian.core.api.Instance" />
			<role name="Request()" element="org.jboss.arquillian.container.test.impl.client.container.ContainerRestarter::shouldRestart():boolean" />
		</instance>
		<instance>
			<role name="State" element="org.jboss.arquillian.core.api.Instance" />
			<role name="Context" element="org.jboss.arquillian.container.test.impl.client.container.command.ContainerCommandObserver" />
			<role name="state" element="org.jboss.arquillian.container.test.impl.client.container.command.ContainerCommandObserver::controllerInst:org.jboss.arquillian.core.api.Instance" />
			<role name="Request()" element="org.jboss.arquillian.container.test.impl.client.container.command.ContainerCommandObserver::start(org.jboss.arquillian.container.test.impl.client.container.command.StartContainerCommand):void" />
			<role name="Request()" element="org.jboss.arquillian.container.test.impl.client.container.command.ContainerCommandObserver::stop(org.jboss.arquillian.container.test.impl.client.container.command.StopContainerCommand):void" />
			<role name="Request()" element="org.jboss.arquillian.container.test.impl.client.container.command.ContainerCommandObserver::kill(org.jboss.arquillian.container.test.impl.client.container.command.KillContainerCommand):void" />
			<role name="Request()" element="org.jboss.arquillian.container.test.impl.client.container.command.ContainerCommandObserver::isStarted(org.jboss.arquillian.container.test.impl.client.container.command.ContainerStartedCommand):void" />
		</instance>
		<instance>
			<role name="State" element="org.jboss.arquillian.core.api.Instance" />
			<role name="Context" element="org.jboss.arquillian.container.test.impl.client.deployment.ClientDeployerCreator" />
			<role name="state" element="org.jboss.arquillian.container.test.impl.client.deployment.ClientDeployerCreator::injector:org.jboss.arquillian.core.api.Instance" />
			<role name="Request()" element="org.jboss.arquillian.container.test.impl.client.deployment.ClientDeployerCreator::createClientSideDeployer(org.jboss.arquillian.container.spi.event.SetupContainers):void" />
		</instance>
		<instance>
			<role name="State" element="org.jboss.arquillian.core.api.Instance" />
			<role name="Context" element="org.jboss.arquillian.container.test.impl.client.deployment.ContainerDeployerCreator" />
			<role name="state" element="org.jboss.arquillian.container.test.impl.client.deployment.ContainerDeployerCreator::injector:org.jboss.arquillian.core.api.Instance" />
			<role name="Request()" element="org.jboss.arquillian.container.test.impl.client.deployment.ContainerDeployerCreator::createClientSideDeployer(org.jboss.arquillian.test.spi.event.suite.BeforeSuite):void" />
		</instance>
		<instance>
			<role name="State" element="org.jboss.arquillian.core.api.Instance" />
			<role name="Context" element="org.jboss.arquillian.container.test.impl.client.deployment.DeploymentGenerator" />
			<role name="state" element="org.jboss.arquillian.container.test.impl.client.deployment.DeploymentGenerator::serviceLoader:org.jboss.arquillian.core.api.Instance" />
			<role name="state" element="org.jboss.arquillian.container.test.impl.client.deployment.DeploymentGenerator::containerRegistry:org.jboss.arquillian.core.api.Instance" />
			<role name="state" element="org.jboss.arquillian.container.test.impl.client.deployment.DeploymentGenerator::protocolRegistry:org.jboss.arquillian.core.api.Instance" />
			<role name="Request()" element="org.jboss.arquillian.container.test.impl.client.deployment.DeploymentGenerator::generateDeployment(org.jboss.arquillian.container.test.impl.client.deployment.event.GenerateDeployment):void" />
			<role name="Request()" element="org.jboss.arquillian.container.test.impl.client.deployment.DeploymentGenerator::validate(org.jboss.arquillian.container.spi.client.deployment.DeploymentScenario):void" />
			<role name="Request()" element="org.jboss.arquillian.container.test.impl.client.deployment.DeploymentGenerator::createTestableDeployments(org.jboss.arquillian.container.spi.client.deployment.DeploymentScenario, org.jboss.arquillian.test.spi.TestClass):void" />
			<role name="Request()" element="org.jboss.arquillian.container.test.impl.client.deployment.DeploymentGenerator::buildTestableDeployments(org.jboss.arquillian.container.spi.client.deployment.DeploymentScenario, org.jboss.arquillian.test.spi.TestClass, org.jboss.arquillian.container.test.impl.domain.ProtocolRegistry):void" />
			<role name="Request()" element="org.jboss.arquillian.container.test.impl.client.deployment.DeploymentGenerator::loadAuxiliaryArchives(org.jboss.arquillian.container.spi.client.deployment.DeploymentDescription):java.util.List" />
			<role name="Request()" element="org.jboss.arquillian.container.test.impl.client.deployment.DeploymentGenerator::applyApplicationProcessors(org.jboss.shrinkwrap.api.Archive, org.jboss.arquillian.test.spi.TestClass):void" />
			<role name="Request()" element="org.jboss.arquillian.container.test.impl.client.deployment.DeploymentGenerator::applyAuxiliaryProcessors(java.util.List):void" />
		</instance>
		<instance>
			<role name="State" element="org.jboss.arquillian.core.api.Instance" />
			<role name="Context" element="org.jboss.arquillian.container.test.impl.client.deployment.command.DeploymentCommandObserver" />
			<role name="state" element="org.jboss.arquillian.container.test.impl.client.deployment.command.DeploymentCommandObserver::deployerInst:org.jboss.arquillian.core.api.Instance" />
			<role name="Request()" element="org.jboss.arquillian.container.test.impl.client.deployment.command.DeploymentCommandObserver::deploy(org.jboss.arquillian.container.test.impl.client.deployment.command.DeployDeploymentCommand):void" />
			<role name="Request()" element="org.jboss.arquillian.container.test.impl.client.deployment.command.DeploymentCommandObserver::undeploy(org.jboss.arquillian.container.test.impl.client.deployment.command.UnDeployDeploymentCommand):void" />
			<role name="Request()" element="org.jboss.arquillian.container.test.impl.client.deployment.command.DeploymentCommandObserver::getDeployment(org.jboss.arquillian.container.test.impl.client.deployment.command.GetDeploymentCommand):void" />
		</instance>
		<instance>
			<role name="State" element="org.jboss.arquillian.core.api.Instance" />
			<role name="Context" element="org.jboss.arquillian.container.test.impl.client.protocol.ProtocolRegistryCreator" />
			<role name="state" element="org.jboss.arquillian.container.test.impl.client.protocol.ProtocolRegistryCreator::serviceLoader:org.jboss.arquillian.core.api.Instance" />
			<role name="Request()" element="org.jboss.arquillian.container.test.impl.client.protocol.ProtocolRegistryCreator::createRegistry(org.jboss.arquillian.config.descriptor.api.ArquillianDescriptor):void" />
		</instance>
		<instance>
			<role name="State" element="org.jboss.arquillian.core.api.Instance" />
			<role name="Context" element="org.jboss.arquillian.container.test.impl.execution.ClientBeforeAfterLifecycleEventExecuter" />
			<role name="state" element="org.jboss.arquillian.container.test.impl.execution.ClientBeforeAfterLifecycleEventExecuter::deployment:org.jboss.arquillian.core.api.Instance" />
			<role name="state" element="org.jboss.arquillian.container.test.impl.execution.ClientBeforeAfterLifecycleEventExecuter::container:org.jboss.arquillian.core.api.Instance" />
			<role name="Request()" element="org.jboss.arquillian.container.test.impl.execution.ClientBeforeAfterLifecycleEventExecuter::isRunAsClient(org.jboss.arquillian.test.spi.event.suite.TestLifecycleEvent):boolean" />
			<role name="Request()" element="org.jboss.arquillian.container.test.impl.execution.ClientBeforeAfterLifecycleEventExecuter::isLocalContainer():boolean" />
		</instance>
		<instance>
			<role name="State" element="org.jboss.arquillian.core.api.Instance" />
			<role name="Context" element="org.jboss.arquillian.container.test.impl.execution.ClientTestExecuter" />
			<role name="state" element="org.jboss.arquillian.container.test.impl.execution.ClientTestExecuter::deployment:org.jboss.arquillian.core.api.Instance" />
			<role name="Request()" element="org.jboss.arquillian.container.test.impl.execution.ClientTestExecuter::execute(org.jboss.arquillian.test.spi.event.suite.Test):void" />
		</instance>
		<instance>
			<role name="State" element="org.jboss.arquillian.core.api.Instance" />
			<role name="Context" element="org.jboss.arquillian.container.test.impl.execution.LocalTestExecuter" />
			<role name="state" element="org.jboss.arquillian.container.test.impl.execution.LocalTestExecuter::serviceLoader:org.jboss.arquillian.core.api.Instance" />
			<role name="Request()" element="org.jboss.arquillian.container.test.impl.execution.LocalTestExecuter::execute(org.jboss.arquillian.container.test.impl.execution.event.LocalExecutionEvent):void" />
		</instance>
		<instance>
			<role name="State" element="org.jboss.arquillian.core.api.Instance" />
			<role name="Context" element="org.jboss.arquillian.container.test.impl.execution.RemoteTestExecuter" />
			<role name="state" element="org.jboss.arquillian.container.test.impl.execution.RemoteTestExecuter::container:org.jboss.arquillian.core.api.Instance" />
			<role name="state" element="org.jboss.arquillian.container.test.impl.execution.RemoteTestExecuter::deployment:org.jboss.arquillian.core.api.Instance" />
			<role name="state" element="org.jboss.arquillian.container.test.impl.execution.RemoteTestExecuter::protocolRegistry:org.jboss.arquillian.core.api.Instance" />
			<role name="state" element="org.jboss.arquillian.container.test.impl.execution.RemoteTestExecuter::executorService:org.jboss.arquillian.core.api.Instance" />
			<role name="state" element="org.jboss.arquillian.container.test.impl.execution.RemoteTestExecuter::protocolMetadata:org.jboss.arquillian.core.api.Instance" />
			<role name="Request()" element="org.jboss.arquillian.container.test.impl.execution.RemoteTestExecuter::execute(org.jboss.arquillian.container.test.impl.execution.event.RemoteExecutionEvent):void" />
			<role name="Request()" element="org.jboss.arquillian.container.test.impl.execution.RemoteTestExecuter::getContainerMethodExecutor(org.jboss.arquillian.container.test.impl.domain.ProtocolDefinition, org.jboss.arquillian.container.test.spi.client.protocol.ProtocolConfiguration):org.jboss.arquillian.container.test.spi.ContainerMethodExecutor" />
		</instance>
		<instance>
			<role name="State" element="org.jboss.arquillian.core.api.Instance" />
			<role name="Context" element="org.jboss.arquillian.core.impl.loadable.LoadableExtensionLoader" />
			<role name="state" element="org.jboss.arquillian.core.impl.loadable.LoadableExtensionLoader::injector:org.jboss.arquillian.core.api.Instance" />
			<role name="Request()" element="org.jboss.arquillian.core.impl.loadable.LoadableExtensionLoader::load(org.jboss.arquillian.core.spi.event.ManagerProcessing):void" />
		</instance>
		<instance>
			<role name="State" element="org.jboss.arquillian.core.api.Instance" />
			<role name="Context" element="org.jboss.arquillian.junit5.container.RunModeEventHandler" />
			<role name="state" element="org.jboss.arquillian.junit5.container.RunModeEventHandler::deployment:org.jboss.arquillian.core.api.Instance" />
			<role name="Request()" element="org.jboss.arquillian.junit5.container.RunModeEventHandler::handleEvent(org.jboss.arquillian.junit5.extension.RunModeEvent):void" />
		</instance>
		<instance>
			<role name="State" element="org.jboss.arquillian.core.api.Instance" />
			<role name="Context" element="org.jboss.arquillian.test.impl.TestContextHandler" />
			<role name="state" element="org.jboss.arquillian.test.impl.TestContextHandler::suiteContextInstance:org.jboss.arquillian.core.api.Instance" />
			<role name="state" element="org.jboss.arquillian.test.impl.TestContextHandler::classContextInstance:org.jboss.arquillian.core.api.Instance" />
			<role name="state" element="org.jboss.arquillian.test.impl.TestContextHandler::testContextInstance:org.jboss.arquillian.core.api.Instance" />
			<role name="Request()" element="org.jboss.arquillian.test.impl.TestContextHandler::createSuiteContext(org.jboss.arquillian.core.spi.EventContext):void" />
			<role name="Request()" element="org.jboss.arquillian.test.impl.TestContextHandler::createClassContext(org.jboss.arquillian.core.spi.EventContext):void" />
			<role name="Request()" element="org.jboss.arquillian.test.impl.TestContextHandler::createTestContext(org.jboss.arquillian.core.spi.EventContext):void" />
		</instance>
		<instance>
			<role name="State" element="org.jboss.arquillian.core.api.Instance" />
			<role name="Context" element="org.jboss.arquillian.testenricher.cdi.CreationalContextDestroyer" />
			<role name="state" element="org.jboss.arquillian.testenricher.cdi.CreationalContextDestroyer::creationalContext:org.jboss.arquillian.core.api.Instance" />
			<role name="Request()" element="org.jboss.arquillian.testenricher.cdi.CreationalContextDestroyer::destory(org.jboss.arquillian.core.spi.EventContext):void" />
		</instance>
		<instance>
			<role name="State" element="org.jboss.arquillian.core.api.Instance" />
			<role name="Context" element="org.jboss.arquillian.testng.standalone.LocalTestMethodExecutor" />
			<role name="state" element="org.jboss.arquillian.testng.standalone.LocalTestMethodExecutor::serviceLoader:org.jboss.arquillian.core.api.Instance" />
			<role name="Request()" element="org.jboss.arquillian.testng.standalone.LocalTestMethodExecutor::execute(org.jboss.arquillian.test.spi.event.suite.Test):void" />
		</instance>
		<instance>
			<role name="State" element="org.jboss.arquillian.test.spi.TestRunnerAdaptor" />
			<role name="Context" element="org.jboss.arquillian.junit5.JUnitJupiterTestClassLifecycleManager" />
			<role name="state" element="org.jboss.arquillian.junit5.JUnitJupiterTestClassLifecycleManager::adaptor:org.jboss.arquillian.test.spi.TestRunnerAdaptor" />
			<role name="Request()" element="org.jboss.arquillian.junit5.JUnitJupiterTestClassLifecycleManager::initializeAdaptor():void" />
			<role name="Request()" element="org.jboss.arquillian.junit5.JUnitJupiterTestClassLifecycleManager::close():void" />
		</instance>
		<instance>
			<role name="State" element="org.jboss.arquillian.core.api.Instance" />
			<role name="Context" element="org.jboss.arquillian.container.test.impl.client.deployment.ClientDeployer" />
			<role name="state" element="org.jboss.arquillian.container.test.impl.client.deployment.ClientDeployer::deploymentScenario:org.jboss.arquillian.core.api.Instance" />
			<role name="state" element="org.jboss.arquillian.container.test.impl.client.deployment.ClientDeployer::containerRegistry:org.jboss.arquillian.core.api.Instance" />
			<role name="Request()" element="org.jboss.arquillian.container.test.impl.client.deployment.ClientDeployer::deploy(java.lang.String):void" />
			<role name="Request()" element="org.jboss.arquillian.container.test.impl.client.deployment.ClientDeployer::undeploy(java.lang.String):void" />
			<role name="Request()" element="org.jboss.arquillian.container.test.impl.client.deployment.ClientDeployer::getDeployment(java.lang.String):java.io.InputStream" />
		</instance>
		<instance>
			<role name="State" element="org.jboss.arquillian.core.api.Instance" />
			<role name="Context" element="org.jboss.arquillian.container.test.impl.client.deployment.ContainerDeployer" />
			<role name="state" element="org.jboss.arquillian.container.test.impl.client.deployment.ContainerDeployer::serviceLoader:org.jboss.arquillian.core.api.Instance" />
			<role name="Request()" element="org.jboss.arquillian.container.test.impl.client.deployment.ContainerDeployer::getCommandService():org.jboss.arquillian.container.test.spi.command.CommandService" />
		</instance>
		<instance>
			<role name="State" element="org.jboss.arquillian.core.spi.Manager" />
			<role name="Context" element="org.jboss.arquillian.core.impl.EventImpl" />
			<role name="state" element="org.jboss.arquillian.core.impl.EventImpl::manager:org.jboss.arquillian.core.spi.Manager" />
			<role name="Request()" element="org.jboss.arquillian.core.impl.EventImpl::fire(T):void" />
		</instance>
		<instance>
			<role name="State" element="org.jboss.arquillian.core.api.Instance" />
			<role name="Context" element="org.jboss.arquillian.container.test.impl.enricher.resource.ContainerControllerProvider" />
			<role name="state" element="org.jboss.arquillian.container.test.impl.enricher.resource.ContainerControllerProvider::controller:org.jboss.arquillian.core.api.Instance" />
			<role name="Request()" element="org.jboss.arquillian.container.test.impl.enricher.resource.ContainerControllerProvider::lookup(org.jboss.arquillian.test.api.ArquillianResource, java.lang.annotation.Annotation[]):java.lang.Object" />
		</instance>
		<instance>
			<role name="State" element="org.jboss.arquillian.core.api.Instance" />
			<role name="Context" element="org.jboss.arquillian.container.test.impl.enricher.resource.ContainerURLResourceProvider" />
			<role name="state" element="org.jboss.arquillian.container.test.impl.enricher.resource.ContainerURLResourceProvider::serviceLoader:org.jboss.arquillian.core.api.Instance" />
			<role name="Request()" element="org.jboss.arquillian.container.test.impl.enricher.resource.ContainerURLResourceProvider::getCommandService():org.jboss.arquillian.container.test.spi.command.CommandService" />
		</instance>
		<instance>
			<role name="State" element="org.jboss.arquillian.core.api.Instance" />
			<role name="Context" element="org.jboss.arquillian.container.test.impl.enricher.resource.DeployerProvider" />
			<role name="state" element="org.jboss.arquillian.container.test.impl.enricher.resource.DeployerProvider::deployer:org.jboss.arquillian.core.api.Instance" />
			<role name="Request()" element="org.jboss.arquillian.container.test.impl.enricher.resource.DeployerProvider::lookup(org.jboss.arquillian.test.api.ArquillianResource, java.lang.annotation.Annotation[]):java.lang.Object" />
		</instance>
		<instance>
			<role name="State" element="org.jboss.arquillian.core.api.Instance" />
			<role name="Context" element="org.jboss.arquillian.container.test.impl.enricher.resource.InitialContextProvider" />
			<role name="state" element="org.jboss.arquillian.container.test.impl.enricher.resource.InitialContextProvider::initialContext:org.jboss.arquillian.core.api.Instance" />
			<role name="Request()" element="org.jboss.arquillian.container.test.impl.enricher.resource.InitialContextProvider::doLookup(org.jboss.arquillian.test.api.ArquillianResource, java.lang.annotation.Annotation[]):java.lang.Object" />
		</instance>
		<instance>
			<role name="State" element="org.jboss.arquillian.core.api.Instance" />
			<role name="Context" element="org.jboss.arquillian.container.test.impl.enricher.resource.URLResourceProvider" />
			<role name="state" element="org.jboss.arquillian.container.test.impl.enricher.resource.URLResourceProvider::protocolMetadata:org.jboss.arquillian.core.api.Instance" />
			<role name="Request()" element="org.jboss.arquillian.container.test.impl.enricher.resource.URLResourceProvider::locateURL(org.jboss.arquillian.test.api.ArquillianResource, java.lang.annotation.Annotation[]):java.lang.Object" />
		</instance>
		<instance>
			<role name="State" element="org.jboss.arquillian.core.api.Instance" />
			<role name="Context" element="org.jboss.arquillian.protocol.servlet5.runner.ServletContextResourceProvider" />
			<role name="state" element="org.jboss.arquillian.protocol.servlet5.runner.ServletContextResourceProvider::servletContextInstance:org.jboss.arquillian.core.api.Instance" />
			<role name="Request()" element="org.jboss.arquillian.protocol.servlet5.runner.ServletContextResourceProvider::doLookup(org.jboss.arquillian.test.api.ArquillianResource, java.lang.annotation.Annotation[]):java.lang.Object" />
		</instance>
		<instance>
			<role name="State" element="org.jboss.arquillian.core.api.Instance" />
			<role name="Context" element="org.jboss.arquillian.container.test.impl.client.protocol.local.LocalProtocol" />
			<role name="state" element="org.jboss.arquillian.container.test.impl.client.protocol.local.LocalProtocol::injector:org.jboss.arquillian.core.api.Instance" />
			<role name="Request()" element="org.jboss.arquillian.container.test.impl.client.protocol.local.LocalProtocol::getExecutor(org.jboss.arquillian.container.test.impl.client.protocol.local.LocalProtocolConfiguration, org.jboss.arquillian.container.spi.client.protocol.metadata.ProtocolMetaData, org.jboss.arquillian.container.test.spi.command.CommandCallback):org.jboss.arquillian.container.test.spi.ContainerMethodExecutor" />
		</instance>
		<instance>
			<role name="State" element="org.jboss.arquillian.container.test.spi.client.protocol.Protocol" />
			<role name="Context" element="org.jboss.arquillian.container.test.impl.domain.ProtocolDefinition" />
			<role name="state" element="org.jboss.arquillian.container.test.impl.domain.ProtocolDefinition::protocol:org.jboss.arquillian.container.test.spi.client.protocol.Protocol" />
			<role name="Request()" element="org.jboss.arquillian.container.test.impl.domain.ProtocolDefinition::getProtocolDescription():org.jboss.arquillian.container.spi.client.protocol.ProtocolDescription" />
			<role name="Request()" element="org.jboss.arquillian.container.test.impl.domain.ProtocolDefinition::getName():java.lang.String" />
			<role name="Request()" element="org.jboss.arquillian.container.test.impl.domain.ProtocolDefinition::createProtocolConfiguration(java.util.Map):org.jboss.arquillian.container.test.spi.client.protocol.ProtocolConfiguration" />
		</instance>
		<instance>
			<role name="Context" element="org.jboss.arquillian.config.impl.extension.ConfigurationRegistrar" />
			<role name="State" element="org.jboss.arquillian.core.api.InstanceProducer" />
			<role name="state" element="org.jboss.arquillian.config.impl.extension.ConfigurationRegistrar::descriptorInst:org.jboss.arquillian.core.api.InstanceProducer" />
			<role name="Request()" element="org.jboss.arquillian.config.impl.extension.ConfigurationRegistrar::loadConfiguration(org.jboss.arquillian.core.api.event.ManagerStarted):void" />
		</instance>
		<instance>
			<role name="Context" element="org.jboss.arquillian.container.impl.client.container.ContainerRegistryCreator" />
			<role name="State" element="org.jboss.arquillian.core.api.InstanceProducer" />
			<role name="state" element="org.jboss.arquillian.container.impl.client.container.ContainerRegistryCreator::registry:org.jboss.arquillian.core.api.InstanceProducer" />
			<role name="Request()" element="org.jboss.arquillian.container.impl.client.container.ContainerRegistryCreator::createRegistry(org.jboss.arquillian.config.descriptor.api.ArquillianDescriptor):void" />
		</instance>
		<instance>
			<role name="Context" element="org.jboss.arquillian.container.test.impl.client.container.ClientContainerControllerCreator" />
			<role name="State" element="org.jboss.arquillian.core.api.InstanceProducer" />
			<role name="state" element="org.jboss.arquillian.container.test.impl.client.container.ClientContainerControllerCreator::controller:org.jboss.arquillian.core.api.InstanceProducer" />
			<role name="Request()" element="org.jboss.arquillian.container.test.impl.client.container.ClientContainerControllerCreator::createClientSideContainerController(org.jboss.arquillian.container.spi.event.SetupContainers):void" />
		</instance>
		<instance>
			<role name="Context" element="org.jboss.arquillian.container.test.impl.client.container.ContainerContainerControllerCreator" />
			<role name="State" element="org.jboss.arquillian.core.api.InstanceProducer" />
			<role name="state" element="org.jboss.arquillian.container.test.impl.client.container.ContainerContainerControllerCreator::controller:org.jboss.arquillian.core.api.InstanceProducer" />
			<role name="Request()" element="org.jboss.arquillian.container.test.impl.client.container.ContainerContainerControllerCreator::createContainerSideContainerController(org.jboss.arquillian.test.spi.event.suite.BeforeSuite):void" />
		</instance>
		<instance>
			<role name="Context" element="org.jboss.arquillian.container.test.impl.client.deployment.ClientDeployerCreator" />
			<role name="State" element="org.jboss.arquillian.core.api.InstanceProducer" />
			<role name="state" element="org.jboss.arquillian.container.test.impl.client.deployment.ClientDeployerCreator::deployer:org.jboss.arquillian.core.api.InstanceProducer" />
			<role name="Request()" element="org.jboss.arquillian.container.test.impl.client.deployment.ClientDeployerCreator::createClientSideDeployer(org.jboss.arquillian.container.spi.event.SetupContainers):void" />
		</instance>
		<instance>
			<role name="Context" element="org.jboss.arquillian.container.test.impl.client.deployment.ContainerDeployerCreator" />
			<role name="State" element="org.jboss.arquillian.core.api.InstanceProducer" />
			<role name="state" element="org.jboss.arquillian.container.test.impl.client.deployment.ContainerDeployerCreator::deployer:org.jboss.arquillian.core.api.InstanceProducer" />
			<role name="Request()" element="org.jboss.arquillian.container.test.impl.client.deployment.ContainerDeployerCreator::createClientSideDeployer(org.jboss.arquillian.test.spi.event.suite.BeforeSuite):void" />
		</instance>
		<instance>
			<role name="Context" element="org.jboss.arquillian.container.test.impl.client.deployment.DeploymentGenerator" />
			<role name="State" element="org.jboss.arquillian.core.api.InstanceProducer" />
			<role name="state" element="org.jboss.arquillian.container.test.impl.client.deployment.DeploymentGenerator::deployment:org.jboss.arquillian.core.api.InstanceProducer" />
			<role name="Request()" element="org.jboss.arquillian.container.test.impl.client.deployment.DeploymentGenerator::generateDeployment(org.jboss.arquillian.container.test.impl.client.deployment.event.GenerateDeployment):void" />
		</instance>
		<instance>
			<role name="Context" element="org.jboss.arquillian.container.test.impl.client.protocol.ProtocolRegistryCreator" />
			<role name="State" element="org.jboss.arquillian.core.api.InstanceProducer" />
			<role name="state" element="org.jboss.arquillian.container.test.impl.client.protocol.ProtocolRegistryCreator::registryInstance:org.jboss.arquillian.core.api.InstanceProducer" />
			<role name="Request()" element="org.jboss.arquillian.container.test.impl.client.protocol.ProtocolRegistryCreator::createRegistry(org.jboss.arquillian.config.descriptor.api.ArquillianDescriptor):void" />
		</instance>
		<instance>
			<role name="Context" element="org.jboss.arquillian.container.test.impl.execution.LocalTestExecuter" />
			<role name="State" element="org.jboss.arquillian.core.api.InstanceProducer" />
			<role name="state" element="org.jboss.arquillian.container.test.impl.execution.LocalTestExecuter::testResult:org.jboss.arquillian.core.api.InstanceProducer" />
			<role name="Request()" element="org.jboss.arquillian.container.test.impl.execution.LocalTestExecuter::execute(org.jboss.arquillian.container.test.impl.execution.event.LocalExecutionEvent):void" />
		</instance>
		<instance>
			<role name="Context" element="org.jboss.arquillian.container.test.impl.execution.RemoteTestExecuter" />
			<role name="State" element="org.jboss.arquillian.core.api.InstanceProducer" />
			<role name="state" element="org.jboss.arquillian.container.test.impl.execution.RemoteTestExecuter::testResult:org.jboss.arquillian.core.api.InstanceProducer" />
			<role name="Request()" element="org.jboss.arquillian.container.test.impl.execution.RemoteTestExecuter::execute(org.jboss.arquillian.container.test.impl.execution.event.RemoteExecutionEvent):void" />
		</instance>
		<instance>
			<role name="Context" element="org.jboss.arquillian.core.impl.loadable.LoadableExtensionLoader" />
			<role name="State" element="org.jboss.arquillian.core.api.InstanceProducer" />
			<role name="state" element="org.jboss.arquillian.core.impl.loadable.LoadableExtensionLoader::serviceLoaderProducer:org.jboss.arquillian.core.api.InstanceProducer" />
			<role name="Request()" element="org.jboss.arquillian.core.impl.loadable.LoadableExtensionLoader::load(org.jboss.arquillian.core.spi.event.ManagerProcessing):void" />
		</instance>
		<instance>
			<role name="Context" element="org.jboss.arquillian.test.impl.TestContextHandler" />
			<role name="State" element="org.jboss.arquillian.core.api.InstanceProducer" />
			<role name="state" element="org.jboss.arquillian.test.impl.TestContextHandler::testClassProducer:org.jboss.arquillian.core.api.InstanceProducer" />
			<role name="Request()" element="org.jboss.arquillian.test.impl.TestContextHandler::createClassContext(org.jboss.arquillian.core.spi.EventContext):void" />
		</instance>
		<instance>
			<role name="Context" element="org.jboss.arquillian.testng.standalone.LocalTestMethodExecutor" />
			<role name="State" element="org.jboss.arquillian.core.api.InstanceProducer" />
			<role name="state" element="org.jboss.arquillian.testng.standalone.LocalTestMethodExecutor::testResult:org.jboss.arquillian.core.api.InstanceProducer" />
			<role name="Request()" element="org.jboss.arquillian.testng.standalone.LocalTestMethodExecutor::execute(org.jboss.arquillian.test.spi.event.suite.Test):void" />
		</instance>
		<instance>
			<role name="Context" element="org.jboss.arquillian.container.impl.ContainerImpl" />
			<role name="State" element="org.jboss.arquillian.core.api.Instance" />
			<role name="state" element="org.jboss.arquillian.container.impl.ContainerImpl::serviceLoader:org.jboss.arquillian.core.api.Instance" />
			<role name="Request()" element="org.jboss.arquillian.container.impl.ContainerImpl::getServerKillProcessor():org.jboss.arquillian.container.spi.ServerKillProcessor" />
		</instance>
		<instance>
			<role name="State" element="org.jboss.arquillian.core.api.Instance" />
			<role name="Context" element="org.jboss.arquillian.container.test.impl.client.container.ClientContainerController" />
			<role name="state" element="org.jboss.arquillian.container.test.impl.client.container.ClientContainerController::deploymentScenario:org.jboss.arquillian.core.api.Instance" />
			<role name="state" element="org.jboss.arquillian.container.test.impl.client.container.ClientContainerController::containerRegistry:org.jboss.arquillian.core.api.Instance" />
			<role name="Request()" element="org.jboss.arquillian.container.test.impl.client.container.ClientContainerController::start(java.lang.String):void" />
			<role name="Request()" element="org.jboss.arquillian.container.test.impl.client.container.ClientContainerController::start(java.lang.String, java.util.Map):void" />
			<role name="Request()" element="org.jboss.arquillian.container.test.impl.client.container.ClientContainerController::stop(java.lang.String):void" />
			<role name="Request()" element="org.jboss.arquillian.container.test.impl.client.container.ClientContainerController::kill(java.lang.String):void" />
			<role name="Request()" element="org.jboss.arquillian.container.test.impl.client.container.ClientContainerController::isStarted(java.lang.String):boolean" />
		</instance>
		<instance>
			<role name="State" element="org.jboss.arquillian.core.api.Instance" />
			<role name="Context" element="org.jboss.arquillian.container.test.impl.client.container.ContainerContainerController" />
			<role name="state" element="org.jboss.arquillian.container.test.impl.client.container.ContainerContainerController::serviceLoader:org.jboss.arquillian.core.api.Instance" />
			<role name="Request()" element="org.jboss.arquillian.container.test.impl.client.container.ContainerContainerController::getCommandService():org.jboss.arquillian.container.test.spi.command.CommandService" />
		</instance>
		<instance>
			<role name="State" element="org.jboss.arquillian.core.api.Instance" />
			<role name="Context" element="org.jboss.arquillian.container.test.impl.client.protocol.local.LocalContainerMethodExecutor" />
			<role name="state" element="org.jboss.arquillian.container.test.impl.client.protocol.local.LocalContainerMethodExecutor::testResult:org.jboss.arquillian.core.api.Instance" />
			<role name="Request()" element="org.jboss.arquillian.container.test.impl.client.protocol.local.LocalContainerMethodExecutor::invoke(org.jboss.arquillian.test.spi.TestMethodExecutor):org.jboss.arquillian.test.spi.TestResult" />
		</instance>
		<instance>
			<role name="State" element="org.jboss.arquillian.core.api.Instance" />
			<role name="Context" element="org.jboss.arquillian.test.impl.enricher.resource.ArquillianResourceTestEnricher" />
			<role name="state" element="org.jboss.arquillian.test.impl.enricher.resource.ArquillianResourceTestEnricher::loader:org.jboss.arquillian.core.api.Instance" />
			<role name="Request()" element="org.jboss.arquillian.test.impl.enricher.resource.ArquillianResourceTestEnricher::lookup(java.lang.Class, org.jboss.arquillian.test.api.ArquillianResource, java.util.List):java.lang.Object" />
		</instance>
		<instance>
			<role name="State" element="org.jboss.arquillian.core.api.Instance" />
			<role name="Context" element="org.jboss.arquillian.testenricher.cdi.CDIInjectionEnricher" />
			<role name="state" element="org.jboss.arquillian.testenricher.cdi.CDIInjectionEnricher::beanManagerInst:org.jboss.arquillian.core.api.Instance" />
			<role name="Request()" element="org.jboss.arquillian.testenricher.cdi.CDIInjectionEnricher::getBeanManager():jakarta.enterprise.inject.spi.BeanManager" />
		</instance>
		<instance>
			<role name="State" element="org.jboss.arquillian.core.api.Instance" />
			<role name="Context" element="org.jboss.arquillian.testenricher.ejb.EJBInjectionEnricher" />
			<role name="state" element="org.jboss.arquillian.testenricher.ejb.EJBInjectionEnricher::contextInst:org.jboss.arquillian.core.api.Instance" />
			<role name="Request()" element="org.jboss.arquillian.testenricher.ejb.EJBInjectionEnricher::createContext():javax.naming.Context" />
		</instance>
		<instance>
			<role name="State" element="org.jboss.arquillian.core.api.Instance" />
			<role name="Context" element="org.jboss.arquillian.testenricher.resource.ResourceInjectionEnricher" />
			<role name="state" element="org.jboss.arquillian.testenricher.resource.ResourceInjectionEnricher::contextInst:org.jboss.arquillian.core.api.Instance" />
			<role name="Request()" element="org.jboss.arquillian.testenricher.resource.ResourceInjectionEnricher::enrich(java.lang.Object):void" />
			<role name="Request()" element="org.jboss.arquillian.testenricher.resource.ResourceInjectionEnricher::getContainerContext():javax.naming.Context" />
		</instance>
		<instance>
			<role name="Context" element="org.jboss.arquillian.test.impl.EventTestRunnerAdaptor" />
			<role name="State" element="org.jboss.arquillian.core.spi.Manager" />
			<role name="state" element="org.jboss.arquillian.test.impl.EventTestRunnerAdaptor::manager:org.jboss.arquillian.core.spi.Manager" />
			<role name="Request()" element="org.jboss.arquillian.test.impl.EventTestRunnerAdaptor::beforeSuite():void" />
			<role name="Request()" element="org.jboss.arquillian.test.impl.EventTestRunnerAdaptor::afterSuite():void" />
			<role name="Request()" element="org.jboss.arquillian.test.impl.EventTestRunnerAdaptor::beforeClass(java.lang.Class, org.jboss.arquillian.test.spi.LifecycleMethodExecutor):void" />
			<role name="Request()" element="org.jboss.arquillian.test.impl.EventTestRunnerAdaptor::afterClass(java.lang.Class, org.jboss.arquillian.test.spi.LifecycleMethodExecutor):void" />
			<role name="Request()" element="org.jboss.arquillian.test.impl.EventTestRunnerAdaptor::before(java.lang.Object, java.lang.reflect.Method, org.jboss.arquillian.test.spi.LifecycleMethodExecutor):void" />
			<role name="Request()" element="org.jboss.arquillian.test.impl.EventTestRunnerAdaptor::after(java.lang.Object, java.lang.reflect.Method, org.jboss.arquillian.test.spi.LifecycleMethodExecutor):void" />
			<role name="Request()" element="org.jboss.arquillian.test.impl.EventTestRunnerAdaptor::fireCustomLifecycle():void" />
			<role name="Request()" element="org.jboss.arquillian.test.impl.EventTestRunnerAdaptor::shutdown():void" />
		</instance>
		<instance>
			<role name="State" element="org.jboss.arquillian.core.api.Instance" />
			<role name="Context" element="org.jboss.arquillian.container.test.impl.ClientTestInstanceEnricher" />
			<role name="state" element="org.jboss.arquillian.container.test.impl.ClientTestInstanceEnricher::deployment:org.jboss.arquillian.core.api.Instance" />
			<role name="state" element="org.jboss.arquillian.container.test.impl.ClientTestInstanceEnricher::container:org.jboss.arquillian.core.api.Instance" />
			<role name="Request()" element="org.jboss.arquillian.container.test.impl.ClientTestInstanceEnricher::enrich(org.jboss.arquillian.test.spi.event.suite.Before):void" />
		</instance>
		<instance>
			<role name="State" element="org.jboss.arquillian.core.api.Instance" />
			<role name="Context" element="org.jboss.arquillian.test.impl.TestInstanceEnricher" />
			<role name="state" element="org.jboss.arquillian.test.impl.TestInstanceEnricher::serviceLoader:org.jboss.arquillian.core.api.Instance" />
			<role name="Request()" element="org.jboss.arquillian.test.impl.TestInstanceEnricher::enrich(org.jboss.arquillian.test.spi.event.suite.Before):void" />
		</instance>
		<instance>
			<role name="Context" element="org.jboss.arquillian.container.impl.ContainerImpl" />
			<role name="State" element="org.jboss.arquillian.config.descriptor.api.ContainerDef" />
			<role name="state" element="org.jboss.arquillian.container.impl.ContainerImpl::containerConfiguration:org.jboss.arquillian.config.descriptor.api.ContainerDef" />
			<role name="Request()" element="org.jboss.arquillian.container.impl.ContainerImpl::createDeployableConfiguration():org.jboss.arquillian.container.spi.client.container.ContainerConfiguration" />
			<role name="Request()" element="org.jboss.arquillian.container.impl.ContainerImpl::hasProtocolConfiguration(org.jboss.arquillian.container.spi.client.protocol.ProtocolDescription):boolean" />
			<role name="Request()" element="org.jboss.arquillian.container.impl.ContainerImpl::getProtocolConfiguration(org.jboss.arquillian.container.spi.client.protocol.ProtocolDescription):org.jboss.arquillian.config.descriptor.api.ProtocolDef" />
		</instance>
		<instance>
			<role name="State" element="org.jboss.arquillian.container.test.impl.client.deployment.AutomaticDeploymentScenarioGenerator$AutomaticDeploymentLocator" />
			<role name="Context" element="org.jboss.arquillian.container.test.impl.client.deployment.AutomaticDeploymentScenarioGenerator" />
			<role name="state" element="org.jboss.arquillian.container.test.impl.client.deployment.AutomaticDeploymentScenarioGenerator::automaticDeploymentLocator:org.jboss.arquillian.container.test.impl.client.deployment.AutomaticDeploymentScenarioGenerator$AutomaticDeploymentLocator" />
			<role name="Request()" element="org.jboss.arquillian.container.test.impl.client.deployment.AutomaticDeploymentScenarioGenerator::generateDeploymentContent(org.jboss.arquillian.test.spi.TestClass):java.util.List" />
		</instance>
		<instance>
			<role name="State" element="org.jboss.arquillian.core.api.threading.ContextSnapshot" />
			<role name="Context" element="org.jboss.arquillian.core.impl.threading.ThreadedExecutorService$ContextualCallable" />
			<role name="state" element="org.jboss.arquillian.core.impl.threading.ThreadedExecutorService$ContextualCallable::state:org.jboss.arquillian.core.api.threading.ContextSnapshot" />
			<role name="Request()" element="org.jboss.arquillian.core.impl.threading.ThreadedExecutorService$ContextualCallable::call():java.lang.Object" />
		</instance>
		<instance>
			<role name="State" element="org.jboss.arquillian.protocol.jmx.JMXTestRunner$TestClassLoader" />
			<role name="Context" element="org.jboss.arquillian.protocol.jmx.JMXTestRunner" />
			<role name="state" element="org.jboss.arquillian.protocol.jmx.JMXTestRunner::testClassLoader:org.jboss.arquillian.protocol.jmx.JMXTestRunner$TestClassLoader" />
			<role name="Request()" element="org.jboss.arquillian.protocol.jmx.JMXTestRunner::runTestMethodInternal(java.lang.String, java.lang.String, java.util.Map):org.jboss.arquillian.test.spi.TestResult" />
		</instance>
		<instance>
			<role name="Context" element="org.jboss.arquillian.testenricher.cdi.CDIInjectionEnricher" />
			<role name="State" element="org.jboss.arquillian.core.api.InstanceProducer" />
			<role name="state" element="org.jboss.arquillian.testenricher.cdi.CDIInjectionEnricher::creationalContextProducer:org.jboss.arquillian.core.api.InstanceProducer" />
			<role name="Request()" element="org.jboss.arquillian.testenricher.cdi.CDIInjectionEnricher::getCreationalContext():jakarta.enterprise.context.spi.CreationalContext" />
		</instance>
		<instance>
			<role name="Context" element="org.jboss.arquillian.container.impl.ContainerImpl" />
			<role name="State" element="org.jboss.arquillian.core.api.InstanceProducer" />
			<role name="state" element="org.jboss.arquillian.container.impl.ContainerImpl::containerProducer:org.jboss.arquillian.core.api.InstanceProducer" />
			<role name="Request()" element="org.jboss.arquillian.container.impl.ContainerImpl::setup():void" />
		</instance>
		<instance>
			<role name="Context" element="org.jboss.arquillian.core.impl.InjectorImpl" />
			<role name="State" element="org.jboss.arquillian.core.spi.Manager" />
			<role name="state" element="org.jboss.arquillian.core.impl.InjectorImpl::manager:org.jboss.arquillian.core.spi.Manager" />
			<role name="Request()" element="org.jboss.arquillian.core.impl.InjectorImpl::inject():java.lang.Object" />
		</instance>
		<instance>
			<role name="Context" element="org.jboss.arquillian.core.impl.EventContextImpl" />
			<role name="State" element="org.jboss.arquillian.core.spi.NonManagedObserver" />
			<role name="state" element="org.jboss.arquillian.core.impl.EventContextImpl::nonManagedObserver:org.jboss.arquillian.core.spi.NonManagedObserver" />
			<role name="Request()" element="org.jboss.arquillian.core.impl.EventContextImpl::invokeNonManagedObserver():void" />
		</instance>
		<instance>
			<role name="State" element="org.jboss.arquillian.core.api.Instance" />
			<role name="Context" element="org.jboss.arquillian.test.impl.EventTestRunnerAdaptor$1" />
			<role name="state" element="org.jboss.arquillian.test.impl.EventTestRunnerAdaptor$1::testResult:org.jboss.arquillian.core.api.Instance" />
			<role name="Request()" element="org.jboss.arquillian.test.impl.EventTestRunnerAdaptor$1::fired(org.jboss.arquillian.test.spi.event.suite.Test):void" />
		</instance>
	</pattern>
	<pattern name="Strategy" />
	<pattern name="Bridge">
		<instance>
			<role name="Abstraction" element="org.jboss.arquillian.container.test.impl.enricher.resource.OperatesOnDeploymentAwareProvider" />
			<role name="Implementor" element="org.jboss.arquillian.core.api.Instance" />
			<role name="implementor" element="org.jboss.arquillian.container.test.impl.enricher.resource.OperatesOnDeploymentAwareProvider::deploymentContext:org.jboss.arquillian.core.api.Instance" />
			<role name="implementor" element="org.jboss.arquillian.container.test.impl.enricher.resource.OperatesOnDeploymentAwareProvider::deploymentScenario:org.jboss.arquillian.core.api.Instance" />
			<role name="implementor" element="org.jboss.arquillian.container.test.impl.enricher.resource.OperatesOnDeploymentAwareProvider::containerContext:org.jboss.arquillian.core.api.Instance" />
			<role name="implementor" element="org.jboss.arquillian.container.test.impl.enricher.resource.OperatesOnDeploymentAwareProvider::containerRegistry:org.jboss.arquillian.core.api.Instance" />
			<role name="Operation()" element="org.jboss.arquillian.container.test.impl.enricher.resource.OperatesOnDeploymentAwareProvider::runInDeploymentContext(org.jboss.arquillian.test.api.ArquillianResource, java.lang.annotation.Annotation[]):java.lang.Object" />
			<role name="Operation()" element="org.jboss.arquillian.container.test.impl.enricher.resource.OperatesOnDeploymentAwareProvider::runInContainerContext(org.jboss.arquillian.container.spi.client.deployment.TargetDescription, org.jboss.arquillian.test.api.ArquillianResource, java.lang.annotation.Annotation[]):java.lang.Object" />
		</instance>
	</pattern>
	<pattern name="Template Method">
		<instance>
			<role name="AbstractClass" element="org.jboss.arquillian.core.spi.context.AbstractContext" />
			<role name="TemplateMethod()" element="org.jboss.arquillian.core.spi.context.AbstractContext::createObjectStore(T):org.jboss.arquillian.core.spi.context.ObjectStore" />
		</instance>
		<instance>
			<role name="AbstractClass" element="org.jboss.arquillian.container.test.impl.client.deployment.AbstractDeploymentScenarioGenerator" />
			<role name="TemplateMethod()" element="org.jboss.arquillian.container.test.impl.client.deployment.AbstractDeploymentScenarioGenerator::generate(org.jboss.arquillian.test.spi.TestClass):java.util.List" />
		</instance>
		<instance>
			<role name="AbstractClass" element="org.jboss.arquillian.protocol.jmx.AbstractJMXProtocol" />
			<role name="TemplateMethod()" element="org.jboss.arquillian.protocol.jmx.AbstractJMXProtocol::getDescription():org.jboss.arquillian.container.spi.client.protocol.ProtocolDescription" />
		</instance>
		<instance>
			<role name="AbstractClass" element="org.jboss.arquillian.protocol.servlet5.BaseServletProtocol" />
			<role name="TemplateMethod()" element="org.jboss.arquillian.protocol.servlet5.BaseServletProtocol::getDescription():org.jboss.arquillian.container.spi.client.protocol.ProtocolDescription" />
		</instance>
		<instance>
			<role name="AbstractClass" element="org.jboss.arquillian.container.test.spi.client.deployment.CachedAuxilliaryArchiveAppender" />
			<role name="TemplateMethod()" element="org.jboss.arquillian.container.test.spi.client.deployment.CachedAuxilliaryArchiveAppender::createAuxiliaryArchive():org.jboss.shrinkwrap.api.Archive" />
		</instance>
		<instance>
			<role name="AbstractClass" element="org.jboss.arquillian.container.test.impl.enricher.resource.OperatesOnDeploymentAwareProvider" />
			<role name="TemplateMethod()" element="org.jboss.arquillian.container.test.impl.enricher.resource.OperatesOnDeploymentAwareProvider::runInContainerContext(org.jboss.arquillian.container.spi.client.deployment.TargetDescription, org.jboss.arquillian.test.api.ArquillianResource, java.lang.annotation.Annotation[]):java.lang.Object" />
		</instance>
		<instance>
			<role name="AbstractClass" element="org.jboss.arquillian.config.impl.extension.PropertiesParser$Handler" />
			<role name="TemplateMethod()" element="org.jboss.arquillian.config.impl.extension.PropertiesParser$Handler::handle(java.lang.String, java.lang.String, org.jboss.arquillian.config.descriptor.api.ArquillianDescriptor):boolean" />
		</instance>
	</pattern>
	<pattern name="Visitor" />
	<pattern name="Proxy" />
	<pattern name="Proxy2" />
	<pattern name="Chain of Responsibility" />
</system>

