<?xml version="1.0" encoding="UTF-8"?>
<system>
	<pattern name="Factory Method">
		<instance>
			<role name="Creator" element="com.restfb.FacebookClient" />
			<role name="FactoryMethod()" element="com.restfb.FacebookClient::createClientWithAccessToken(java.lang.String):com.restfb.FacebookClient" />
		</instance>
		<instance>
			<role name="Creator" element="com.restfb.exception.FacebookExceptionMapper" />
			<role name="FactoryMethod()" element="com.restfb.exception.FacebookExceptionMapper::exceptionForTypeAndMessage(com.restfb.exception.ExceptionInformation):com.restfb.exception.FacebookException" />
		</instance>
		<instance>
			<role name="Creator" element="com.restfb.json.WriterConfig" />
			<role name="FactoryMethod()" element="com.restfb.json.WriterConfig::createWriter(java.io.Writer):com.restfb.json.JsonWriter" />
		</instance>
	</pattern>
	<pattern name="Prototype" />
	<pattern name="Singleton" />
	<pattern name="(Object)Adapter">
		<instance>
			<role name="Adaptee" element="com.restfb.JsonHelper" />
			<role name="Adapter" element="com.restfb.DefaultJsonMapper" />
			<role name="adaptee" element="com.restfb.DefaultJsonMapper::jsonHelper:com.restfb.JsonHelper" />
			<role name="Request()" element="com.restfb.DefaultJsonMapper::toJavaList(, java.lang.Class):java.util.List" />
			<role name="Request()" element="com.restfb.DefaultJsonMapper::toJson(java.lang.Object, boolean):java.lang.String" />
		</instance>
		<instance>
			<role name="Adaptee" element="com.restfb.exception.FacebookExceptionMapper" />
			<role name="Adapter" element="com.restfb.exception.generator.DefaultFacebookExceptionGenerator" />
			<role name="adaptee" element="com.restfb.exception.generator.DefaultFacebookExceptionGenerator::graphFacebookExceptionMapper:com.restfb.exception.FacebookExceptionMapper" />
			<role name="Request()" element="com.restfb.exception.generator.DefaultFacebookExceptionGenerator::throwFacebookResponseStatusExceptionIfNecessary(java.lang.String, java.lang.Integer):void" />
			<role name="Request()" element="com.restfb.exception.generator.DefaultFacebookExceptionGenerator::throwBatchFacebookResponseStatusExceptionIfNecessary(java.lang.String, java.lang.Integer):void" />
		</instance>
	</pattern>
	<pattern name="Command" />
	<pattern name="Composite">
		<instance>
			<role name="Component" element="com.restfb.json.JsonValue" />
			<role name="Composite" element="com.restfb.json.JsonArray" />
			<role name="Operation()" element="com.restfb.json.JsonArray::write(com.restfb.json.JsonWriter):void" />
		</instance>
		<instance>
			<role name="Component" element="com.restfb.json.JsonValue" />
			<role name="Composite" element="com.restfb.json.JsonObject" />
			<role name="Operation()" element="com.restfb.json.JsonObject::write(com.restfb.json.JsonWriter):void" />
		</instance>
	</pattern>
	<pattern name="Decorator" />
	<pattern name="Observer" />
	<pattern name="State">
		<instance>
			<role name="Context" element="com.restfb.webhook.Webhook" />
			<role name="State" element="com.restfb.webhook.WebhookChangeListener" />
			<role name="state" element="com.restfb.webhook.Webhook::eventListener:com.restfb.webhook.WebhookChangeListener" />
			<role name="Request()" element="com.restfb.webhook.Webhook::lambda$handleEvents$1(com.restfb.types.webhook.Change):void" />
		</instance>
		<instance>
			<role name="Context" element="com.restfb.webhook.Webhook" />
			<role name="State" element="com.restfb.webhook.WebhookMessagingListener" />
			<role name="state" element="com.restfb.webhook.Webhook::messagingListener:com.restfb.webhook.WebhookMessagingListener" />
			<role name="Request()" element="com.restfb.webhook.Webhook::lambda$handleMessaging$3(com.restfb.types.webhook.messaging.MessagingItem):void" />
		</instance>
		<instance>
			<role name="Context" element="com.restfb.types.send.MediaAttachment" />
			<role name="State" element="com.restfb.types.send.MediaAttachment$MediaAttachmentPayload" />
			<role name="state" element="com.restfb.types.send.MediaAttachment::payload:com.restfb.types.send.MediaAttachment$MediaAttachmentPayload" />
			<role name="Request()" element="com.restfb.types.send.MediaAttachment::setIsReusable(boolean):void" />
		</instance>
		<instance>
			<role name="Context" element="com.restfb.exception.generator.DefaultFacebookExceptionGenerator" />
			<role name="State" element="com.restfb.exception.FacebookExceptionMapper" />
			<role name="state" element="com.restfb.exception.generator.DefaultFacebookExceptionGenerator::graphFacebookExceptionMapper:com.restfb.exception.FacebookExceptionMapper" />
			<role name="Request()" element="com.restfb.exception.generator.DefaultFacebookExceptionGenerator::throwFacebookResponseStatusExceptionIfNecessary(java.lang.String, java.lang.Integer):void" />
			<role name="Request()" element="com.restfb.exception.generator.DefaultFacebookExceptionGenerator::throwBatchFacebookResponseStatusExceptionIfNecessary(java.lang.String, java.lang.Integer):void" />
		</instance>
	</pattern>
	<pattern name="Strategy">
		<instance>
			<role name="Context" element="com.restfb.util.DateUtils" />
			<role name="Strategy" element="com.restfb.util.DateFormatStrategy" />
			<role name="strategy" element="com.restfb.util.DateUtils::strategy:com.restfb.util.DateFormatStrategy" />
			<role name="ContextInterface()" element="com.restfb.util.DateUtils::toLongFormatFromDate(java.util.Date):java.lang.String" />
			<role name="ContextInterface()" element="com.restfb.util.DateUtils::toShortFormatFromDate(java.util.Date):java.lang.String" />
			<role name="ContextInterface()" element="com.restfb.util.DateUtils::toDateWithFormatString(java.lang.String, java.lang.String):java.util.Date" />
		</instance>
	</pattern>
	<pattern name="Bridge" />
	<pattern name="Template Method">
		<instance>
			<role name="AbstractClass" element="com.restfb.json.JsonValue" />
			<role name="TemplateMethod()" element="com.restfb.json.JsonValue::writeTo(java.io.Writer, com.restfb.json.WriterConfig):void" />
		</instance>
	</pattern>
	<pattern name="Visitor" />
	<pattern name="Proxy" />
	<pattern name="Proxy2" />
	<pattern name="Chain of Responsibility" />
</system>

