<?xml version="1.0" encoding="UTF-8"?>
<system>
	<pattern name="Factory Method">
		<instance>
			<role name="Creator" element="org.jbehave.core.reporters.Format" />
			<role name="FactoryMethod()" element="org.jbehave.core.reporters.Format::createStoryReporter(org.jbehave.core.reporters.FilePrintStreamFactory, org.jbehave.core.reporters.StoryReporterBuilder):org.jbehave.core.reporters.StoryReporter" />
		</instance>
		<instance>
			<role name="Creator" element="org.jbehave.core.embedder.PerformableTree$State" />
			<role name="FactoryMethod()" element="org.jbehave.core.embedder.PerformableTree$State::run(org.jbehave.core.steps.Step, java.util.List, org.jbehave.core.configuration.Keywords, org.jbehave.core.reporters.StoryReporter):org.jbehave.core.embedder.PerformableTree$State" />
		</instance>
		<instance>
			<role name="Creator" element="org.jbehave.core.parsers.StepPatternParser" />
			<role name="FactoryMethod()" element="org.jbehave.core.parsers.StepPatternParser::parseStep(org.jbehave.core.steps.StepType, java.lang.String):org.jbehave.core.parsers.StepMatcher" />
		</instance>
	</pattern>
	<pattern name="Prototype" />
	<pattern name="Singleton">
		<instance>
			<role name="Singleton" element="org.jbehave.core.steps.needle.configuration.CollectInjectionProvidersFromStepsInstance" />
			<role name="uniqueInstance" element="org.jbehave.core.steps.needle.configuration.CollectInjectionProvidersFromStepsInstance::INSTANCE:org.jbehave.core.steps.needle.configuration.CollectInjectionProvidersFromStepsInstance" />
		</instance>
		<instance>
			<role name="Singleton" element="org.jbehave.core.steps.needle.configuration.CreateInstanceByDefaultConstructor" />
			<role name="uniqueInstance" element="org.jbehave.core.steps.needle.configuration.CreateInstanceByDefaultConstructor::INSTANCE:org.jbehave.core.steps.needle.configuration.CreateInstanceByDefaultConstructor" />
		</instance>
		<instance>
			<role name="Singleton" element="org.jbehave.core.model.Description" />
			<role name="uniqueInstance" element="org.jbehave.core.model.Description::EMPTY:org.jbehave.core.model.Description" />
		</instance>
		<instance>
			<role name="Singleton" element="org.jbehave.core.model.ExamplesTable" />
			<role name="uniqueInstance" element="org.jbehave.core.model.ExamplesTable::EMPTY:org.jbehave.core.model.ExamplesTable" />
		</instance>
		<instance>
			<role name="Singleton" element="org.jbehave.core.model.GivenStories" />
			<role name="uniqueInstance" element="org.jbehave.core.model.GivenStories::EMPTY:org.jbehave.core.model.GivenStories" />
		</instance>
		<instance>
			<role name="Singleton" element="org.jbehave.core.model.Lifecycle$Steps" />
			<role name="uniqueInstance" element="org.jbehave.core.model.Lifecycle$Steps::EMPTY:org.jbehave.core.model.Lifecycle$Steps" />
		</instance>
		<instance>
			<role name="Singleton" element="org.jbehave.core.model.Lifecycle" />
			<role name="uniqueInstance" element="org.jbehave.core.model.Lifecycle::EMPTY:org.jbehave.core.model.Lifecycle" />
		</instance>
		<instance>
			<role name="Singleton" element="org.jbehave.core.steps.needle.configuration.LoadResourceBundle" />
			<role name="uniqueInstance" element="org.jbehave.core.steps.needle.configuration.LoadResourceBundle::INSTANCE:org.jbehave.core.steps.needle.configuration.LoadResourceBundle" />
		</instance>
		<instance>
			<role name="Singleton" element="org.jbehave.core.model.Meta" />
			<role name="uniqueInstance" element="org.jbehave.core.model.Meta::EMPTY:org.jbehave.core.model.Meta" />
		</instance>
		<instance>
			<role name="Singleton" element="org.jbehave.core.embedder.MetaFilter" />
			<role name="uniqueInstance" element="org.jbehave.core.embedder.MetaFilter::EMPTY:org.jbehave.core.embedder.MetaFilter" />
		</instance>
		<instance>
			<role name="Singleton" element="org.jbehave.core.model.Narrative" />
			<role name="uniqueInstance" element="org.jbehave.core.model.Narrative::EMPTY:org.jbehave.core.model.Narrative" />
		</instance>
		<instance>
			<role name="Singleton" element="org.jbehave.core.steps.needle.configuration.ReadInjectionProviderClassNames" />
			<role name="uniqueInstance" element="org.jbehave.core.steps.needle.configuration.ReadInjectionProviderClassNames::INSTANCE:org.jbehave.core.steps.needle.configuration.ReadInjectionProviderClassNames" />
		</instance>
		<instance>
			<role name="Singleton" element="org.jbehave.core.reporters.SilentSuccessFilter$State" />
			<role name="uniqueInstance" element="org.jbehave.core.reporters.SilentSuccessFilter$State::SILENT:org.jbehave.core.reporters.SilentSuccessFilter$State" />
		</instance>
		<instance>
			<role name="Singleton" element="org.jbehave.core.reporters.TemplateableViewGenerator$Reports$ViewType" />
			<role name="uniqueInstance" element="org.jbehave.core.reporters.TemplateableViewGenerator$Reports$ViewType::LIST:org.jbehave.core.reporters.TemplateableViewGenerator$Reports$ViewType" />
		</instance>
	</pattern>
	<pattern name="(Object)Adapter">
		<instance>
			<role name="Adaptee" element="org.jbehave.core.io.rest.RESTClient" />
			<role name="Adapter" element="org.jbehave.core.io.rest.LoadFromREST" />
			<role name="adaptee" element="org.jbehave.core.io.rest.LoadFromREST::client:org.jbehave.core.io.rest.RESTClient" />
			<role name="Request()" element="org.jbehave.core.io.rest.LoadFromREST::loadResourceAsText(java.lang.String):java.lang.String" />
		</instance>
		<instance>
			<role name="Adaptee" element="org.jbehave.core.io.rest.confluence.Confluence" />
			<role name="Adapter" element="org.jbehave.core.io.rest.confluence.LoadFromConfluence" />
			<role name="adaptee" element="org.jbehave.core.io.rest.confluence.LoadFromConfluence::confluence:org.jbehave.core.io.rest.confluence.Confluence" />
			<role name="Request()" element="org.jbehave.core.io.rest.confluence.LoadFromConfluence::loadResourceAsText(java.lang.String):java.lang.String" />
		</instance>
		<instance>
			<role name="Adaptee" element="org.jbehave.core.io.rest.RESTClient" />
			<role name="Adapter" element="org.jbehave.core.io.rest.UploadToREST" />
			<role name="adaptee" element="org.jbehave.core.io.rest.UploadToREST::client:org.jbehave.core.io.rest.RESTClient" />
			<role name="Request()" element="org.jbehave.core.io.rest.UploadToREST::uploadResource(org.jbehave.core.io.rest.Resource):void" />
		</instance>
		<instance>
			<role name="Adaptee" element="org.jbehave.core.configuration.groovy.GroovyContext" />
			<role name="Adapter" element="org.jbehave.core.steps.groovy.GroovyStepsFactory" />
			<role name="adaptee" element="org.jbehave.core.steps.groovy.GroovyStepsFactory::context:org.jbehave.core.configuration.groovy.GroovyContext" />
			<role name="Request()" element="org.jbehave.core.steps.groovy.GroovyStepsFactory::stepsTypes():java.util.List" />
		</instance>
		<instance>
			<role name="Adaptee" element="org.jbehave.core.configuration.scala.ScalaContext" />
			<role name="Adapter" element="org.jbehave.core.steps.scala.ScalaStepsFactory" />
			<role name="adaptee" element="org.jbehave.core.steps.scala.ScalaStepsFactory::context:org.jbehave.core.configuration.scala.ScalaContext" />
			<role name="Request()" element="org.jbehave.core.steps.scala.ScalaStepsFactory::stepsTypes():java.util.List" />
		</instance>
		<instance>
			<role name="Adaptee" element="org.jbehave.core.reporters.TemplateableViewGenerator$Reports" />
			<role name="Adapter" element="org.jbehave.core.reporters.TemplateableViewGenerator" />
			<role name="adaptee" element="org.jbehave.core.reporters.TemplateableViewGenerator::reports:org.jbehave.core.reporters.TemplateableViewGenerator$Reports" />
			<role name="Request()" element="org.jbehave.core.reporters.TemplateableViewGenerator::generateReportsView(java.io.File, java.util.List, java.util.Properties):void" />
		</instance>
		<instance>
			<role name="Adaptee" element="org.jbehave.core.steps.ParameterConverters" />
			<role name="Adapter" element="org.jbehave.core.steps.ConvertedParameters" />
			<role name="adaptee" element="org.jbehave.core.steps.ConvertedParameters::parameterConverters:org.jbehave.core.steps.ParameterConverters" />
			<role name="Request()" element="org.jbehave.core.steps.ConvertedParameters::as():java.lang.Object" />
		</instance>
		<instance>
			<role name="Adaptee" element="org.jbehave.io.FileMonitor" />
			<role name="Adapter" element="org.jbehave.io.ArchivingFileManager" />
			<role name="adaptee" element="org.jbehave.io.ArchivingFileManager::monitor:org.jbehave.io.FileMonitor" />
			<role name="Request()" element="org.jbehave.io.ArchivingFileManager::list():java.util.List" />
			<role name="Request()" element="org.jbehave.io.ArchivingFileManager::listContent(java.io.File, boolean):java.util.List" />
			<role name="Request()" element="org.jbehave.io.ArchivingFileManager::upload(java.util.List, java.util.List):java.util.List" />
			<role name="Request()" element="org.jbehave.io.ArchivingFileManager::unarchiveFiles(java.util.List, java.util.List):void" />
		</instance>
		<instance>
			<role name="Adaptee" element="org.jbehave.io.FileArchiver" />
			<role name="Adapter" element="org.jbehave.io.ArchivingFileManager" />
			<role name="adaptee" element="org.jbehave.io.ArchivingFileManager::archiver:org.jbehave.io.FileArchiver" />
			<role name="Request()" element="org.jbehave.io.ArchivingFileManager::listContent(java.io.File, boolean):java.util.List" />
			<role name="Request()" element="org.jbehave.io.ArchivingFileManager::unarchiveFiles(java.util.List, java.util.List):void" />
		</instance>
		<instance>
			<role name="Adaptee" element="org.jbehave.core.configuration.Configuration" />
			<role name="Adapter" element="org.jbehave.core.steps.AbstractStepsFactory" />
			<role name="adaptee" element="org.jbehave.core.steps.AbstractStepsFactory::configuration:org.jbehave.core.configuration.Configuration" />
			<role name="Request()" element="org.jbehave.core.steps.AbstractStepsFactory::createCandidateSteps():java.util.List" />
		</instance>
		<instance>
			<role name="Adaptee" element="org.jbehave.core.configuration.Configuration" />
			<role name="Adapter" element="org.jbehave.core.steps.needle.NeedleStepsFactory" />
			<role name="adaptee" element="org.jbehave.core.steps.needle.NeedleStepsFactory::configuration:org.jbehave.core.configuration.Configuration" />
			<role name="Request()" element="org.jbehave.core.steps.needle.NeedleStepsFactory::createCandidateSteps():java.util.List" />
		</instance>
		<instance>
			<role name="Adaptee" element="org.jbehave.core.model.Scenario" />
			<role name="Adapter" element="org.jbehave.core.embedder.PerformableTree$PerformableScenario" />
			<role name="adaptee" element="org.jbehave.core.embedder.PerformableTree$PerformableScenario::scenario:org.jbehave.core.model.Scenario" />
			<role name="Request()" element="org.jbehave.core.embedder.PerformableTree$PerformableScenario::perform(org.jbehave.core.embedder.PerformableTree$RunContext):void" />
		</instance>
		<instance>
			<role name="Adaptee" element="org.jbehave.core.io.rest.ResourceIndexer" />
			<role name="Adapter" element="org.jbehave.core.io.rest.filesystem.ExportFromFilesystem" />
			<role name="adaptee" element="org.jbehave.core.io.rest.filesystem.ExportFromFilesystem::indexer:org.jbehave.core.io.rest.ResourceIndexer" />
			<role name="Request()" element="org.jbehave.core.io.rest.filesystem.ExportFromFilesystem::exportResources(java.lang.String):void" />
		</instance>
		<instance>
			<role name="Adaptee" element="org.jbehave.core.io.rest.ResourceIndexer" />
			<role name="Adapter" element="org.jbehave.core.io.rest.filesystem.ImportToFilesystem" />
			<role name="adaptee" element="org.jbehave.core.io.rest.filesystem.ImportToFilesystem::indexer:org.jbehave.core.io.rest.ResourceIndexer" />
			<role name="Request()" element="org.jbehave.core.io.rest.filesystem.ImportToFilesystem::importResources(java.lang.String):void" />
		</instance>
	</pattern>
	<pattern name="Command" />
	<pattern name="Composite" />
	<pattern name="Decorator">
		<instance>
			<role name="Component" element="org.jbehave.core.parsers.StoryParser" />
			<role name="Decorator" element="org.jbehave.core.parsers.TransformingStoryParser" />
			<role name="component" element="org.jbehave.core.parsers.TransformingStoryParser::delegate:org.jbehave.core.parsers.StoryParser" />
			<role name="Operation()" element="org.jbehave.core.parsers.TransformingStoryParser::parseStory(java.lang.String):org.jbehave.core.model.Story" />
			<role name="Operation()" element="org.jbehave.core.parsers.TransformingStoryParser::parseStory(java.lang.String, java.lang.String):org.jbehave.core.model.Story" />
		</instance>
		<instance>
			<role name="Component" element="org.jbehave.core.steps.Step" />
			<role name="Decorator" element="org.jbehave.core.steps.StepCreator$DelegatingStep" />
			<role name="component" element="org.jbehave.core.steps.StepCreator$DelegatingStep::step:org.jbehave.core.steps.Step" />
			<role name="Operation()" element="org.jbehave.core.steps.StepCreator$DelegatingStep::perform(org.jbehave.core.reporters.StoryReporter, org.jbehave.core.failures.UUIDExceptionWrapper):org.jbehave.core.steps.StepResult" />
			<role name="Operation()" element="org.jbehave.core.steps.StepCreator$DelegatingStep::doNotPerform(org.jbehave.core.reporters.StoryReporter, org.jbehave.core.failures.UUIDExceptionWrapper):org.jbehave.core.steps.StepResult" />
			<role name="Operation()" element="org.jbehave.core.steps.StepCreator$DelegatingStep::asString(org.jbehave.core.configuration.Keywords):java.lang.String" />
			<role name="Operation()" element="org.jbehave.core.steps.StepCreator$DelegatingStep::getComposedSteps():java.util.List" />
		</instance>
		<instance>
			<role name="Component" element="org.jbehave.core.io.StoryNameResolver" />
			<role name="Decorator" element="org.jbehave.core.io.AncestorDelegatingResolver" />
			<role name="component" element="org.jbehave.core.io.AncestorDelegatingResolver::delegate:org.jbehave.core.io.StoryNameResolver" />
			<role name="Operation()" element="org.jbehave.core.io.AncestorDelegatingResolver::resolveName(java.lang.String):java.lang.String" />
		</instance>
	</pattern>
	<pattern name="Observer" />
	<pattern name="State">
		<instance>
			<role name="State" element="org.jbehave.core.embedder.EmbedderMonitor" />
			<role name="Context" element="org.jbehave.core.embedder.StoryManager$EnqueuedStory" />
			<role name="state" element="org.jbehave.core.embedder.StoryManager$EnqueuedStory::embedderMonitor:org.jbehave.core.embedder.EmbedderMonitor" />
			<role name="Request()" element="org.jbehave.core.embedder.StoryManager$EnqueuedStory::call():org.jbehave.core.embedder.StoryManager$ThrowableStory" />
		</instance>
		<instance>
			<role name="State" element="org.jbehave.core.embedder.EmbedderMonitor" />
			<role name="Context" element="org.jbehave.core.embedder.StoryManager" />
			<role name="state" element="org.jbehave.core.embedder.StoryManager::embedderMonitor:org.jbehave.core.embedder.EmbedderMonitor" />
			<role name="Request()" element="org.jbehave.core.embedder.StoryManager::performStories(org.jbehave.core.embedder.PerformableTree$RunContext, org.jbehave.core.embedder.PerformableTree, java.util.List):void" />
			<role name="Request()" element="org.jbehave.core.embedder.StoryManager::waitUntilAllDoneOrFailed(org.jbehave.core.embedder.PerformableTree$RunContext):void" />
		</instance>
		<instance>
			<role name="State" element="org.jbehave.core.embedder.EmbedderMonitor" />
			<role name="Context" element="org.jbehave.core.embedder.Embedder" />
			<role name="state" element="org.jbehave.core.embedder.Embedder::embedderMonitor:org.jbehave.core.embedder.EmbedderMonitor" />
			<role name="Request()" element="org.jbehave.core.embedder.Embedder::mapStoriesAsPaths(java.util.List):void" />
			<role name="Request()" element="org.jbehave.core.embedder.Embedder::generateMapsView(org.jbehave.core.model.StoryMaps):void" />
			<role name="Request()" element="org.jbehave.core.embedder.Embedder::runAsEmbeddables(java.util.List):void" />
			<role name="Request()" element="org.jbehave.core.embedder.Embedder::runStoriesWithAnnotatedEmbedderRunner(java.util.List):void" />
			<role name="Request()" element="org.jbehave.core.embedder.Embedder::runStoriesAsPaths(java.util.List):void" />
			<role name="Request()" element="org.jbehave.core.embedder.Embedder::handleFailures(org.jbehave.core.failures.BatchFailures):void" />
			<role name="Request()" element="org.jbehave.core.embedder.Embedder::handleFailures(org.jbehave.core.reporters.ReportsCount):void" />
			<role name="Request()" element="org.jbehave.core.embedder.Embedder::generateReportsView(java.io.File, java.util.List, java.util.Properties):void" />
			<role name="Request()" element="org.jbehave.core.embedder.Embedder::reportStepdocsAsEmbeddables(java.util.List):void" />
			<role name="Request()" element="org.jbehave.core.embedder.Embedder::processSystemProperties():void" />
			<role name="Request()" element="org.jbehave.core.embedder.Embedder::useExecutorService(java.util.concurrent.ExecutorService):void" />
		</instance>
		<instance>
			<role name="State" element="org.jbehave.core.embedder.EmbedderMonitor" />
			<role name="Context" element="org.jbehave.core.embedder.MetaFilter" />
			<role name="state" element="org.jbehave.core.embedder.MetaFilter::monitor:org.jbehave.core.embedder.EmbedderMonitor" />
			<role name="Request()" element="org.jbehave.core.embedder.MetaFilter::excluded(org.jbehave.core.model.Meta):boolean" />
		</instance>
		<instance>
			<role name="State" element="org.jbehave.core.embedder.EmbedderMonitor" />
			<role name="Context" element="org.jbehave.core.embedder.StoryTimeouts" />
			<role name="state" element="org.jbehave.core.embedder.StoryTimeouts::embedderMonitor:org.jbehave.core.embedder.EmbedderMonitor" />
			<role name="Request()" element="org.jbehave.core.embedder.StoryTimeouts::getTimeoutInSecs(org.jbehave.core.model.Story):long" />
		</instance>
		<instance>
			<role name="State" element="org.jbehave.core.io.ResourceLoader" />
			<role name="Context" element="org.jbehave.core.model.ExamplesTableFactory" />
			<role name="state" element="org.jbehave.core.model.ExamplesTableFactory::resourceLoader:org.jbehave.core.io.ResourceLoader" />
			<role name="Request()" element="org.jbehave.core.model.ExamplesTableFactory::createExamplesTable(java.lang.String):org.jbehave.core.model.ExamplesTable" />
		</instance>
		<instance>
			<role name="State" element="org.jbehave.core.io.ResourceLoader" />
			<role name="Context" element="org.jbehave.core.steps.ParameterConverters$JsonFactory" />
			<role name="state" element="org.jbehave.core.steps.ParameterConverters$JsonFactory::resourceLoader:org.jbehave.core.io.ResourceLoader" />
			<role name="Request()" element="org.jbehave.core.steps.ParameterConverters$JsonFactory::createJson(java.lang.String, java.lang.reflect.Type):java.lang.Object" />
		</instance>
		<instance>
			<role name="State" element="org.jbehave.core.steps.InjectableStepsFactory" />
			<role name="Context" element="org.jbehave.core.embedder.StoryManager" />
			<role name="state" element="org.jbehave.core.embedder.StoryManager::stepsFactory:org.jbehave.core.steps.InjectableStepsFactory" />
			<role name="Request()" element="org.jbehave.core.embedder.StoryManager::runStories(java.util.List, org.jbehave.core.embedder.MetaFilter, org.jbehave.core.failures.BatchFailures):void" />
		</instance>
		<instance>
			<role name="State" element="org.jbehave.core.steps.InjectableStepsFactory" />
			<role name="Context" element="org.jbehave.core.steps.StepCreator" />
			<role name="state" element="org.jbehave.core.steps.StepCreator::stepsFactory:org.jbehave.core.steps.InjectableStepsFactory" />
			<role name="Request()" element="org.jbehave.core.steps.StepCreator::stepsInstance():java.lang.Object" />
		</instance>
		<instance>
			<role name="State" element="org.jbehave.core.steps.StepMonitor" />
			<role name="Context" element="org.jbehave.core.steps.StepCreator" />
			<role name="state" element="org.jbehave.core.steps.StepCreator::stepMonitor:org.jbehave.core.steps.StepMonitor" />
			<role name="Request()" element="org.jbehave.core.steps.StepCreator::parameterForPosition(java.util.regex.Matcher, int, org.jbehave.core.steps.StepCreator$ParameterName[], java.util.Map, boolean):java.lang.String" />
			<role name="Request()" element="org.jbehave.core.steps.StepCreator::monitorUsingTableNameForParameter(java.lang.String, int, boolean):void" />
			<role name="Request()" element="org.jbehave.core.steps.StepCreator::monitorUsingNameForParameter(java.lang.String, int, boolean):void" />
		</instance>
		<instance>
			<role name="State" element="org.jbehave.core.steps.StepMonitor" />
			<role name="Context" element="org.jbehave.core.steps.ParameterConverters" />
			<role name="state" element="org.jbehave.core.steps.ParameterConverters::monitor:org.jbehave.core.steps.StepMonitor" />
			<role name="Request()" element="org.jbehave.core.steps.ParameterConverters::convert(java.lang.Object, java.lang.Class, java.lang.reflect.Type):java.lang.Object" />
		</instance>
		<instance>
			<role name="Context" element="org.jbehave.core.configuration.AnnotationBuilder" />
			<role name="State" element="org.jbehave.core.configuration.AnnotationMonitor" />
			<role name="state" element="org.jbehave.core.configuration.AnnotationBuilder::annotationMonitor:org.jbehave.core.configuration.AnnotationMonitor" />
			<role name="Request()" element="org.jbehave.core.configuration.AnnotationBuilder::buildStepsFactory(org.jbehave.core.configuration.Configuration):org.jbehave.core.steps.InjectableStepsFactory" />
			<role name="Request()" element="org.jbehave.core.configuration.AnnotationBuilder::instanceOf(, java.lang.Class):java.lang.Object" />
			<role name="Request()" element="org.jbehave.core.configuration.AnnotationBuilder::injectEmbedder(org.jbehave.core.embedder.Embedder, java.lang.Class):java.lang.Object" />
		</instance>
		<instance>
			<role name="Context" element="org.jbehave.core.reporters.SilentSuccessFilter" />
			<role name="State" element="org.jbehave.core.reporters.SilentSuccessFilter$State" />
			<role name="state" element="org.jbehave.core.reporters.SilentSuccessFilter::runState:org.jbehave.core.reporters.SilentSuccessFilter$State" />
			<role name="state" element="org.jbehave.core.reporters.SilentSuccessFilter::beforeStoryState:org.jbehave.core.reporters.SilentSuccessFilter$State" />
			<role name="state" element="org.jbehave.core.reporters.SilentSuccessFilter::afterStoryState:org.jbehave.core.reporters.SilentSuccessFilter$State" />
			<role name="state" element="org.jbehave.core.reporters.SilentSuccessFilter::scenarioState:org.jbehave.core.reporters.SilentSuccessFilter$State" />
			<role name="Request()" element="org.jbehave.core.reporters.SilentSuccessFilter::dryRun():void" />
			<role name="Request()" element="org.jbehave.core.reporters.SilentSuccessFilter::pendingMethods(java.util.List):void" />
			<role name="Request()" element="org.jbehave.core.reporters.SilentSuccessFilter::narrative(org.jbehave.core.model.Narrative):void" />
			<role name="Request()" element="org.jbehave.core.reporters.SilentSuccessFilter::lifecycle(org.jbehave.core.model.Lifecycle):void" />
			<role name="Request()" element="org.jbehave.core.reporters.SilentSuccessFilter::storyExcluded(org.jbehave.core.model.Story, java.lang.String):void" />
			<role name="Request()" element="org.jbehave.core.reporters.SilentSuccessFilter::afterStory(boolean):void" />
			<role name="Request()" element="org.jbehave.core.reporters.SilentSuccessFilter::afterScenario(org.jbehave.core.steps.Timing):void" />
			<role name="Request()" element="org.jbehave.core.reporters.SilentSuccessFilter::scenarioExcluded(org.jbehave.core.model.Scenario, java.lang.String):void" />
		</instance>
		<instance>
			<role name="Context" element="org.jbehave.core.embedder.MetaFilter" />
			<role name="State" element="org.jbehave.core.embedder.MetaFilter$MetaMatcher" />
			<role name="state" element="org.jbehave.core.embedder.MetaFilter::filterMatcher:org.jbehave.core.embedder.MetaFilter$MetaMatcher" />
			<role name="Request()" element="org.jbehave.core.embedder.MetaFilter::excluded(org.jbehave.core.model.Meta):boolean" />
		</instance>
		<instance>
			<role name="Context" element="org.jbehave.core.steps.Steps" />
			<role name="State" element="org.jbehave.core.steps.InjectableStepsFactory" />
			<role name="state" element="org.jbehave.core.steps.Steps::stepsFactory:org.jbehave.core.steps.InjectableStepsFactory" />
			<role name="Request()" element="org.jbehave.core.steps.Steps::instance():java.lang.Object" />
		</instance>
		<instance>
			<role name="Context" element="org.jbehave.io.ArchivingFileManager" />
			<role name="State" element="org.jbehave.io.FileMonitor" />
			<role name="state" element="org.jbehave.io.ArchivingFileManager::monitor:org.jbehave.io.FileMonitor" />
			<role name="Request()" element="org.jbehave.io.ArchivingFileManager::list():java.util.List" />
			<role name="Request()" element="org.jbehave.io.ArchivingFileManager::listContent(java.io.File, boolean):java.util.List" />
			<role name="Request()" element="org.jbehave.io.ArchivingFileManager::deleteFile(java.io.File):void" />
			<role name="Request()" element="org.jbehave.io.ArchivingFileManager::upload(java.util.List, java.util.List):java.util.List" />
			<role name="Request()" element="org.jbehave.io.ArchivingFileManager::unarchiveFiles(java.util.List, java.util.List):void" />
		</instance>
		<instance>
			<role name="Context" element="org.jbehave.io.ArchivingFileManager" />
			<role name="State" element="org.jbehave.io.FileArchiver" />
			<role name="state" element="org.jbehave.io.ArchivingFileManager::archiver:org.jbehave.io.FileArchiver" />
			<role name="Request()" element="org.jbehave.io.ArchivingFileManager::listContent(java.io.File, boolean):java.util.List" />
			<role name="Request()" element="org.jbehave.io.ArchivingFileManager::deleteFile(java.io.File):void" />
			<role name="Request()" element="org.jbehave.io.ArchivingFileManager::unarchiveFiles(java.util.List, java.util.List):void" />
		</instance>
		<instance>
			<role name="Context" element="org.jbehave.core.reporters.TemplateableOutput" />
			<role name="State" element="org.jbehave.core.reporters.TemplateProcessor" />
			<role name="state" element="org.jbehave.core.reporters.TemplateableOutput::processor:org.jbehave.core.reporters.TemplateProcessor" />
			<role name="Request()" element="org.jbehave.core.reporters.TemplateableOutput::write(java.io.File, java.lang.String, java.util.Map):java.io.File" />
		</instance>
		<instance>
			<role name="Context" element="org.jbehave.core.steps.ParameterConverters$MethodReturningConverter" />
			<role name="State" element="org.jbehave.core.steps.InjectableStepsFactory" />
			<role name="state" element="org.jbehave.core.steps.ParameterConverters$MethodReturningConverter::stepsFactory:org.jbehave.core.steps.InjectableStepsFactory" />
			<role name="Request()" element="org.jbehave.core.steps.ParameterConverters$MethodReturningConverter::instance():java.lang.Object" />
		</instance>
		<instance>
			<role name="Context" element="org.jbehave.core.model.ExamplesTable" />
			<role name="State" element="org.jbehave.core.model.TableTransformerMonitor" />
			<role name="state" element="org.jbehave.core.model.ExamplesTable::tableTransformerMonitor:org.jbehave.core.model.TableTransformerMonitor" />
			<role name="Request()" element="org.jbehave.core.model.ExamplesTable::applyTransformers(org.jbehave.core.model.TableTransformers, java.lang.String, org.jbehave.core.model.TableParsers):java.lang.String" />
		</instance>
		<instance>
			<role name="State" element="org.jbehave.core.parsers.StepMatcher" />
			<role name="Context" element="org.jbehave.core.steps.StepCreator" />
			<role name="state" element="org.jbehave.core.steps.StepCreator::stepMatcher:org.jbehave.core.parsers.StepMatcher" />
			<role name="Request()" element="org.jbehave.core.steps.StepCreator::matchedParameters(java.lang.reflect.Method, java.lang.String, java.util.Map):java.util.Map" />
			<role name="Request()" element="org.jbehave.core.steps.StepCreator::parameterNames(java.lang.reflect.Method):org.jbehave.core.steps.StepCreator$ParameterName[]" />
			<role name="Request()" element="org.jbehave.core.steps.StepCreator::matchedParameter(java.util.regex.Matcher, java.lang.String):java.lang.String" />
			<role name="Request()" element="org.jbehave.core.steps.StepCreator::matchedParameter(java.util.regex.Matcher, int):java.lang.String" />
			<role name="Request()" element="org.jbehave.core.steps.StepCreator::isGroupName(java.lang.String):boolean" />
		</instance>
		<instance>
			<role name="Context" element="org.jbehave.core.reporters.SurefireReporter" />
			<role name="State" element="org.jbehave.core.reporters.TemplateProcessor" />
			<role name="state" element="org.jbehave.core.reporters.SurefireReporter::processor:org.jbehave.core.reporters.TemplateProcessor" />
			<role name="Request()" element="org.jbehave.core.reporters.SurefireReporter::generateReport(java.util.List, java.io.File):void" />
		</instance>
		<instance>
			<role name="Context" element="org.jbehave.core.model.StoryLanes" />
			<role name="State" element="org.jbehave.core.io.StoryNameResolver" />
			<role name="state" element="org.jbehave.core.model.StoryLanes::nameResolver:org.jbehave.core.io.StoryNameResolver" />
			<role name="Request()" element="org.jbehave.core.model.StoryLanes::nameStories(java.util.List):void" />
		</instance>
		<instance>
			<role name="Context" element="org.jbehave.core.reporters.TemplateableViewGenerator$Reports" />
			<role name="State" element="org.jbehave.core.io.StoryNameResolver" />
			<role name="state" element="org.jbehave.core.reporters.TemplateableViewGenerator$Reports::nameResolver:org.jbehave.core.io.StoryNameResolver" />
			<role name="Request()" element="org.jbehave.core.reporters.TemplateableViewGenerator$Reports::index(java.util.List):void" />
			<role name="Request()" element="org.jbehave.core.reporters.TemplateableViewGenerator$Reports::addTotalsReport():void" />
		</instance>
		<instance>
			<role name="Context" element="org.jbehave.core.junit.AnnotatedPathRunner" />
			<role name="State" element="org.jbehave.core.io.StoryNameResolver" />
			<role name="state" element="org.jbehave.core.junit.AnnotatedPathRunner::nameResolver:org.jbehave.core.io.StoryNameResolver" />
			<role name="Request()" element="org.jbehave.core.junit.AnnotatedPathRunner::createDescriptionForPath(java.lang.String):org.junit.runner.Description" />
		</instance>
		<instance>
			<role name="Context" element="org.jbehave.core.parsers.TransformingStoryParser" />
			<role name="State" element="org.jbehave.core.parsers.StoryTransformer" />
			<role name="state" element="org.jbehave.core.parsers.TransformingStoryParser::transformers:org.jbehave.core.parsers.StoryTransformer[]" />
			<role name="Request()" element="org.jbehave.core.parsers.TransformingStoryParser::transform(java.lang.String):java.lang.String" />
		</instance>
		<instance>
			<role name="Context" element="org.jbehave.core.reporters.TemplateableViewGenerator" />
			<role name="State" element="org.jbehave.core.reporters.TemplateProcessor" />
			<role name="state" element="org.jbehave.core.reporters.TemplateableViewGenerator::processor:org.jbehave.core.reporters.TemplateProcessor" />
			<role name="Request()" element="org.jbehave.core.reporters.TemplateableViewGenerator::write(java.io.File, java.lang.String, java.lang.String, java.util.Map):java.io.File" />
		</instance>
		<instance>
			<role name="Context" element="org.jbehave.core.steps.StepCandidate" />
			<role name="State" element="org.jbehave.core.parsers.StepMatcher" />
			<role name="state" element="org.jbehave.core.steps.StepCandidate::stepMatcher:org.jbehave.core.parsers.StepMatcher" />
			<role name="Request()" element="org.jbehave.core.steps.StepCandidate::matches(java.lang.String, java.lang.String):boolean" />
		</instance>
		<instance>
			<role name="Context" element="org.jbehave.core.steps.StepCandidate" />
			<role name="State" element="org.jbehave.core.steps.StepMonitor" />
			<role name="state" element="org.jbehave.core.steps.StepCandidate::stepMonitor:org.jbehave.core.steps.StepMonitor" />
			<role name="Request()" element="org.jbehave.core.steps.StepCandidate::matches(java.lang.String, java.lang.String):boolean" />
		</instance>
		<instance>
			<role name="Context" element="org.jbehave.core.expressions.ExpressionResolver" />
			<role name="State" element="org.jbehave.core.expressions.ExpressionResolverMonitor" />
			<role name="state" element="org.jbehave.core.expressions.ExpressionResolver::expressionResolverMonitor:org.jbehave.core.expressions.ExpressionResolverMonitor" />
			<role name="Request()" element="org.jbehave.core.expressions.ExpressionResolver::resolveExpressions(boolean, java.lang.String):java.lang.Object" />
		</instance>
		<instance>
			<role name="Context" element="org.jbehave.core.io.rest.filesystem.ImportToFilesystem" />
			<role name="State" element="org.jbehave.core.io.ResourceLoader" />
			<role name="state" element="org.jbehave.core.io.rest.filesystem.ImportToFilesystem::loader:org.jbehave.core.io.ResourceLoader" />
			<role name="Request()" element="org.jbehave.core.io.rest.filesystem.ImportToFilesystem::loadResources(java.util.Map):void" />
		</instance>
		<instance>
			<role name="Context" element="org.jbehave.core.io.rest.filesystem.ExportFromFilesystem" />
			<role name="State" element="org.jbehave.core.io.rest.ResourceIndexer" />
			<role name="state" element="org.jbehave.core.io.rest.filesystem.ExportFromFilesystem::indexer:org.jbehave.core.io.rest.ResourceIndexer" />
			<role name="Request()" element="org.jbehave.core.io.rest.filesystem.ExportFromFilesystem::exportResources(java.lang.String):void" />
		</instance>
		<instance>
			<role name="Context" element="org.jbehave.core.io.rest.filesystem.ImportToFilesystem" />
			<role name="State" element="org.jbehave.core.io.rest.ResourceIndexer" />
			<role name="state" element="org.jbehave.core.io.rest.filesystem.ImportToFilesystem::indexer:org.jbehave.core.io.rest.ResourceIndexer" />
			<role name="Request()" element="org.jbehave.core.io.rest.filesystem.ImportToFilesystem::importResources(java.lang.String):void" />
		</instance>
		<instance>
			<role name="Context" element="org.jbehave.core.io.rest.filesystem.ExportFromFilesystem" />
			<role name="State" element="org.jbehave.core.io.rest.ResourceUploader" />
			<role name="state" element="org.jbehave.core.io.rest.filesystem.ExportFromFilesystem::uploader:org.jbehave.core.io.rest.ResourceUploader" />
			<role name="Request()" element="org.jbehave.core.io.rest.filesystem.ExportFromFilesystem::uploadResources(java.util.Map):void" />
		</instance>
		<instance>
			<role name="Context" element="org.jbehave.core.steps.StepCreator$ConditionalStep" />
			<role name="State" element="org.jbehave.core.condition.StepConditionMatcher" />
			<role name="state" element="org.jbehave.core.steps.StepCreator$ConditionalStep::stepConditionMatcher:org.jbehave.core.condition.StepConditionMatcher" />
			<role name="Request()" element="org.jbehave.core.steps.StepCreator$ConditionalStep::performConditionalStep(org.jbehave.core.reporters.StoryReporter, java.util.function.Function):org.jbehave.core.steps.StepResult" />
		</instance>
		<instance>
			<role name="Context" element="org.jbehave.core.steps.StepCandidate" />
			<role name="State" element="org.jbehave.core.steps.InjectableStepsFactory" />
			<role name="state" element="org.jbehave.core.steps.StepCandidate::stepsFactory:org.jbehave.core.steps.InjectableStepsFactory" />
			<role name="Request()" element="org.jbehave.core.steps.StepCandidate::getStepsInstance():java.lang.Object" />
		</instance>
		<instance>
			<role name="Context" element="org.jbehave.core.steps.ContextStepMonitor" />
			<role name="State" element="org.jbehave.core.context.ContextView" />
			<role name="state" element="org.jbehave.core.steps.ContextStepMonitor::view:org.jbehave.core.context.ContextView" />
			<role name="Request()" element="org.jbehave.core.steps.ContextStepMonitor::beforePerforming(java.lang.String, boolean, java.lang.reflect.Method):void" />
		</instance>
	</pattern>
	<pattern name="Strategy">
		<instance>
			<role name="Context" element="org.jbehave.core.steps.StepFinder" />
			<role name="Strategy" element="org.jbehave.core.steps.StepFinder$PrioritisingStrategy" />
			<role name="strategy" element="org.jbehave.core.steps.StepFinder::prioritisingStrategy:org.jbehave.core.steps.StepFinder$PrioritisingStrategy" />
			<role name="ContextInterface()" element="org.jbehave.core.steps.StepFinder::prioritise(java.lang.String, java.util.List):java.util.List" />
		</instance>
		<instance>
			<role name="Context" element="org.jbehave.core.reporters.SurefireReporter$TestSuite" />
			<role name="Strategy" element="org.jbehave.core.reporters.SurefireReporter$TestCaseNamingStrategy" />
			<role name="strategy" element="org.jbehave.core.reporters.SurefireReporter$TestSuite::namingStrategy:org.jbehave.core.reporters.SurefireReporter$TestCaseNamingStrategy" />
			<role name="ContextInterface()" element="org.jbehave.core.reporters.SurefireReporter$TestSuite::collectTestCases(java.util.List):java.util.List" />
		</instance>
	</pattern>
	<pattern name="Bridge">
		<instance>
			<role name="Abstraction" element="org.jbehave.core.embedder.PerformableTree$PerformableEntity" />
			<role name="Implementor" element="org.jbehave.core.embedder.PerformableTree$LifecycleStepsExecutionHook" />
			<role name="implementor" element="org.jbehave.core.embedder.PerformableTree$PerformableEntity::beforeHook:org.jbehave.core.embedder.PerformableTree$LifecycleStepsExecutionHook" />
			<role name="implementor" element="org.jbehave.core.embedder.PerformableTree$PerformableEntity::afterHook:org.jbehave.core.embedder.PerformableTree$LifecycleStepsExecutionHook" />
			<role name="Operation()" element="org.jbehave.core.embedder.PerformableTree$PerformableEntity::performHookSteps(org.jbehave.core.embedder.PerformableTree$RunContext, org.jbehave.core.steps.StepCollector$Stage, org.jbehave.core.model.Lifecycle$ExecutionType):void" />
		</instance>
		<instance>
			<role name="Abstraction" element="org.jbehave.core.io.rest.IndexWithBreadcrumbs" />
			<role name="Implementor" element="org.jbehave.core.io.rest.ResourceNameResolver" />
			<role name="implementor" element="org.jbehave.core.io.rest.IndexWithBreadcrumbs::nameResolver:org.jbehave.core.io.rest.ResourceNameResolver" />
			<role name="Operation()" element="org.jbehave.core.io.rest.IndexWithBreadcrumbs::resolveName(java.lang.String):java.lang.String" />
		</instance>
	</pattern>
	<pattern name="Template Method">
		<instance>
			<role name="AbstractClass" element="org.jbehave.core.steps.AbstractStepsFactory" />
			<role name="TemplateMethod()" element="org.jbehave.core.steps.AbstractStepsFactory::createCandidateSteps():java.util.List" />
		</instance>
		<instance>
			<role name="AbstractClass" element="org.jbehave.core.io.AbstractStoryPathResolver" />
			<role name="TemplateMethod()" element="org.jbehave.core.io.AbstractStoryPathResolver::resolve(java.lang.Class):java.lang.String" />
		</instance>
		<instance>
			<role name="AbstractClass" element="org.jbehave.core.io.rest.IndexWithBreadcrumbs" />
			<role name="TemplateMethod()" element="org.jbehave.core.io.rest.IndexWithBreadcrumbs::indexResources(java.lang.String):java.util.Map" />
		</instance>
		<instance>
			<role name="AbstractClass" element="org.jbehave.core.junit.JupiterStories" />
			<role name="TemplateMethod()" element="org.jbehave.core.junit.JupiterStories::run():void" />
		</instance>
		<instance>
			<role name="AbstractClass" element="org.jbehave.core.configuration.PrintingAnnotationMonitor" />
			<role name="TemplateMethod()" element="org.jbehave.core.configuration.PrintingAnnotationMonitor::elementCreationFailed(java.lang.Class, java.lang.Exception):void" />
			<role name="TemplateMethod()" element="org.jbehave.core.configuration.PrintingAnnotationMonitor::annotationNotFound(java.lang.Class, java.lang.Object):void" />
		</instance>
		<instance>
			<role name="AbstractClass" element="org.jbehave.core.embedder.PrintingEmbedderMonitor" />
			<role name="TemplateMethod()" element="org.jbehave.core.embedder.PrintingEmbedderMonitor::batchFailed(org.jbehave.core.failures.BatchFailures):void" />
			<role name="TemplateMethod()" element="org.jbehave.core.embedder.PrintingEmbedderMonitor::beforeOrAfterStoriesFailed():void" />
			<role name="TemplateMethod()" element="org.jbehave.core.embedder.PrintingEmbedderMonitor::embeddableFailed(java.lang.String, java.lang.Throwable):void" />
			<role name="TemplateMethod()" element="org.jbehave.core.embedder.PrintingEmbedderMonitor::embeddableNotConfigurable(java.lang.String):void" />
			<role name="TemplateMethod()" element="org.jbehave.core.embedder.PrintingEmbedderMonitor::embeddablesSkipped(java.util.List):void" />
			<role name="TemplateMethod()" element="org.jbehave.core.embedder.PrintingEmbedderMonitor::metaExcluded(org.jbehave.core.model.Meta, org.jbehave.core.embedder.MetaFilter):void" />
			<role name="TemplateMethod()" element="org.jbehave.core.embedder.PrintingEmbedderMonitor::runningEmbeddable(java.lang.String):void" />
			<role name="TemplateMethod()" element="org.jbehave.core.embedder.PrintingEmbedderMonitor::runningStory(java.lang.String):void" />
			<role name="TemplateMethod()" element="org.jbehave.core.embedder.PrintingEmbedderMonitor::storyFailed(java.lang.String, java.lang.Throwable):void" />
			<role name="TemplateMethod()" element="org.jbehave.core.embedder.PrintingEmbedderMonitor::storiesSkipped(java.util.List):void" />
			<role name="TemplateMethod()" element="org.jbehave.core.embedder.PrintingEmbedderMonitor::storiesExcluded(java.util.List, org.jbehave.core.embedder.MetaFilter, boolean):void" />
			<role name="TemplateMethod()" element="org.jbehave.core.embedder.PrintingEmbedderMonitor::scenarioExcluded(org.jbehave.core.model.Scenario, org.jbehave.core.embedder.MetaFilter):void" />
			<role name="TemplateMethod()" element="org.jbehave.core.embedder.PrintingEmbedderMonitor::runningWithAnnotatedEmbedderRunner(java.lang.String):void" />
			<role name="TemplateMethod()" element="org.jbehave.core.embedder.PrintingEmbedderMonitor::annotatedInstanceNotOfType(java.lang.Object, java.lang.Class):void" />
			<role name="TemplateMethod()" element="org.jbehave.core.embedder.PrintingEmbedderMonitor::generatingReportsView(java.io.File, java.util.List, java.util.Properties):void" />
			<role name="TemplateMethod()" element="org.jbehave.core.embedder.PrintingEmbedderMonitor::reportsViewGenerationFailed(java.io.File, java.util.List, java.util.Properties, java.lang.Throwable):void" />
			<role name="TemplateMethod()" element="org.jbehave.core.embedder.PrintingEmbedderMonitor::reportsViewGenerated(org.jbehave.core.reporters.ReportsCount):void" />
			<role name="TemplateMethod()" element="org.jbehave.core.embedder.PrintingEmbedderMonitor::reportsViewFailures(org.jbehave.core.reporters.ReportsCount):void" />
			<role name="TemplateMethod()" element="org.jbehave.core.embedder.PrintingEmbedderMonitor::reportsViewNotGenerated():void" />
			<role name="TemplateMethod()" element="org.jbehave.core.embedder.PrintingEmbedderMonitor::mappingStory(java.lang.String, java.util.List):void" />
			<role name="TemplateMethod()" element="org.jbehave.core.embedder.PrintingEmbedderMonitor::generatingMapsView(java.io.File, org.jbehave.core.model.StoryMaps, java.util.Properties):void" />
			<role name="TemplateMethod()" element="org.jbehave.core.embedder.PrintingEmbedderMonitor::mapsViewGenerationFailed(java.io.File, org.jbehave.core.model.StoryMaps, java.util.Properties, java.lang.Throwable):void" />
			<role name="TemplateMethod()" element="org.jbehave.core.embedder.PrintingEmbedderMonitor::processingSystemProperties(java.util.Properties):void" />
			<role name="TemplateMethod()" element="org.jbehave.core.embedder.PrintingEmbedderMonitor::systemPropertySet(java.lang.String, java.lang.String):void" />
			<role name="TemplateMethod()" element="org.jbehave.core.embedder.PrintingEmbedderMonitor::storyTimeout(org.jbehave.core.model.Story, org.jbehave.core.model.StoryDuration):void" />
			<role name="TemplateMethod()" element="org.jbehave.core.embedder.PrintingEmbedderMonitor::usingThreads(int):void" />
			<role name="TemplateMethod()" element="org.jbehave.core.embedder.PrintingEmbedderMonitor::usingExecutorService(java.util.concurrent.ExecutorService):void" />
			<role name="TemplateMethod()" element="org.jbehave.core.embedder.PrintingEmbedderMonitor::usingControls(org.jbehave.core.embedder.EmbedderControls):void" />
			<role name="TemplateMethod()" element="org.jbehave.core.embedder.PrintingEmbedderMonitor::invalidTimeoutFormat(java.lang.String):void" />
			<role name="TemplateMethod()" element="org.jbehave.core.embedder.PrintingEmbedderMonitor::usingTimeout(java.lang.String, long):void" />
		</instance>
		<instance>
			<role name="AbstractClass" element="org.jbehave.core.expressions.PrintingExpressionResolverMonitor" />
			<role name="TemplateMethod()" element="org.jbehave.core.expressions.PrintingExpressionResolverMonitor::onExpressionProcessingError(java.lang.String, java.lang.RuntimeException):void" />
		</instance>
		<instance>
			<role name="AbstractClass" element="org.jbehave.core.reporters.PrintingStepdocReporter" />
			<role name="TemplateMethod()" element="org.jbehave.core.reporters.PrintingStepdocReporter::stepdocsMatching(java.lang.String, java.util.List, java.util.List):void" />
			<role name="TemplateMethod()" element="org.jbehave.core.reporters.PrintingStepdocReporter::outputStepdocs(java.util.List):void" />
			<role name="TemplateMethod()" element="org.jbehave.core.reporters.PrintingStepdocReporter::outputStepsInstances(java.util.List):void" />
		</instance>
		<instance>
			<role name="AbstractClass" element="org.jbehave.core.steps.PrintingStepMonitor" />
			<role name="TemplateMethod()" element="org.jbehave.core.steps.PrintingStepMonitor::stepMatchesType(java.lang.String, java.lang.String, boolean, org.jbehave.core.steps.StepType, java.lang.reflect.Method, java.lang.Object):void" />
			<role name="TemplateMethod()" element="org.jbehave.core.steps.PrintingStepMonitor::stepMatchesPattern(java.lang.String, boolean, org.jbehave.core.model.StepPattern, java.lang.reflect.Method, java.lang.Object):void" />
			<role name="TemplateMethod()" element="org.jbehave.core.steps.PrintingStepMonitor::convertedValueOfType(java.lang.String, java.lang.reflect.Type, java.lang.Object, java.util.Queue):void" />
			<role name="TemplateMethod()" element="org.jbehave.core.steps.PrintingStepMonitor::beforePerforming(java.lang.String, boolean, java.lang.reflect.Method):void" />
			<role name="TemplateMethod()" element="org.jbehave.core.steps.PrintingStepMonitor::usingAnnotatedNameForParameter(java.lang.String, int):void" />
			<role name="TemplateMethod()" element="org.jbehave.core.steps.PrintingStepMonitor::usingParameterNameForParameter(java.lang.String, int):void" />
			<role name="TemplateMethod()" element="org.jbehave.core.steps.PrintingStepMonitor::usingTableAnnotatedNameForParameter(java.lang.String, int):void" />
			<role name="TemplateMethod()" element="org.jbehave.core.steps.PrintingStepMonitor::usingTableParameterNameForParameter(java.lang.String, int):void" />
			<role name="TemplateMethod()" element="org.jbehave.core.steps.PrintingStepMonitor::usingNaturalOrderForParameter(int):void" />
			<role name="TemplateMethod()" element="org.jbehave.core.steps.PrintingStepMonitor::foundParameter(java.lang.String, int):void" />
			<role name="TemplateMethod()" element="org.jbehave.core.steps.PrintingStepMonitor::usingStepsContextParameter(java.lang.String):void" />
		</instance>
		<instance>
			<role name="AbstractClass" element="org.jbehave.core.steps.StepCreator$ReportingAbstractStep" />
			<role name="TemplateMethod()" element="org.jbehave.core.steps.StepCreator$ReportingAbstractStep::perform(org.jbehave.core.reporters.StoryReporter, org.jbehave.core.failures.UUIDExceptionWrapper):org.jbehave.core.steps.StepResult" />
		</instance>
	</pattern>
	<pattern name="Visitor" />
	<pattern name="Proxy">
		<instance>
			<role name="Proxy" element="org.jbehave.core.embedder.PerformableTree$PerformableScenario" />
			<role name="RealSubject" element="org.jbehave.core.embedder.PerformableTree$NormalPerformableScenario" />
			<role name="Request()" element="org.jbehave.core.embedder.PerformableTree$PerformableScenario::perform(org.jbehave.core.embedder.PerformableTree$RunContext):void" />
		</instance>
	</pattern>
	<pattern name="Proxy2" />
	<pattern name="Chain of Responsibility" />
</system>

