<?xml version="1.0" encoding="UTF-8"?>
<system>
	<pattern name="Factory Method">
		<instance>
			<role name="Creator" element="st.redline.classloader.SourceFinder" />
			<role name="FactoryMethod()" element="st.redline.classloader.SourceFinder::find(java.lang.String):st.redline.classloader.Source" />
		</instance>
	</pattern>
	<pattern name="Prototype" />
	<pattern name="Singleton">
		<instance>
			<role name="Singleton" element="st.redline.core.PrimNil" />
			<role name="uniqueInstance" element="st.redline.core.PrimNil::PRIM_NIL:st.redline.core.PrimNil" />
		</instance>
	</pattern>
	<pattern name="(Object)Adapter">
		<instance>
			<role name="Adaptee" element="st.redline.classloader.SourceReader" />
			<role name="Adapter" element="st.redline.classloader.SmalltalkSourceFile" />
			<role name="adaptee" element="st.redline.classloader.SmalltalkSourceFile::reader:st.redline.classloader.SourceReader" />
			<role name="Request()" element="st.redline.classloader.SmalltalkSourceFile::contents():java.lang.String" />
		</instance>
	</pattern>
	<pattern name="Command" />
	<pattern name="Composite" />
	<pattern name="Decorator" />
	<pattern name="Observer" />
	<pattern name="State">
		<instance>
			<role name="Context" element="st.redline.compiler.Generator" />
			<role name="State" element="st.redline.compiler.SmalltalkVisitor" />
			<role name="state" element="st.redline.compiler.Generator::visitor:st.redline.compiler.SmalltalkVisitor" />
			<role name="Request()" element="st.redline.compiler.Generator::generate():byte[]" />
		</instance>
		<instance>
			<role name="Context" element="st.redline.compiler.Compiler" />
			<role name="State" element="st.redline.classloader.Source" />
			<role name="state" element="st.redline.compiler.Compiler::source:st.redline.classloader.Source" />
			<role name="Request()" element="st.redline.compiler.Compiler::sourceContents():java.lang.String" />
			<role name="Request()" element="st.redline.compiler.Compiler::haveSource():boolean" />
		</instance>
		<instance>
			<role name="Context" element="st.redline.classloader.SmalltalkSourceFile" />
			<role name="State" element="st.redline.classloader.SourceReader" />
			<role name="state" element="st.redline.classloader.SmalltalkSourceFile::reader:st.redline.classloader.SourceReader" />
			<role name="Request()" element="st.redline.classloader.SmalltalkSourceFile::contents():java.lang.String" />
		</instance>
		<instance>
			<role name="Context" element="st.redline.classloader.SmalltalkClassLoader" />
			<role name="State" element="st.redline.classloader.SourceFinder" />
			<role name="state" element="st.redline.classloader.SmalltalkClassLoader::sourceFinder:st.redline.classloader.SourceFinder" />
			<role name="Request()" element="st.redline.classloader.SmalltalkClassLoader::findSource(java.lang.String):st.redline.classloader.Source" />
			<role name="Request()" element="st.redline.classloader.SmalltalkClassLoader::importAll(java.lang.String):void" />
		</instance>
		<instance>
			<role name="Context" element="st.redline.compiler.SmalltalkGeneratingVisitor" />
			<role name="State" element="st.redline.classloader.Source" />
			<role name="state" element="st.redline.compiler.SmalltalkGeneratingVisitor::source:st.redline.classloader.Source" />
			<role name="Request()" element="st.redline.compiler.SmalltalkGeneratingVisitor::className():java.lang.String" />
			<role name="Request()" element="st.redline.compiler.SmalltalkGeneratingVisitor::sourceFileExtension():java.lang.String" />
			<role name="Request()" element="st.redline.compiler.SmalltalkGeneratingVisitor::fullClassName():java.lang.String" />
			<role name="Request()" element="st.redline.compiler.SmalltalkGeneratingVisitor::packageName():java.lang.String" />
		</instance>
	</pattern>
	<pattern name="Strategy" />
	<pattern name="Bridge" />
	<pattern name="Template Method" />
	<pattern name="Visitor" />
	<pattern name="Proxy" />
	<pattern name="Proxy2" />
	<pattern name="Chain of Responsibility" />
</system>

