<?xml version="1.0" encoding="UTF-8"?>
<system>
	<pattern name="Factory Method">
		<instance>
			<role name="Creator" element="org.kie.internal.runtime.conf.DeploymentDescriptor" />
			<role name="FactoryMethod()" element="org.kie.internal.runtime.conf.DeploymentDescriptor::getBuilder():org.kie.internal.runtime.conf.DeploymentDescriptorBuilder" />
		</instance>
	</pattern>
	<pattern name="Prototype" />
	<pattern name="Singleton">
		<instance>
			<role name="Singleton" element="org.kie.internal.utils.CompositeClassLoader$DefaultLoader" />
			<role name="uniqueInstance" element="org.kie.internal.utils.CompositeClassLoader$DefaultLoader::INSTANCE:org.kie.internal.utils.CompositeClassLoader$DefaultLoader" />
		</instance>
		<instance>
			<role name="Singleton" element="org.kie.api.builder.ReleaseIdComparator$ComparableVersion$IntegerItem" />
			<role name="uniqueInstance" element="org.kie.api.builder.ReleaseIdComparator$ComparableVersion$IntegerItem::ZERO:org.kie.api.builder.ReleaseIdComparator$ComparableVersion$IntegerItem" />
		</instance>
		<instance>
			<role name="Singleton" element="org.kie.internal.runtime.manager.RuntimeManagerRegistry" />
			<role name="uniqueInstance" element="org.kie.internal.runtime.manager.RuntimeManagerRegistry::INSTANCE:org.kie.internal.runtime.manager.RuntimeManagerRegistry" />
		</instance>
		<instance>
			<role name="Singleton" element="org.kie.api.conf.SessionsPoolOption" />
			<role name="uniqueInstance" element="org.kie.api.conf.SessionsPoolOption::NO:org.kie.api.conf.SessionsPoolOption" />
		</instance>
		<instance>
			<role name="Singleton" element="org.kie.api.runtime.rule.Variable" />
			<role name="uniqueInstance" element="org.kie.api.runtime.rule.Variable::v:org.kie.api.runtime.rule.Variable" />
		</instance>
	</pattern>
	<pattern name="(Object)Adapter">
		<instance>
			<role name="Adaptee" element="org.kie.internal.runtime.manager.deploy.DeploymentDescriptorImpl" />
			<role name="Adapter" element="org.kie.internal.runtime.manager.deploy.DeploymentDescriptorImpl$1" />
			<role name="adaptee" element="org.kie.internal.runtime.manager.deploy.DeploymentDescriptorImpl$1::descriptor:org.kie.internal.runtime.manager.deploy.DeploymentDescriptorImpl" />
			<role name="Request()" element="org.kie.internal.runtime.manager.deploy.DeploymentDescriptorImpl$1::runtimeStrategy(org.kie.internal.runtime.conf.RuntimeStrategy):org.kie.internal.runtime.conf.DeploymentDescriptorBuilder" />
			<role name="Request()" element="org.kie.internal.runtime.manager.deploy.DeploymentDescriptorImpl$1::persistenceUnit(java.lang.String):org.kie.internal.runtime.conf.DeploymentDescriptorBuilder" />
			<role name="Request()" element="org.kie.internal.runtime.manager.deploy.DeploymentDescriptorImpl$1::persistenceMode(org.kie.internal.runtime.conf.PersistenceMode):org.kie.internal.runtime.conf.DeploymentDescriptorBuilder" />
			<role name="Request()" element="org.kie.internal.runtime.manager.deploy.DeploymentDescriptorImpl$1::auditPersistenceUnit(java.lang.String):org.kie.internal.runtime.conf.DeploymentDescriptorBuilder" />
			<role name="Request()" element="org.kie.internal.runtime.manager.deploy.DeploymentDescriptorImpl$1::auditMode(org.kie.internal.runtime.conf.AuditMode):org.kie.internal.runtime.conf.DeploymentDescriptorBuilder" />
			<role name="Request()" element="org.kie.internal.runtime.manager.deploy.DeploymentDescriptorImpl$1::addWorkItemHandler(org.kie.internal.runtime.conf.NamedObjectModel):org.kie.internal.runtime.conf.DeploymentDescriptorBuilder" />
			<role name="Request()" element="org.kie.internal.runtime.manager.deploy.DeploymentDescriptorImpl$1::addTaskEventListener(org.kie.internal.runtime.conf.ObjectModel):org.kie.internal.runtime.conf.DeploymentDescriptorBuilder" />
			<role name="Request()" element="org.kie.internal.runtime.manager.deploy.DeploymentDescriptorImpl$1::addMarshalingStrategy(org.kie.internal.runtime.conf.ObjectModel):org.kie.internal.runtime.conf.DeploymentDescriptorBuilder" />
			<role name="Request()" element="org.kie.internal.runtime.manager.deploy.DeploymentDescriptorImpl$1::addGlobal(org.kie.internal.runtime.conf.NamedObjectModel):org.kie.internal.runtime.conf.DeploymentDescriptorBuilder" />
			<role name="Request()" element="org.kie.internal.runtime.manager.deploy.DeploymentDescriptorImpl$1::addEventListener(org.kie.internal.runtime.conf.ObjectModel):org.kie.internal.runtime.conf.DeploymentDescriptorBuilder" />
			<role name="Request()" element="org.kie.internal.runtime.manager.deploy.DeploymentDescriptorImpl$1::addEnvironmentEntry(org.kie.internal.runtime.conf.NamedObjectModel):org.kie.internal.runtime.conf.DeploymentDescriptorBuilder" />
			<role name="Request()" element="org.kie.internal.runtime.manager.deploy.DeploymentDescriptorImpl$1::addConfiguration(org.kie.internal.runtime.conf.NamedObjectModel):org.kie.internal.runtime.conf.DeploymentDescriptorBuilder" />
			<role name="Request()" element="org.kie.internal.runtime.manager.deploy.DeploymentDescriptorImpl$1::addRequiredRole(java.lang.String):org.kie.internal.runtime.conf.DeploymentDescriptorBuilder" />
			<role name="Request()" element="org.kie.internal.runtime.manager.deploy.DeploymentDescriptorImpl$1::addClass(java.lang.String):org.kie.internal.runtime.conf.DeploymentDescriptorBuilder" />
			<role name="Request()" element="org.kie.internal.runtime.manager.deploy.DeploymentDescriptorImpl$1::setConfiguration(java.util.List):org.kie.internal.runtime.conf.DeploymentDescriptorBuilder" />
			<role name="Request()" element="org.kie.internal.runtime.manager.deploy.DeploymentDescriptorImpl$1::setEnvironmentEntries(java.util.List):org.kie.internal.runtime.conf.DeploymentDescriptorBuilder" />
			<role name="Request()" element="org.kie.internal.runtime.manager.deploy.DeploymentDescriptorImpl$1::setWorkItemHandlers(java.util.List):org.kie.internal.runtime.conf.DeploymentDescriptorBuilder" />
			<role name="Request()" element="org.kie.internal.runtime.manager.deploy.DeploymentDescriptorImpl$1::setGlobals(java.util.List):org.kie.internal.runtime.conf.DeploymentDescriptorBuilder" />
			<role name="Request()" element="org.kie.internal.runtime.manager.deploy.DeploymentDescriptorImpl$1::setEventListeners(java.util.List):org.kie.internal.runtime.conf.DeploymentDescriptorBuilder" />
			<role name="Request()" element="org.kie.internal.runtime.manager.deploy.DeploymentDescriptorImpl$1::setTaskEventListeners(java.util.List):org.kie.internal.runtime.conf.DeploymentDescriptorBuilder" />
			<role name="Request()" element="org.kie.internal.runtime.manager.deploy.DeploymentDescriptorImpl$1::setMarshalingStrategies(java.util.List):org.kie.internal.runtime.conf.DeploymentDescriptorBuilder" />
			<role name="Request()" element="org.kie.internal.runtime.manager.deploy.DeploymentDescriptorImpl$1::setRequiredRoles(java.util.List):org.kie.internal.runtime.conf.DeploymentDescriptorBuilder" />
			<role name="Request()" element="org.kie.internal.runtime.manager.deploy.DeploymentDescriptorImpl$1::setClasses(java.util.List):org.kie.internal.runtime.conf.DeploymentDescriptorBuilder" />
			<role name="Request()" element="org.kie.internal.runtime.manager.deploy.DeploymentDescriptorImpl$1::setLimitSerializationClasses(java.lang.Boolean):org.kie.internal.runtime.conf.DeploymentDescriptorBuilder" />
		</instance>
		<instance>
			<role name="Adaptee" element="org.kie.internal.runtime.conf.BuilderHandler" />
			<role name="Adapter" element="org.kie.internal.runtime.manager.deploy.DeploymentDescriptorImpl$1" />
			<role name="adaptee" element="org.kie.internal.runtime.manager.deploy.DeploymentDescriptorImpl$1::handler:org.kie.internal.runtime.conf.BuilderHandler" />
			<role name="Request()" element="org.kie.internal.runtime.manager.deploy.DeploymentDescriptorImpl$1::runtimeStrategy(org.kie.internal.runtime.conf.RuntimeStrategy):org.kie.internal.runtime.conf.DeploymentDescriptorBuilder" />
			<role name="Request()" element="org.kie.internal.runtime.manager.deploy.DeploymentDescriptorImpl$1::persistenceUnit(java.lang.String):org.kie.internal.runtime.conf.DeploymentDescriptorBuilder" />
			<role name="Request()" element="org.kie.internal.runtime.manager.deploy.DeploymentDescriptorImpl$1::persistenceMode(org.kie.internal.runtime.conf.PersistenceMode):org.kie.internal.runtime.conf.DeploymentDescriptorBuilder" />
			<role name="Request()" element="org.kie.internal.runtime.manager.deploy.DeploymentDescriptorImpl$1::auditPersistenceUnit(java.lang.String):org.kie.internal.runtime.conf.DeploymentDescriptorBuilder" />
			<role name="Request()" element="org.kie.internal.runtime.manager.deploy.DeploymentDescriptorImpl$1::auditMode(org.kie.internal.runtime.conf.AuditMode):org.kie.internal.runtime.conf.DeploymentDescriptorBuilder" />
			<role name="Request()" element="org.kie.internal.runtime.manager.deploy.DeploymentDescriptorImpl$1::addWorkItemHandler(org.kie.internal.runtime.conf.NamedObjectModel):org.kie.internal.runtime.conf.DeploymentDescriptorBuilder" />
			<role name="Request()" element="org.kie.internal.runtime.manager.deploy.DeploymentDescriptorImpl$1::addTaskEventListener(org.kie.internal.runtime.conf.ObjectModel):org.kie.internal.runtime.conf.DeploymentDescriptorBuilder" />
			<role name="Request()" element="org.kie.internal.runtime.manager.deploy.DeploymentDescriptorImpl$1::addMarshalingStrategy(org.kie.internal.runtime.conf.ObjectModel):org.kie.internal.runtime.conf.DeploymentDescriptorBuilder" />
			<role name="Request()" element="org.kie.internal.runtime.manager.deploy.DeploymentDescriptorImpl$1::addGlobal(org.kie.internal.runtime.conf.NamedObjectModel):org.kie.internal.runtime.conf.DeploymentDescriptorBuilder" />
			<role name="Request()" element="org.kie.internal.runtime.manager.deploy.DeploymentDescriptorImpl$1::addEventListener(org.kie.internal.runtime.conf.ObjectModel):org.kie.internal.runtime.conf.DeploymentDescriptorBuilder" />
			<role name="Request()" element="org.kie.internal.runtime.manager.deploy.DeploymentDescriptorImpl$1::addEnvironmentEntry(org.kie.internal.runtime.conf.NamedObjectModel):org.kie.internal.runtime.conf.DeploymentDescriptorBuilder" />
			<role name="Request()" element="org.kie.internal.runtime.manager.deploy.DeploymentDescriptorImpl$1::addConfiguration(org.kie.internal.runtime.conf.NamedObjectModel):org.kie.internal.runtime.conf.DeploymentDescriptorBuilder" />
			<role name="Request()" element="org.kie.internal.runtime.manager.deploy.DeploymentDescriptorImpl$1::addRequiredRole(java.lang.String):org.kie.internal.runtime.conf.DeploymentDescriptorBuilder" />
			<role name="Request()" element="org.kie.internal.runtime.manager.deploy.DeploymentDescriptorImpl$1::addClass(java.lang.String):org.kie.internal.runtime.conf.DeploymentDescriptorBuilder" />
			<role name="Request()" element="org.kie.internal.runtime.manager.deploy.DeploymentDescriptorImpl$1::setConfiguration(java.util.List):org.kie.internal.runtime.conf.DeploymentDescriptorBuilder" />
			<role name="Request()" element="org.kie.internal.runtime.manager.deploy.DeploymentDescriptorImpl$1::setEnvironmentEntries(java.util.List):org.kie.internal.runtime.conf.DeploymentDescriptorBuilder" />
			<role name="Request()" element="org.kie.internal.runtime.manager.deploy.DeploymentDescriptorImpl$1::setWorkItemHandlers(java.util.List):org.kie.internal.runtime.conf.DeploymentDescriptorBuilder" />
			<role name="Request()" element="org.kie.internal.runtime.manager.deploy.DeploymentDescriptorImpl$1::setGlobals(java.util.List):org.kie.internal.runtime.conf.DeploymentDescriptorBuilder" />
			<role name="Request()" element="org.kie.internal.runtime.manager.deploy.DeploymentDescriptorImpl$1::setEventListeners(java.util.List):org.kie.internal.runtime.conf.DeploymentDescriptorBuilder" />
			<role name="Request()" element="org.kie.internal.runtime.manager.deploy.DeploymentDescriptorImpl$1::setTaskEventListeners(java.util.List):org.kie.internal.runtime.conf.DeploymentDescriptorBuilder" />
			<role name="Request()" element="org.kie.internal.runtime.manager.deploy.DeploymentDescriptorImpl$1::setMarshalingStrategies(java.util.List):org.kie.internal.runtime.conf.DeploymentDescriptorBuilder" />
			<role name="Request()" element="org.kie.internal.runtime.manager.deploy.DeploymentDescriptorImpl$1::setRequiredRoles(java.util.List):org.kie.internal.runtime.conf.DeploymentDescriptorBuilder" />
			<role name="Request()" element="org.kie.internal.runtime.manager.deploy.DeploymentDescriptorImpl$1::setClasses(java.util.List):org.kie.internal.runtime.conf.DeploymentDescriptorBuilder" />
			<role name="Request()" element="org.kie.internal.runtime.manager.deploy.DeploymentDescriptorImpl$1::setLimitSerializationClasses(java.lang.Boolean):org.kie.internal.runtime.conf.DeploymentDescriptorBuilder" />
		</instance>
		<instance>
			<role name="Adaptee" element="org.kie.internal.runtime.conf.MergeMode" />
			<role name="Adapter" element="org.kie.internal.runtime.manager.deploy.DeploymentDescriptorMerger$MergeModeBuildHandler" />
			<role name="adaptee" element="org.kie.internal.runtime.manager.deploy.DeploymentDescriptorMerger$MergeModeBuildHandler::mode:org.kie.internal.runtime.conf.MergeMode" />
			<role name="Request()" element="org.kie.internal.runtime.manager.deploy.DeploymentDescriptorMerger$MergeModeBuildHandler::accepted(java.lang.Object):boolean" />
		</instance>
	</pattern>
	<pattern name="Command" />
	<pattern name="Composite" />
	<pattern name="Decorator" />
	<pattern name="Observer" />
	<pattern name="State">
		<instance>
			<role name="State" element="org.kie.internal.runtime.conf.BuilderHandler" />
			<role name="Context" element="org.kie.internal.runtime.manager.deploy.DeploymentDescriptorImpl$1" />
			<role name="state" element="org.kie.internal.runtime.manager.deploy.DeploymentDescriptorImpl$1::handler:org.kie.internal.runtime.conf.BuilderHandler" />
			<role name="Request()" element="org.kie.internal.runtime.manager.deploy.DeploymentDescriptorImpl$1::runtimeStrategy(org.kie.internal.runtime.conf.RuntimeStrategy):org.kie.internal.runtime.conf.DeploymentDescriptorBuilder" />
			<role name="Request()" element="org.kie.internal.runtime.manager.deploy.DeploymentDescriptorImpl$1::persistenceUnit(java.lang.String):org.kie.internal.runtime.conf.DeploymentDescriptorBuilder" />
			<role name="Request()" element="org.kie.internal.runtime.manager.deploy.DeploymentDescriptorImpl$1::persistenceMode(org.kie.internal.runtime.conf.PersistenceMode):org.kie.internal.runtime.conf.DeploymentDescriptorBuilder" />
			<role name="Request()" element="org.kie.internal.runtime.manager.deploy.DeploymentDescriptorImpl$1::auditPersistenceUnit(java.lang.String):org.kie.internal.runtime.conf.DeploymentDescriptorBuilder" />
			<role name="Request()" element="org.kie.internal.runtime.manager.deploy.DeploymentDescriptorImpl$1::auditMode(org.kie.internal.runtime.conf.AuditMode):org.kie.internal.runtime.conf.DeploymentDescriptorBuilder" />
			<role name="Request()" element="org.kie.internal.runtime.manager.deploy.DeploymentDescriptorImpl$1::addWorkItemHandler(org.kie.internal.runtime.conf.NamedObjectModel):org.kie.internal.runtime.conf.DeploymentDescriptorBuilder" />
			<role name="Request()" element="org.kie.internal.runtime.manager.deploy.DeploymentDescriptorImpl$1::addTaskEventListener(org.kie.internal.runtime.conf.ObjectModel):org.kie.internal.runtime.conf.DeploymentDescriptorBuilder" />
			<role name="Request()" element="org.kie.internal.runtime.manager.deploy.DeploymentDescriptorImpl$1::addMarshalingStrategy(org.kie.internal.runtime.conf.ObjectModel):org.kie.internal.runtime.conf.DeploymentDescriptorBuilder" />
			<role name="Request()" element="org.kie.internal.runtime.manager.deploy.DeploymentDescriptorImpl$1::addGlobal(org.kie.internal.runtime.conf.NamedObjectModel):org.kie.internal.runtime.conf.DeploymentDescriptorBuilder" />
			<role name="Request()" element="org.kie.internal.runtime.manager.deploy.DeploymentDescriptorImpl$1::addEventListener(org.kie.internal.runtime.conf.ObjectModel):org.kie.internal.runtime.conf.DeploymentDescriptorBuilder" />
			<role name="Request()" element="org.kie.internal.runtime.manager.deploy.DeploymentDescriptorImpl$1::addEnvironmentEntry(org.kie.internal.runtime.conf.NamedObjectModel):org.kie.internal.runtime.conf.DeploymentDescriptorBuilder" />
			<role name="Request()" element="org.kie.internal.runtime.manager.deploy.DeploymentDescriptorImpl$1::addConfiguration(org.kie.internal.runtime.conf.NamedObjectModel):org.kie.internal.runtime.conf.DeploymentDescriptorBuilder" />
			<role name="Request()" element="org.kie.internal.runtime.manager.deploy.DeploymentDescriptorImpl$1::addRequiredRole(java.lang.String):org.kie.internal.runtime.conf.DeploymentDescriptorBuilder" />
			<role name="Request()" element="org.kie.internal.runtime.manager.deploy.DeploymentDescriptorImpl$1::addClass(java.lang.String):org.kie.internal.runtime.conf.DeploymentDescriptorBuilder" />
			<role name="Request()" element="org.kie.internal.runtime.manager.deploy.DeploymentDescriptorImpl$1::setConfiguration(java.util.List):org.kie.internal.runtime.conf.DeploymentDescriptorBuilder" />
			<role name="Request()" element="org.kie.internal.runtime.manager.deploy.DeploymentDescriptorImpl$1::setEnvironmentEntries(java.util.List):org.kie.internal.runtime.conf.DeploymentDescriptorBuilder" />
			<role name="Request()" element="org.kie.internal.runtime.manager.deploy.DeploymentDescriptorImpl$1::setWorkItemHandlers(java.util.List):org.kie.internal.runtime.conf.DeploymentDescriptorBuilder" />
			<role name="Request()" element="org.kie.internal.runtime.manager.deploy.DeploymentDescriptorImpl$1::setGlobals(java.util.List):org.kie.internal.runtime.conf.DeploymentDescriptorBuilder" />
			<role name="Request()" element="org.kie.internal.runtime.manager.deploy.DeploymentDescriptorImpl$1::setEventListeners(java.util.List):org.kie.internal.runtime.conf.DeploymentDescriptorBuilder" />
			<role name="Request()" element="org.kie.internal.runtime.manager.deploy.DeploymentDescriptorImpl$1::setTaskEventListeners(java.util.List):org.kie.internal.runtime.conf.DeploymentDescriptorBuilder" />
			<role name="Request()" element="org.kie.internal.runtime.manager.deploy.DeploymentDescriptorImpl$1::setMarshalingStrategies(java.util.List):org.kie.internal.runtime.conf.DeploymentDescriptorBuilder" />
			<role name="Request()" element="org.kie.internal.runtime.manager.deploy.DeploymentDescriptorImpl$1::setRequiredRoles(java.util.List):org.kie.internal.runtime.conf.DeploymentDescriptorBuilder" />
			<role name="Request()" element="org.kie.internal.runtime.manager.deploy.DeploymentDescriptorImpl$1::setClasses(java.util.List):org.kie.internal.runtime.conf.DeploymentDescriptorBuilder" />
			<role name="Request()" element="org.kie.internal.runtime.manager.deploy.DeploymentDescriptorImpl$1::setLimitSerializationClasses(java.lang.Boolean):org.kie.internal.runtime.conf.DeploymentDescriptorBuilder" />
		</instance>
	</pattern>
	<pattern name="Strategy" />
	<pattern name="Bridge" />
	<pattern name="Template Method" />
	<pattern name="Visitor" />
	<pattern name="Proxy" />
	<pattern name="Proxy2" />
	<pattern name="Chain of Responsibility" />
</system>

