<?xml version="1.0" encoding="UTF-8"?>
<system>
	<pattern name="Factory Method">
		<instance>
			<role name="Creator" element="com.garbagemule.MobArena.things.ThingPicker" />
			<role name="FactoryMethod()" element="com.garbagemule.MobArena.things.ThingPicker::pick():com.garbagemule.MobArena.things.Thing" />
		</instance>
		<instance>
			<role name="Creator" element="com.garbagemule.MobArena.things.ThingPickerParser" />
			<role name="FactoryMethod()" element="com.garbagemule.MobArena.things.ThingPickerParser::parse(java.lang.String):com.garbagemule.MobArena.things.ThingPicker" />
		</instance>
	</pattern>
	<pattern name="Prototype" />
	<pattern name="Singleton">
		<instance>
			<role name="Singleton" element="com.garbagemule.MobArena.things.NothingPicker" />
			<role name="uniqueInstance" element="com.garbagemule.MobArena.things.NothingPicker::instance:com.garbagemule.MobArena.things.NothingPicker" />
		</instance>
	</pattern>
	<pattern name="(Object)Adapter">
		<instance>
			<role name="Adapter" element="com.garbagemule.MobArena.ArenaImpl" />
			<role name="Adaptee" element="com.garbagemule.MobArena.MobArena" />
			<role name="adaptee" element="com.garbagemule.MobArena.ArenaImpl::plugin:com.garbagemule.MobArena.MobArena" />
			<role name="Request()" element="com.garbagemule.MobArena.ArenaImpl::setWorld(org.bukkit.World):void" />
			<role name="Request()" element="com.garbagemule.MobArena.ArenaImpl::getGlobalMessenger():com.garbagemule.MobArena.Messenger" />
			<role name="Request()" element="com.garbagemule.MobArena.ArenaImpl::startArena():boolean" />
			<role name="Request()" element="com.garbagemule.MobArena.ArenaImpl::endArena():boolean" />
			<role name="Request()" element="com.garbagemule.MobArena.ArenaImpl::playerJoin(org.bukkit.entity.Player, org.bukkit.Location):boolean" />
			<role name="Request()" element="com.garbagemule.MobArena.ArenaImpl::playerReady(org.bukkit.entity.Player):void" />
			<role name="Request()" element="com.garbagemule.MobArena.ArenaImpl::playerLeave(org.bukkit.entity.Player):boolean" />
			<role name="Request()" element="com.garbagemule.MobArena.ArenaImpl::playerDeath(org.bukkit.entity.Player):void" />
			<role name="Request()" element="com.garbagemule.MobArena.ArenaImpl::revivePlayer(org.bukkit.entity.Player):void" />
			<role name="Request()" element="com.garbagemule.MobArena.ArenaImpl::playerSpec(org.bukkit.entity.Player, org.bukkit.Location):void" />
			<role name="Request()" element="com.garbagemule.MobArena.ArenaImpl::discardPlayer(org.bukkit.entity.Player):void" />
			<role name="Request()" element="com.garbagemule.MobArena.ArenaImpl::assignRandomClass(org.bukkit.entity.Player):void" />
		</instance>
		<instance>
			<role name="Adapter" element="com.garbagemule.MobArena.ArenaImpl" />
			<role name="Adaptee" element="com.garbagemule.MobArena.region.ArenaRegion" />
			<role name="adaptee" element="com.garbagemule.MobArena.ArenaImpl::region:com.garbagemule.MobArena.region.ArenaRegion" />
			<role name="Request()" element="com.garbagemule.MobArena.ArenaImpl::setWorld(org.bukkit.World):void" />
			<role name="Request()" element="com.garbagemule.MobArena.ArenaImpl::startArena():boolean" />
			<role name="Request()" element="com.garbagemule.MobArena.ArenaImpl::getRespawnLocation(org.bukkit.entity.Player):org.bukkit.Location" />
			<role name="Request()" element="com.garbagemule.MobArena.ArenaImpl::storeContainerContents():void" />
			<role name="Request()" element="com.garbagemule.MobArena.ArenaImpl::canJoin(org.bukkit.entity.Player):boolean" />
			<role name="Request()" element="com.garbagemule.MobArena.ArenaImpl::canSpec(org.bukkit.entity.Player):boolean" />
		</instance>
		<instance>
			<role name="Adapter" element="com.garbagemule.MobArena.ArenaImpl" />
			<role name="Adaptee" element="com.garbagemule.MobArena.MonsterManager" />
			<role name="adaptee" element="com.garbagemule.MobArena.ArenaImpl::monsterManager:com.garbagemule.MobArena.MonsterManager" />
			<role name="Request()" element="com.garbagemule.MobArena.ArenaImpl::hasPet(org.bukkit.entity.Entity):boolean" />
			<role name="Request()" element="com.garbagemule.MobArena.ArenaImpl::playerLeave(org.bukkit.entity.Player):boolean" />
			<role name="Request()" element="com.garbagemule.MobArena.ArenaImpl::playerDeath(org.bukkit.entity.Player):void" />
		</instance>
		<instance>
			<role name="Adapter" element="com.garbagemule.MobArena.ArenaImpl" />
			<role name="Adaptee" element="com.garbagemule.MobArena.RewardManager" />
			<role name="adaptee" element="com.garbagemule.MobArena.ArenaImpl::rewardManager:com.garbagemule.MobArena.RewardManager" />
			<role name="Request()" element="com.garbagemule.MobArena.ArenaImpl::startArena():boolean" />
		</instance>
		<instance>
			<role name="Adapter" element="com.garbagemule.MobArena.ArenaImpl" />
			<role name="Adaptee" element="com.garbagemule.MobArena.Messenger" />
			<role name="adaptee" element="com.garbagemule.MobArena.ArenaImpl::messenger:com.garbagemule.MobArena.Messenger" />
			<role name="Request()" element="com.garbagemule.MobArena.ArenaImpl::endArena():boolean" />
			<role name="Request()" element="com.garbagemule.MobArena.ArenaImpl::forceStart():void" />
			<role name="Request()" element="com.garbagemule.MobArena.ArenaImpl::playerJoin(org.bukkit.entity.Player, org.bukkit.Location):boolean" />
			<role name="Request()" element="com.garbagemule.MobArena.ArenaImpl::playerReady(org.bukkit.entity.Player):void" />
			<role name="Request()" element="com.garbagemule.MobArena.ArenaImpl::revivePlayer(org.bukkit.entity.Player):void" />
			<role name="Request()" element="com.garbagemule.MobArena.ArenaImpl::playerSpec(org.bukkit.entity.Player, org.bukkit.Location):void" />
			<role name="Request()" element="com.garbagemule.MobArena.ArenaImpl::assignRandomClass(org.bukkit.entity.Player):void" />
			<role name="Request()" element="com.garbagemule.MobArena.ArenaImpl::canJoin(org.bukkit.entity.Player):boolean" />
			<role name="Request()" element="com.garbagemule.MobArena.ArenaImpl::canSpec(org.bukkit.entity.Player):boolean" />
		</instance>
		<instance>
			<role name="Adapter" element="com.garbagemule.MobArena.ArenaImpl" />
			<role name="Adaptee" element="com.garbagemule.MobArena.ClassLimitManager" />
			<role name="adaptee" element="com.garbagemule.MobArena.ArenaImpl::limitManager:com.garbagemule.MobArena.ClassLimitManager" />
			<role name="Request()" element="com.garbagemule.MobArena.ArenaImpl::startArena():boolean" />
			<role name="Request()" element="com.garbagemule.MobArena.ArenaImpl::playerLeave(org.bukkit.entity.Player):boolean" />
		</instance>
		<instance>
			<role name="Adapter" element="com.garbagemule.MobArena.ArenaImpl" />
			<role name="Adaptee" element="com.garbagemule.MobArena.leaderboards.Leaderboard" />
			<role name="adaptee" element="com.garbagemule.MobArena.ArenaImpl::leaderboard:com.garbagemule.MobArena.leaderboards.Leaderboard" />
			<role name="Request()" element="com.garbagemule.MobArena.ArenaImpl::startArena():boolean" />
			<role name="Request()" element="com.garbagemule.MobArena.ArenaImpl::endArena():boolean" />
		</instance>
		<instance>
			<role name="Adapter" element="com.garbagemule.MobArena.ArenaImpl" />
			<role name="Adaptee" element="com.garbagemule.MobArena.MASpawnThread" />
			<role name="adaptee" element="com.garbagemule.MobArena.ArenaImpl::spawnThread:com.garbagemule.MobArena.MASpawnThread" />
			<role name="Request()" element="com.garbagemule.MobArena.ArenaImpl::getPlayerCount():int" />
		</instance>
		<instance>
			<role name="Adapter" element="com.garbagemule.MobArena.ArenaImpl" />
			<role name="Adaptee" element="com.garbagemule.MobArena.SpawnsPets" />
			<role name="adaptee" element="com.garbagemule.MobArena.ArenaImpl::spawnsPets:com.garbagemule.MobArena.SpawnsPets" />
			<role name="Request()" element="com.garbagemule.MobArena.ArenaImpl::startArena():boolean" />
		</instance>
		<instance>
			<role name="Adapter" element="com.garbagemule.MobArena.ArenaImpl" />
			<role name="Adaptee" element="com.garbagemule.MobArena.steps.StepFactory" />
			<role name="adaptee" element="com.garbagemule.MobArena.ArenaImpl::playerJoinArena:com.garbagemule.MobArena.steps.StepFactory" />
			<role name="adaptee" element="com.garbagemule.MobArena.ArenaImpl::playerSpecArena:com.garbagemule.MobArena.steps.StepFactory" />
			<role name="Request()" element="com.garbagemule.MobArena.ArenaImpl::playerJoin(org.bukkit.entity.Player, org.bukkit.Location):boolean" />
			<role name="Request()" element="com.garbagemule.MobArena.ArenaImpl::playerSpec(org.bukkit.entity.Player, org.bukkit.Location):void" />
		</instance>
		<instance>
			<role name="Adaptee" element="com.garbagemule.MobArena.MobArena" />
			<role name="Adapter" element="com.garbagemule.MobArena.ArenaMasterImpl" />
			<role name="adaptee" element="com.garbagemule.MobArena.ArenaMasterImpl::plugin:com.garbagemule.MobArena.MobArena" />
			<role name="Request()" element="com.garbagemule.MobArena.ArenaMasterImpl::getGlobalMessenger():com.garbagemule.MobArena.Messenger" />
			<role name="Request()" element="com.garbagemule.MobArena.ArenaMasterImpl::isEnabled():boolean" />
			<role name="Request()" element="com.garbagemule.MobArena.ArenaMasterImpl::setEnabled(boolean):void" />
			<role name="Request()" element="com.garbagemule.MobArena.ArenaMasterImpl::notifyOnUpdates():boolean" />
			<role name="Request()" element="com.garbagemule.MobArena.ArenaMasterImpl::getArenaWithPlayer(java.lang.String):com.garbagemule.MobArena.framework.Arena" />
			<role name="Request()" element="com.garbagemule.MobArena.ArenaMasterImpl::loadSettings():void" />
			<role name="Request()" element="com.garbagemule.MobArena.ArenaMasterImpl::loadClasses():void" />
			<role name="Request()" element="com.garbagemule.MobArena.ArenaMasterImpl::loadArenas():void" />
			<role name="Request()" element="com.garbagemule.MobArena.ArenaMasterImpl::loadArenasInWorld(java.lang.String):void" />
			<role name="Request()" element="com.garbagemule.MobArena.ArenaMasterImpl::unloadArenasInWorld(java.lang.String):void" />
			<role name="Request()" element="com.garbagemule.MobArena.ArenaMasterImpl::reloadArena(java.lang.String):boolean" />
			<role name="Request()" element="com.garbagemule.MobArena.ArenaMasterImpl::createArenaNode(java.lang.String, org.bukkit.World):com.garbagemule.MobArena.framework.Arena" />
			<role name="Request()" element="com.garbagemule.MobArena.ArenaMasterImpl::removeArenaNode(com.garbagemule.MobArena.framework.Arena):void" />
			<role name="Request()" element="com.garbagemule.MobArena.ArenaMasterImpl::reloadConfig():void" />
			<role name="Request()" element="com.garbagemule.MobArena.ArenaMasterImpl::saveConfig():void" />
		</instance>
		<instance>
			<role name="Adaptee" element="com.garbagemule.MobArena.util.timer.AutoStartTimer" />
			<role name="Adapter" element="com.garbagemule.MobArena.ArenaImpl" />
			<role name="adaptee" element="com.garbagemule.MobArena.ArenaImpl::autoStartTimer:com.garbagemule.MobArena.util.timer.AutoStartTimer" />
			<role name="Request()" element="com.garbagemule.MobArena.ArenaImpl::startArena():boolean" />
			<role name="Request()" element="com.garbagemule.MobArena.ArenaImpl::playerJoin(org.bukkit.entity.Player, org.bukkit.Location):boolean" />
		</instance>
		<instance>
			<role name="Adaptee" element="com.garbagemule.MobArena.util.timer.StartDelayTimer" />
			<role name="Adapter" element="com.garbagemule.MobArena.ArenaImpl" />
			<role name="adaptee" element="com.garbagemule.MobArena.ArenaImpl::startDelayTimer:com.garbagemule.MobArena.util.timer.StartDelayTimer" />
			<role name="Request()" element="com.garbagemule.MobArena.ArenaImpl::startArena():boolean" />
			<role name="Request()" element="com.garbagemule.MobArena.ArenaImpl::forceStart():void" />
			<role name="Request()" element="com.garbagemule.MobArena.ArenaImpl::playerJoin(org.bukkit.entity.Player, org.bukkit.Location):boolean" />
			<role name="Request()" element="com.garbagemule.MobArena.ArenaImpl::playerLeave(org.bukkit.entity.Player):boolean" />
		</instance>
		<instance>
			<role name="Adaptee" element="com.garbagemule.MobArena.framework.Arena" />
			<role name="Adapter" element="com.garbagemule.MobArena.util.timer.AutoStartTimer" />
			<role name="adaptee" element="com.garbagemule.MobArena.util.timer.AutoStartTimer::arena:com.garbagemule.MobArena.framework.Arena" />
			<role name="Request()" element="com.garbagemule.MobArena.util.timer.AutoStartTimer::onTick():void" />
			<role name="Request()" element="com.garbagemule.MobArena.util.timer.AutoStartTimer::onFinish():void" />
		</instance>
		<instance>
			<role name="Adaptee" element="com.garbagemule.MobArena.framework.Arena" />
			<role name="Adapter" element="com.garbagemule.MobArena.util.timer.StartDelayTimer" />
			<role name="adaptee" element="com.garbagemule.MobArena.util.timer.StartDelayTimer::arena:com.garbagemule.MobArena.framework.Arena" />
			<role name="Request()" element="com.garbagemule.MobArena.util.timer.StartDelayTimer::onTick():void" />
			<role name="Request()" element="com.garbagemule.MobArena.util.timer.StartDelayTimer::onFinish():void" />
		</instance>
		<instance>
			<role name="Adaptee" element="com.garbagemule.MobArena.ArenaClass" />
			<role name="Adapter" element="com.garbagemule.MobArena.ArenaImpl" />
			<role name="adaptee" element="com.garbagemule.MobArena.ArenaImpl::defaultClass:com.garbagemule.MobArena.ArenaClass" />
			<role name="Request()" element="com.garbagemule.MobArena.ArenaImpl::playerJoin(org.bukkit.entity.Player, org.bukkit.Location):boolean" />
		</instance>
		<instance>
			<role name="Adaptee" element="com.garbagemule.MobArena.healthbar.CreatesHealthString" />
			<role name="Adapter" element="com.garbagemule.MobArena.healthbar.NameHealthBar" />
			<role name="adaptee" element="com.garbagemule.MobArena.healthbar.NameHealthBar::createsHealthString:com.garbagemule.MobArena.healthbar.CreatesHealthString" />
			<role name="Request()" element="com.garbagemule.MobArena.healthbar.NameHealthBar::setProgress(double):void" />
		</instance>
		<instance>
			<role name="Adaptee" element="com.garbagemule.MobArena.healthbar.CreatesHealthString" />
			<role name="Adapter" element="com.garbagemule.MobArena.healthbar.TitleHealthBar" />
			<role name="adaptee" element="com.garbagemule.MobArena.healthbar.TitleHealthBar::createsHealthString:com.garbagemule.MobArena.healthbar.CreatesHealthString" />
			<role name="Request()" element="com.garbagemule.MobArena.healthbar.TitleHealthBar::setProgress(double):void" />
		</instance>
		<instance>
			<role name="Adapter" element="com.garbagemule.MobArena.formula.BinaryFormula" />
			<role name="Adaptee" element="com.garbagemule.MobArena.formula.BinaryOperation" />
			<role name="adaptee" element="com.garbagemule.MobArena.formula.BinaryFormula::operation:com.garbagemule.MobArena.formula.BinaryOperation" />
			<role name="Request()" element="com.garbagemule.MobArena.formula.BinaryFormula::evaluate(com.garbagemule.MobArena.framework.Arena):double" />
		</instance>
		<instance>
			<role name="Adapter" element="com.garbagemule.MobArena.formula.UnaryFormula" />
			<role name="Adaptee" element="com.garbagemule.MobArena.formula.UnaryOperation" />
			<role name="adaptee" element="com.garbagemule.MobArena.formula.UnaryFormula::operation:com.garbagemule.MobArena.formula.UnaryOperation" />
			<role name="Request()" element="com.garbagemule.MobArena.formula.UnaryFormula::evaluate(com.garbagemule.MobArena.framework.Arena):double" />
		</instance>
		<instance>
			<role name="Adaptee" element="com.garbagemule.MobArena.ScoreboardManager" />
			<role name="Adapter" element="com.garbagemule.MobArena.ArenaImpl" />
			<role name="adaptee" element="com.garbagemule.MobArena.ArenaImpl::scoreboard:com.garbagemule.MobArena.ScoreboardManager" />
			<role name="Request()" element="com.garbagemule.MobArena.ArenaImpl::startArena():boolean" />
		</instance>
		<instance>
			<role name="Adaptee" element="com.garbagemule.MobArena.waves.enums.WaveBranch" />
			<role name="Adapter" element="com.garbagemule.MobArena.waves.AbstractWave" />
			<role name="adaptee" element="com.garbagemule.MobArena.waves.AbstractWave::branch:com.garbagemule.MobArena.waves.enums.WaveBranch" />
			<role name="Request()" element="com.garbagemule.MobArena.waves.AbstractWave::matches(int):boolean" />
		</instance>
		<instance>
			<role name="Adaptee" element="com.garbagemule.MobArena.announce.Announcer" />
			<role name="Adapter" element="com.garbagemule.MobArena.ArenaImpl" />
			<role name="adaptee" element="com.garbagemule.MobArena.ArenaImpl::announcer:com.garbagemule.MobArena.announce.Announcer" />
			<role name="Request()" element="com.garbagemule.MobArena.ArenaImpl::announce(java.lang.String):void" />
		</instance>
		<instance>
			<role name="Adaptee" element="com.garbagemule.MobArena.formula.Formula" />
			<role name="Adapter" element="com.garbagemule.MobArena.waves.types.DefaultWave" />
			<role name="adaptee" element="com.garbagemule.MobArena.waves.types.DefaultWave::growth:com.garbagemule.MobArena.formula.Formula" />
			<role name="Request()" element="com.garbagemule.MobArena.waves.types.DefaultWave::getMonstersToSpawn(int, int, com.garbagemule.MobArena.framework.Arena):java.util.Map" />
		</instance>
		<instance>
			<role name="Adaptee" element="com.garbagemule.MobArena.formula.Formula" />
			<role name="Adapter" element="com.garbagemule.MobArena.waves.types.SwarmWave" />
			<role name="adaptee" element="com.garbagemule.MobArena.waves.types.SwarmWave::amount:com.garbagemule.MobArena.formula.Formula" />
			<role name="Request()" element="com.garbagemule.MobArena.waves.types.SwarmWave::getMonstersToSpawn(int, int, com.garbagemule.MobArena.framework.Arena):java.util.Map" />
		</instance>
		<instance>
			<role name="Adaptee" element="com.garbagemule.MobArena.Messenger" />
			<role name="Adapter" element="com.garbagemule.MobArena.announce.MessengerAnnouncer" />
			<role name="adaptee" element="com.garbagemule.MobArena.announce.MessengerAnnouncer::messenger:com.garbagemule.MobArena.Messenger" />
			<role name="Request()" element="com.garbagemule.MobArena.announce.MessengerAnnouncer::announce(org.bukkit.entity.Player, java.lang.String):void" />
		</instance>
		<instance>
			<role name="Adaptee" element="com.garbagemule.MobArena.things.ThingParser" />
			<role name="Adapter" element="com.garbagemule.MobArena.things.ThingPickerManager" />
			<role name="adaptee" element="com.garbagemule.MobArena.things.ThingPickerManager::things:com.garbagemule.MobArena.things.ThingParser" />
			<role name="Request()" element="com.garbagemule.MobArena.things.ThingPickerManager::parse(java.lang.String):com.garbagemule.MobArena.things.ThingPicker" />
		</instance>
		<instance>
			<role name="Adaptee" element="com.garbagemule.MobArena.waves.enums.WaveType" />
			<role name="Adapter" element="com.garbagemule.MobArena.waves.AbstractWave" />
			<role name="adaptee" element="com.garbagemule.MobArena.waves.AbstractWave::type:com.garbagemule.MobArena.waves.enums.WaveType" />
			<role name="Request()" element="com.garbagemule.MobArena.waves.AbstractWave::announce(com.garbagemule.MobArena.framework.Arena, int):void" />
		</instance>
	</pattern>
	<pattern name="Command" />
	<pattern name="Composite">
		<instance>
			<role name="Component" element="com.garbagemule.MobArena.things.ThingPickerParser" />
			<role name="Composite" element="com.garbagemule.MobArena.things.ThingPickerManager" />
			<role name="Operation()" element="com.garbagemule.MobArena.things.ThingPickerManager::parse(java.lang.String):com.garbagemule.MobArena.things.ThingPicker" />
		</instance>
	</pattern>
	<pattern name="Decorator">
		<instance>
			<role name="Component" element="com.garbagemule.MobArena.util.timer.TimerCallback" />
			<role name="Decorator" element="com.garbagemule.MobArena.util.timer.AutoStartTimer" />
			<role name="component" element="com.garbagemule.MobArena.util.timer.AutoStartTimer::internalCallback:com.garbagemule.MobArena.util.timer.TimerCallback" />
			<role name="Operation()" element="com.garbagemule.MobArena.util.timer.AutoStartTimer::onStart():void" />
			<role name="Operation()" element="com.garbagemule.MobArena.util.timer.AutoStartTimer::onStop():void" />
			<role name="Operation()" element="com.garbagemule.MobArena.util.timer.AutoStartTimer::onTick():void" />
		</instance>
		<instance>
			<role name="Component" element="com.garbagemule.MobArena.util.timer.TimerCallback" />
			<role name="Decorator" element="com.garbagemule.MobArena.util.timer.StartDelayTimer" />
			<role name="component" element="com.garbagemule.MobArena.util.timer.StartDelayTimer::internalCallback:com.garbagemule.MobArena.util.timer.TimerCallback" />
			<role name="Operation()" element="com.garbagemule.MobArena.util.timer.StartDelayTimer::onStart():void" />
			<role name="Operation()" element="com.garbagemule.MobArena.util.timer.StartDelayTimer::onStop():void" />
			<role name="Operation()" element="com.garbagemule.MobArena.util.timer.StartDelayTimer::onTick():void" />
		</instance>
		<instance>
			<role name="Component" element="com.garbagemule.MobArena.formula.Formula" />
			<role name="Decorator" element="com.garbagemule.MobArena.formula.BinaryFormula" />
			<role name="component" element="com.garbagemule.MobArena.formula.BinaryFormula::left:com.garbagemule.MobArena.formula.Formula" />
			<role name="component" element="com.garbagemule.MobArena.formula.BinaryFormula::right:com.garbagemule.MobArena.formula.Formula" />
			<role name="Operation()" element="com.garbagemule.MobArena.formula.BinaryFormula::evaluate(com.garbagemule.MobArena.framework.Arena):double" />
		</instance>
		<instance>
			<role name="Component" element="com.garbagemule.MobArena.formula.Formula" />
			<role name="Decorator" element="com.garbagemule.MobArena.formula.UnaryFormula" />
			<role name="component" element="com.garbagemule.MobArena.formula.UnaryFormula::argument:com.garbagemule.MobArena.formula.Formula" />
			<role name="Operation()" element="com.garbagemule.MobArena.formula.UnaryFormula::evaluate(com.garbagemule.MobArena.framework.Arena):double" />
		</instance>
	</pattern>
	<pattern name="Observer" />
	<pattern name="State">
		<instance>
			<role name="State" element="com.garbagemule.MobArena.framework.Arena" />
			<role name="Context" element="com.garbagemule.MobArena.MASpawnThread" />
			<role name="state" element="com.garbagemule.MobArena.MASpawnThread::arena:com.garbagemule.MobArena.framework.Arena" />
			<role name="Request()" element="com.garbagemule.MobArena.MASpawnThread::reset():void" />
			<role name="Request()" element="com.garbagemule.MobArena.MASpawnThread::start():void" />
			<role name="Request()" element="com.garbagemule.MobArena.MASpawnThread::stop():void" />
			<role name="Request()" element="com.garbagemule.MobArena.MASpawnThread::run():void" />
			<role name="Request()" element="com.garbagemule.MobArena.MASpawnThread::spawnNextWave():void" />
			<role name="Request()" element="com.garbagemule.MobArena.MASpawnThread::spawnWave(int):void" />
			<role name="Request()" element="com.garbagemule.MobArena.MASpawnThread::handleUpgradeWave(com.garbagemule.MobArena.waves.Wave):void" />
			<role name="Request()" element="com.garbagemule.MobArena.MASpawnThread::removeCheatingPlayers():void" />
			<role name="Request()" element="com.garbagemule.MobArena.MASpawnThread::grantRewards(int):void" />
			<role name="Request()" element="com.garbagemule.MobArena.MASpawnThread::updateStats(int):void" />
			<role name="Request()" element="com.garbagemule.MobArena.MASpawnThread::addReward(com.garbagemule.MobArena.things.ThingPicker):void" />
			<role name="Request()" element="com.garbagemule.MobArena.MASpawnThread::lambda$start$0():void" />
		</instance>
		<instance>
			<role name="State" element="com.garbagemule.MobArena.framework.Arena" />
			<role name="Context" element="com.garbagemule.MobArena.ArenaListener" />
			<role name="state" element="com.garbagemule.MobArena.ArenaListener::arena:com.garbagemule.MobArena.framework.Arena" />
			<role name="Request()" element="com.garbagemule.MobArena.ArenaListener::pvpActivate():void" />
			<role name="Request()" element="com.garbagemule.MobArena.ArenaListener::onBlockBreak(org.bukkit.event.block.BlockBreakEvent):void" />
			<role name="Request()" element="com.garbagemule.MobArena.ArenaListener::onHangingBreak(org.bukkit.event.hanging.HangingBreakEvent):void" />
			<role name="Request()" element="com.garbagemule.MobArena.ArenaListener::onBlockBurn(org.bukkit.event.block.BlockBurnEvent):void" />
			<role name="Request()" element="com.garbagemule.MobArena.ArenaListener::onBlockDestroy(org.bukkit.event.block.BlockEvent):boolean" />
			<role name="Request()" element="com.garbagemule.MobArena.ArenaListener::onBlockPlace(org.bukkit.event.block.BlockPlaceEvent):void" />
			<role name="Request()" element="com.garbagemule.MobArena.ArenaListener::onBlockForm(org.bukkit.event.block.BlockFormEvent):void" />
			<role name="Request()" element="com.garbagemule.MobArena.ArenaListener::onBlockFade(org.bukkit.event.block.BlockFadeEvent):void" />
			<role name="Request()" element="com.garbagemule.MobArena.ArenaListener::onBlockIgnite(org.bukkit.event.block.BlockIgniteEvent):void" />
			<role name="Request()" element="com.garbagemule.MobArena.ArenaListener::onSignChange(org.bukkit.event.block.SignChangeEvent):void" />
			<role name="Request()" element="com.garbagemule.MobArena.ArenaListener::onCreatureSpawn(org.bukkit.event.entity.CreatureSpawnEvent):void" />
			<role name="Request()" element="com.garbagemule.MobArena.ArenaListener::onEntityExplode(org.bukkit.event.entity.EntityExplodeEvent):void" />
			<role name="Request()" element="com.garbagemule.MobArena.ArenaListener::onEntityDeath(org.bukkit.event.entity.EntityDeathEvent):void" />
			<role name="Request()" element="com.garbagemule.MobArena.ArenaListener::onPlayerDeath(org.bukkit.event.entity.PlayerDeathEvent, org.bukkit.entity.Player):void" />
			<role name="Request()" element="com.garbagemule.MobArena.ArenaListener::onPlayerRespawn(org.bukkit.event.player.PlayerRespawnEvent):boolean" />
			<role name="Request()" element="com.garbagemule.MobArena.ArenaListener::onMonsterDeath(org.bukkit.event.entity.EntityDeathEvent):void" />
			<role name="Request()" element="com.garbagemule.MobArena.ArenaListener::onEntityDamage(org.bukkit.event.entity.EntityDamageEvent):void" />
			<role name="Request()" element="com.garbagemule.MobArena.ArenaListener::onPlayerDamage(org.bukkit.event.entity.EntityDamageEvent, org.bukkit.entity.Player, org.bukkit.entity.Entity):void" />
			<role name="Request()" element="com.garbagemule.MobArena.ArenaListener::onArmorStandDamage(org.bukkit.event.entity.EntityDamageEvent):void" />
			<role name="Request()" element="com.garbagemule.MobArena.ArenaListener::onMonsterDamage(org.bukkit.event.entity.EntityDamageEvent, org.bukkit.entity.Entity, org.bukkit.entity.Entity):void" />
			<role name="Request()" element="com.garbagemule.MobArena.ArenaListener::onGolemDamage(org.bukkit.event.entity.EntityDamageEvent, org.bukkit.entity.Entity, org.bukkit.entity.Entity):void" />
			<role name="Request()" element="com.garbagemule.MobArena.ArenaListener::onEntityTarget(org.bukkit.event.entity.EntityTargetEvent):void" />
			<role name="Request()" element="com.garbagemule.MobArena.ArenaListener::isArenaPlayer(org.bukkit.entity.Entity):boolean" />
			<role name="Request()" element="com.garbagemule.MobArena.ArenaListener::isArenaPet(org.bukkit.entity.Entity):boolean" />
			<role name="Request()" element="com.garbagemule.MobArena.ArenaListener::onEntityChangeBlock(org.bukkit.event.entity.EntityChangeBlockEvent):void" />
			<role name="Request()" element="com.garbagemule.MobArena.ArenaListener::onEntityRegainHealth(org.bukkit.event.entity.EntityRegainHealthEvent):void" />
			<role name="Request()" element="com.garbagemule.MobArena.ArenaListener::onFoodLevelChange(org.bukkit.event.entity.FoodLevelChangeEvent):void" />
			<role name="Request()" element="com.garbagemule.MobArena.ArenaListener::onPlayerAnimation(org.bukkit.event.player.PlayerAnimationEvent):void" />
			<role name="Request()" element="com.garbagemule.MobArena.ArenaListener::onPlayerDropItem(org.bukkit.event.player.PlayerDropItemEvent):void" />
			<role name="Request()" element="com.garbagemule.MobArena.ArenaListener::onPlayerBucketEmpty(org.bukkit.event.player.PlayerBucketEmptyEvent):void" />
			<role name="Request()" element="com.garbagemule.MobArena.ArenaListener::onPlayerInteract(org.bukkit.event.player.PlayerInteractEvent):void" />
			<role name="Request()" element="com.garbagemule.MobArena.ArenaListener::onPlayerArmorStandManipulate(org.bukkit.event.player.PlayerArmorStandManipulateEvent):void" />
			<role name="Request()" element="com.garbagemule.MobArena.ArenaListener::handleReadyBlock(org.bukkit.entity.Player):void" />
			<role name="Request()" element="com.garbagemule.MobArena.ArenaListener::handleSign(org.bukkit.block.Sign, org.bukkit.entity.Player):void" />
			<role name="Request()" element="com.garbagemule.MobArena.ArenaListener::onPlayerQuit(org.bukkit.event.player.PlayerQuitEvent):void" />
			<role name="Request()" element="com.garbagemule.MobArena.ArenaListener::onPlayerKick(org.bukkit.event.player.PlayerKickEvent):void" />
			<role name="Request()" element="com.garbagemule.MobArena.ArenaListener::onPlayerTeleport(org.bukkit.event.player.PlayerTeleportEvent):com.garbagemule.MobArena.listeners.MAGlobalListener$TeleportResponse" />
			<role name="Request()" element="com.garbagemule.MobArena.ArenaListener::reject(org.bukkit.entity.Player, com.garbagemule.MobArena.Msg):com.garbagemule.MobArena.listeners.MAGlobalListener$TeleportResponse" />
			<role name="Request()" element="com.garbagemule.MobArena.ArenaListener::onPlayerCommandPreprocess(org.bukkit.event.player.PlayerCommandPreprocessEvent):void" />
			<role name="Request()" element="com.garbagemule.MobArena.ArenaListener::onVehicleEnter(org.bukkit.event.vehicle.VehicleEnterEvent):void" />
			<role name="Request()" element="com.garbagemule.MobArena.ArenaListener::onVehicleExit(org.bukkit.event.vehicle.VehicleExitEvent):void" />
		</instance>
		<instance>
			<role name="State" element="com.garbagemule.MobArena.framework.Arena" />
			<role name="Context" element="com.garbagemule.MobArena.leaderboards.Leaderboard" />
			<role name="state" element="com.garbagemule.MobArena.leaderboards.Leaderboard::arena:com.garbagemule.MobArena.framework.Arena" />
			<role name="Request()" element="com.garbagemule.MobArena.leaderboards.Leaderboard::isGridWellFormed():boolean" />
			<role name="Request()" element="com.garbagemule.MobArena.leaderboards.Leaderboard::initializeStats():void" />
		</instance>
		<instance>
			<role name="State" element="com.garbagemule.MobArena.framework.Arena" />
			<role name="Context" element="com.garbagemule.MobArena.commands.setup.SetupCommand$Setup" />
			<role name="state" element="com.garbagemule.MobArena.commands.setup.SetupCommand$Setup::arena:com.garbagemule.MobArena.framework.Arena" />
			<role name="Request()" element="com.garbagemule.MobArena.commands.setup.SetupCommand$Setup::onDisable(org.bukkit.event.server.PluginDisableEvent):void" />
			<role name="Request()" element="com.garbagemule.MobArena.commands.setup.SetupCommand$Setup::conversationAbandoned(org.bukkit.conversations.ConversationAbandonedEvent):void" />
			<role name="Request()" element="com.garbagemule.MobArena.commands.setup.SetupCommand$Setup::regions(java.lang.String, org.bukkit.Location):org.bukkit.conversations.Prompt" />
			<role name="Request()" element="com.garbagemule.MobArena.commands.setup.SetupCommand$Setup::expand(java.lang.String):org.bukkit.conversations.Prompt" />
			<role name="Request()" element="com.garbagemule.MobArena.commands.setup.SetupCommand$Setup::warps(java.lang.String, org.bukkit.Location):org.bukkit.conversations.Prompt" />
			<role name="Request()" element="com.garbagemule.MobArena.commands.setup.SetupCommand$Setup::spawns(org.bukkit.Location, boolean):org.bukkit.conversations.Prompt" />
			<role name="Request()" element="com.garbagemule.MobArena.commands.setup.SetupCommand$Setup::chests(org.bukkit.block.Block, boolean):org.bukkit.conversations.Prompt" />
			<role name="Request()" element="com.garbagemule.MobArena.commands.setup.SetupCommand$Setup::show(org.bukkit.conversations.ConversationContext, java.lang.String):org.bukkit.conversations.Prompt" />
			<role name="Request()" element="com.garbagemule.MobArena.commands.setup.SetupCommand$Setup::inArenaWorld():boolean" />
		</instance>
		<instance>
			<role name="State" element="com.garbagemule.MobArena.framework.Arena" />
			<role name="Context" element="com.garbagemule.MobArena.region.ArenaRegion" />
			<role name="state" element="com.garbagemule.MobArena.region.ArenaRegion::arena:com.garbagemule.MobArena.framework.Arena" />
			<role name="Request()" element="com.garbagemule.MobArena.region.ArenaRegion::refreshWorld():void" />
			<role name="Request()" element="com.garbagemule.MobArena.region.ArenaRegion::reloadWarps():void" />
			<role name="Request()" element="com.garbagemule.MobArena.region.ArenaRegion::reloadLeaderboards():void" />
			<role name="Request()" element="com.garbagemule.MobArena.region.ArenaRegion::checkData(com.garbagemule.MobArena.MobArena, org.bukkit.command.CommandSender, boolean, boolean, boolean, boolean):void" />
			<role name="Request()" element="com.garbagemule.MobArena.region.ArenaRegion::fix(java.lang.String, java.lang.String):void" />
			<role name="Request()" element="com.garbagemule.MobArena.region.ArenaRegion::save():void" />
			<role name="Request()" element="com.garbagemule.MobArena.region.ArenaRegion::checkSpawns(org.bukkit.entity.Player):void" />
			<role name="Request()" element="com.garbagemule.MobArena.region.ArenaRegion::showBlock(org.bukkit.entity.Player, org.bukkit.Location):void" />
			<role name="Request()" element="com.garbagemule.MobArena.region.ArenaRegion::showBlocks(org.bukkit.entity.Player, java.util.Collection):void" />
		</instance>
		<instance>
			<role name="State" element="com.garbagemule.MobArena.framework.Arena" />
			<role name="Context" element="com.garbagemule.MobArena.util.JoinInterruptTimer$TimedInterruptListener" />
			<role name="state" element="com.garbagemule.MobArena.util.JoinInterruptTimer$TimedInterruptListener::arena:com.garbagemule.MobArena.framework.Arena" />
			<role name="Request()" element="com.garbagemule.MobArena.util.JoinInterruptTimer$TimedInterruptListener::on(org.bukkit.event.entity.EntityDamageEvent):void" />
			<role name="Request()" element="com.garbagemule.MobArena.util.JoinInterruptTimer$TimedInterruptListener::on(org.bukkit.event.player.PlayerMoveEvent):void" />
		</instance>
		<instance>
			<role name="State" element="com.garbagemule.MobArena.framework.Arena" />
			<role name="Context" element="com.garbagemule.MobArena.waves.BossAbilityThread" />
			<role name="state" element="com.garbagemule.MobArena.waves.BossAbilityThread::arena:com.garbagemule.MobArena.framework.Arena" />
			<role name="Request()" element="com.garbagemule.MobArena.waves.BossAbilityThread::run():void" />
		</instance>
		<instance>
			<role name="State" element="com.garbagemule.MobArena.framework.Arena" />
			<role name="Context" element="com.garbagemule.MobArena.waves.SheepBouncer" />
			<role name="state" element="com.garbagemule.MobArena.waves.SheepBouncer::arena:com.garbagemule.MobArena.framework.Arena" />
			<role name="Request()" element="com.garbagemule.MobArena.waves.SheepBouncer::start():void" />
			<role name="Request()" element="com.garbagemule.MobArena.waves.SheepBouncer::stop():void" />
			<role name="Request()" element="com.garbagemule.MobArena.waves.SheepBouncer::run():void" />
		</instance>
		<instance>
			<role name="State" element="com.garbagemule.MobArena.framework.Arena" />
			<role name="Context" element="com.garbagemule.MobArena.waves.WaveManager" />
			<role name="state" element="com.garbagemule.MobArena.waves.WaveManager::arena:com.garbagemule.MobArena.framework.Arena" />
			<role name="Request()" element="com.garbagemule.MobArena.waves.WaveManager::reloadWaves():void" />
		</instance>
		<instance>
			<role name="State" element="com.garbagemule.MobArena.framework.ArenaMaster" />
			<role name="Context" element="com.garbagemule.MobArena.listeners.MAGlobalListener" />
			<role name="state" element="com.garbagemule.MobArena.listeners.MAGlobalListener::am:com.garbagemule.MobArena.framework.ArenaMaster" />
			<role name="Request()" element="com.garbagemule.MobArena.listeners.MAGlobalListener::blockBreak(org.bukkit.event.block.BlockBreakEvent):void" />
			<role name="Request()" element="com.garbagemule.MobArena.listeners.MAGlobalListener::hangingBreak(org.bukkit.event.hanging.HangingBreakEvent):void" />
			<role name="Request()" element="com.garbagemule.MobArena.listeners.MAGlobalListener::blockBurn(org.bukkit.event.block.BlockBurnEvent):void" />
			<role name="Request()" element="com.garbagemule.MobArena.listeners.MAGlobalListener::blockForm(org.bukkit.event.block.BlockFormEvent):void" />
			<role name="Request()" element="com.garbagemule.MobArena.listeners.MAGlobalListener::blockFade(org.bukkit.event.block.BlockFadeEvent):void" />
			<role name="Request()" element="com.garbagemule.MobArena.listeners.MAGlobalListener::blockIgnite(org.bukkit.event.block.BlockIgniteEvent):void" />
			<role name="Request()" element="com.garbagemule.MobArena.listeners.MAGlobalListener::blockPlace(org.bukkit.event.block.BlockPlaceEvent):void" />
			<role name="Request()" element="com.garbagemule.MobArena.listeners.MAGlobalListener::signChange(org.bukkit.event.block.SignChangeEvent):void" />
			<role name="Request()" element="com.garbagemule.MobArena.listeners.MAGlobalListener::creatureSpawn(org.bukkit.event.entity.CreatureSpawnEvent):void" />
			<role name="Request()" element="com.garbagemule.MobArena.listeners.MAGlobalListener::onEntityChangeBlock(org.bukkit.event.entity.EntityChangeBlockEvent):void" />
			<role name="Request()" element="com.garbagemule.MobArena.listeners.MAGlobalListener::entityCombust(org.bukkit.event.entity.EntityCombustEvent):void" />
			<role name="Request()" element="com.garbagemule.MobArena.listeners.MAGlobalListener::entityDamage(org.bukkit.event.entity.EntityDamageEvent):void" />
			<role name="Request()" element="com.garbagemule.MobArena.listeners.MAGlobalListener::entityDeath(org.bukkit.event.entity.EntityDeathEvent):void" />
			<role name="Request()" element="com.garbagemule.MobArena.listeners.MAGlobalListener::entityExplode(org.bukkit.event.entity.EntityExplodeEvent):void" />
			<role name="Request()" element="com.garbagemule.MobArena.listeners.MAGlobalListener::entityRegainHealth(org.bukkit.event.entity.EntityRegainHealthEvent):void" />
			<role name="Request()" element="com.garbagemule.MobArena.listeners.MAGlobalListener::entityFoodLevelChange(org.bukkit.event.entity.FoodLevelChangeEvent):void" />
			<role name="Request()" element="com.garbagemule.MobArena.listeners.MAGlobalListener::entityTarget(org.bukkit.event.entity.EntityTargetEvent):void" />
			<role name="Request()" element="com.garbagemule.MobArena.listeners.MAGlobalListener::entityTeleport(org.bukkit.event.entity.EntityTeleportEvent):void" />
			<role name="Request()" element="com.garbagemule.MobArena.listeners.MAGlobalListener::potionSplash(org.bukkit.event.entity.PotionSplashEvent):void" />
			<role name="Request()" element="com.garbagemule.MobArena.listeners.MAGlobalListener::playerAnimation(org.bukkit.event.player.PlayerAnimationEvent):void" />
			<role name="Request()" element="com.garbagemule.MobArena.listeners.MAGlobalListener::playerBucketEmpty(org.bukkit.event.player.PlayerBucketEmptyEvent):void" />
			<role name="Request()" element="com.garbagemule.MobArena.listeners.MAGlobalListener::playerChat(org.bukkit.event.player.AsyncPlayerChatEvent):void" />
			<role name="Request()" element="com.garbagemule.MobArena.listeners.MAGlobalListener::playerCommandPreprocess(org.bukkit.event.player.PlayerCommandPreprocessEvent):void" />
			<role name="Request()" element="com.garbagemule.MobArena.listeners.MAGlobalListener::playerDropItem(org.bukkit.event.player.PlayerDropItemEvent):void" />
			<role name="Request()" element="com.garbagemule.MobArena.listeners.MAGlobalListener::playerInteract(org.bukkit.event.player.PlayerInteractEvent):void" />
			<role name="Request()" element="com.garbagemule.MobArena.listeners.MAGlobalListener::playerArmorStandManipulate(org.bukkit.event.player.PlayerArmorStandManipulateEvent):void" />
			<role name="Request()" element="com.garbagemule.MobArena.listeners.MAGlobalListener::playerJoin(org.bukkit.event.player.PlayerJoinEvent):void" />
			<role name="Request()" element="com.garbagemule.MobArena.listeners.MAGlobalListener::playerKick(org.bukkit.event.player.PlayerKickEvent):void" />
			<role name="Request()" element="com.garbagemule.MobArena.listeners.MAGlobalListener::playerQuit(org.bukkit.event.player.PlayerQuitEvent):void" />
			<role name="Request()" element="com.garbagemule.MobArena.listeners.MAGlobalListener::playerRespawn(org.bukkit.event.player.PlayerRespawnEvent):void" />
			<role name="Request()" element="com.garbagemule.MobArena.listeners.MAGlobalListener::playerTeleport(org.bukkit.event.player.PlayerTeleportEvent):void" />
			<role name="Request()" element="com.garbagemule.MobArena.listeners.MAGlobalListener::playerPreLogin(org.bukkit.event.player.PlayerLoginEvent):void" />
			<role name="Request()" element="com.garbagemule.MobArena.listeners.MAGlobalListener::vehicleEnter(org.bukkit.event.vehicle.VehicleEnterEvent):void" />
			<role name="Request()" element="com.garbagemule.MobArena.listeners.MAGlobalListener::vehicleExit(org.bukkit.event.vehicle.VehicleExitEvent):void" />
			<role name="Request()" element="com.garbagemule.MobArena.listeners.MAGlobalListener::worldLoadEvent(org.bukkit.event.world.WorldLoadEvent):void" />
			<role name="Request()" element="com.garbagemule.MobArena.listeners.MAGlobalListener::worldUnloadEvent(org.bukkit.event.world.WorldUnloadEvent):void" />
		</instance>
		<instance>
			<role name="State" element="com.garbagemule.MobArena.framework.ArenaMaster" />
			<role name="Context" element="com.garbagemule.MobArena.signs.SignRenderer" />
			<role name="state" element="com.garbagemule.MobArena.signs.SignRenderer::arenaMaster:com.garbagemule.MobArena.framework.ArenaMaster" />
			<role name="Request()" element="com.garbagemule.MobArena.signs.SignRenderer::renderLines(com.garbagemule.MobArena.signs.ArenaSign):java.lang.String[]" />
		</instance>
		<instance>
			<role name="State" element="com.garbagemule.MobArena.framework.ArenaMaster" />
			<role name="Context" element="com.garbagemule.MobArena.MobArena" />
			<role name="state" element="com.garbagemule.MobArena.MobArena::arenaMaster:com.garbagemule.MobArena.framework.ArenaMaster" />
			<role name="Request()" element="com.garbagemule.MobArena.MobArena::onDisable():void" />
			<role name="Request()" element="com.garbagemule.MobArena.MobArena::reloadArenaMaster():void" />
		</instance>
		<instance>
			<role name="State" element="com.garbagemule.MobArena.framework.ArenaMaster" />
			<role name="Context" element="com.garbagemule.MobArena.signs.SignCreator" />
			<role name="state" element="com.garbagemule.MobArena.signs.SignCreator::arenaMaster:com.garbagemule.MobArena.framework.ArenaMaster" />
			<role name="Request()" element="com.garbagemule.MobArena.signs.SignCreator::getArenaId(org.bukkit.event.block.SignChangeEvent):java.lang.String" />
		</instance>
		<instance>
			<role name="State" element="com.garbagemule.MobArena.framework.ArenaMaster" />
			<role name="Context" element="com.garbagemule.MobArena.signs.InvokesSignAction" />
			<role name="state" element="com.garbagemule.MobArena.signs.InvokesSignAction::arenaMaster:com.garbagemule.MobArena.framework.ArenaMaster" />
			<role name="Request()" element="com.garbagemule.MobArena.signs.InvokesSignAction::invoke(com.garbagemule.MobArena.signs.ArenaSign, org.bukkit.entity.Player):void" />
			<role name="Request()" element="com.garbagemule.MobArena.signs.InvokesSignAction::withArena(com.garbagemule.MobArena.signs.ArenaSign, org.bukkit.entity.Player, java.util.function.Consumer):void" />
		</instance>
		<instance>
			<role name="Context" element="com.garbagemule.MobArena.waves.WaveManager" />
			<role name="State" element="com.garbagemule.MobArena.waves.Wave" />
			<role name="state" element="com.garbagemule.MobArena.waves.WaveManager::currentWave:com.garbagemule.MobArena.waves.Wave" />
			<role name="state" element="com.garbagemule.MobArena.waves.WaveManager::defaultWave:com.garbagemule.MobArena.waves.Wave" />
			<role name="Request()" element="com.garbagemule.MobArena.waves.WaveManager::next():com.garbagemule.MobArena.waves.Wave" />
			<role name="Request()" element="com.garbagemule.MobArena.waves.WaveManager::getNext():com.garbagemule.MobArena.waves.Wave" />
		</instance>
		<instance>
			<role name="State" element="com.garbagemule.MobArena.framework.Arena" />
			<role name="Context" element="com.garbagemule.MobArena.util.timer.AutoStartTimer" />
			<role name="state" element="com.garbagemule.MobArena.util.timer.AutoStartTimer::arena:com.garbagemule.MobArena.framework.Arena" />
			<role name="Request()" element="com.garbagemule.MobArena.util.timer.AutoStartTimer::onTick():void" />
			<role name="Request()" element="com.garbagemule.MobArena.util.timer.AutoStartTimer::onFinish():void" />
		</instance>
		<instance>
			<role name="State" element="com.garbagemule.MobArena.framework.Arena" />
			<role name="Context" element="com.garbagemule.MobArena.util.timer.StartDelayTimer" />
			<role name="state" element="com.garbagemule.MobArena.util.timer.StartDelayTimer::arena:com.garbagemule.MobArena.framework.Arena" />
			<role name="Request()" element="com.garbagemule.MobArena.util.timer.StartDelayTimer::onTick():void" />
			<role name="Request()" element="com.garbagemule.MobArena.util.timer.StartDelayTimer::onFinish():void" />
		</instance>
		<instance>
			<role name="State" element="com.garbagemule.MobArena.framework.Arena" />
			<role name="Context" element="com.garbagemule.MobArena.util.timer.ChatCallback" />
			<role name="state" element="com.garbagemule.MobArena.util.timer.ChatCallback::arena:com.garbagemule.MobArena.framework.Arena" />
			<role name="Request()" element="com.garbagemule.MobArena.util.timer.ChatCallback::onTick():void" />
		</instance>
		<instance>
			<role name="State" element="com.garbagemule.MobArena.framework.Arena" />
			<role name="Context" element="com.garbagemule.MobArena.util.timer.LevelCallback" />
			<role name="state" element="com.garbagemule.MobArena.util.timer.LevelCallback::arena:com.garbagemule.MobArena.framework.Arena" />
			<role name="Request()" element="com.garbagemule.MobArena.util.timer.LevelCallback::onTick():void" />
		</instance>
		<instance>
			<role name="Context" element="com.garbagemule.MobArena.ArenaClass$MyItems" />
			<role name="State" element="com.garbagemule.MobArena.framework.ArenaMaster" />
			<role name="state" element="com.garbagemule.MobArena.ArenaClass$MyItems::am:com.garbagemule.MobArena.framework.ArenaMaster" />
			<role name="Request()" element="com.garbagemule.MobArena.ArenaClass$MyItems::grantItems(org.bukkit.entity.Player):void" />
		</instance>
		<instance>
			<role name="Context" element="com.garbagemule.MobArena.waves.MABoss" />
			<role name="State" element="com.garbagemule.MobArena.healthbar.HealthBar" />
			<role name="state" element="com.garbagemule.MobArena.waves.MABoss::healthbar:com.garbagemule.MobArena.healthbar.HealthBar" />
			<role name="Request()" element="com.garbagemule.MobArena.waves.MABoss::setDead(boolean):void" />
		</instance>
		<instance>
			<role name="Context" element="com.garbagemule.MobArena.steps.ClearInventory" />
			<role name="State" element="com.garbagemule.MobArena.framework.Arena" />
			<role name="state" element="com.garbagemule.MobArena.steps.ClearInventory::arena:com.garbagemule.MobArena.framework.Arena" />
			<role name="Request()" element="com.garbagemule.MobArena.steps.ClearInventory::undo():void" />
			<role name="Request()" element="com.garbagemule.MobArena.steps.ClearInventory::createBackup():void" />
			<role name="Request()" element="com.garbagemule.MobArena.steps.ClearInventory::deleteBackup():void" />
		</instance>
		<instance>
			<role name="Context" element="com.garbagemule.MobArena.steps.GrantRewards" />
			<role name="State" element="com.garbagemule.MobArena.framework.Arena" />
			<role name="state" element="com.garbagemule.MobArena.steps.GrantRewards::arena:com.garbagemule.MobArena.framework.Arena" />
			<role name="Request()" element="com.garbagemule.MobArena.steps.GrantRewards::run():void" />
		</instance>
		<instance>
			<role name="State" element="com.garbagemule.MobArena.framework.Arena" />
			<role name="Context" element="com.garbagemule.MobArena.ScoreboardManager" />
			<role name="state" element="com.garbagemule.MobArena.ScoreboardManager::arena:com.garbagemule.MobArena.framework.Arena" />
			<role name="Request()" element="com.garbagemule.MobArena.ScoreboardManager::death(org.bukkit.entity.Player):void" />
			<role name="Request()" element="com.garbagemule.MobArena.ScoreboardManager::initialize():void" />
			<role name="Request()" element="com.garbagemule.MobArena.ScoreboardManager::resetPlayerScores():void" />
		</instance>
		<instance>
			<role name="Context" element="com.garbagemule.MobArena.ArenaImpl" />
			<role name="State" element="com.garbagemule.MobArena.announce.Announcer" />
			<role name="state" element="com.garbagemule.MobArena.ArenaImpl::announcer:com.garbagemule.MobArena.announce.Announcer" />
			<role name="Request()" element="com.garbagemule.MobArena.ArenaImpl::announce(java.lang.String):void" />
		</instance>
		<instance>
			<role name="Context" element="com.garbagemule.MobArena.waves.types.DefaultWave" />
			<role name="State" element="com.garbagemule.MobArena.formula.Formula" />
			<role name="state" element="com.garbagemule.MobArena.waves.types.DefaultWave::growth:com.garbagemule.MobArena.formula.Formula" />
			<role name="Request()" element="com.garbagemule.MobArena.waves.types.DefaultWave::getMonstersToSpawn(int, int, com.garbagemule.MobArena.framework.Arena):java.util.Map" />
		</instance>
		<instance>
			<role name="Context" element="com.garbagemule.MobArena.waves.types.SwarmWave" />
			<role name="State" element="com.garbagemule.MobArena.formula.Formula" />
			<role name="state" element="com.garbagemule.MobArena.waves.types.SwarmWave::amount:com.garbagemule.MobArena.formula.Formula" />
			<role name="Request()" element="com.garbagemule.MobArena.waves.types.SwarmWave::getMonstersToSpawn(int, int, com.garbagemule.MobArena.framework.Arena):java.util.Map" />
		</instance>
		<instance>
			<role name="Context" element="com.garbagemule.MobArena.ArenaClass" />
			<role name="State" element="com.garbagemule.MobArena.things.Thing" />
			<role name="state" element="com.garbagemule.MobArena.ArenaClass::helmet:com.garbagemule.MobArena.things.Thing" />
			<role name="state" element="com.garbagemule.MobArena.ArenaClass::chestplate:com.garbagemule.MobArena.things.Thing" />
			<role name="state" element="com.garbagemule.MobArena.ArenaClass::leggings:com.garbagemule.MobArena.things.Thing" />
			<role name="state" element="com.garbagemule.MobArena.ArenaClass::boots:com.garbagemule.MobArena.things.Thing" />
			<role name="state" element="com.garbagemule.MobArena.ArenaClass::offhand:com.garbagemule.MobArena.things.Thing" />
			<role name="Request()" element="com.garbagemule.MobArena.ArenaClass::grantItems(org.bukkit.entity.Player):void" />
		</instance>
		<instance>
			<role name="Context" element="com.garbagemule.MobArena.things.ThingPickerManager" />
			<role name="State" element="com.garbagemule.MobArena.things.ThingParser" />
			<role name="state" element="com.garbagemule.MobArena.things.ThingPickerManager::things:com.garbagemule.MobArena.things.ThingParser" />
			<role name="Request()" element="com.garbagemule.MobArena.things.ThingPickerManager::parse(java.lang.String):com.garbagemule.MobArena.things.ThingPicker" />
		</instance>
	</pattern>
	<pattern name="Strategy" />
	<pattern name="Bridge">
		<instance>
			<role name="Abstraction" element="com.garbagemule.MobArena.waves.AbstractWave" />
			<role name="Implementor" element="com.garbagemule.MobArena.waves.enums.WaveBranch" />
			<role name="implementor" element="com.garbagemule.MobArena.waves.AbstractWave::branch:com.garbagemule.MobArena.waves.enums.WaveBranch" />
			<role name="Operation()" element="com.garbagemule.MobArena.waves.AbstractWave::matches(int):boolean" />
		</instance>
		<instance>
			<role name="Abstraction" element="com.garbagemule.MobArena.waves.AbstractWave" />
			<role name="Implementor" element="com.garbagemule.MobArena.waves.enums.WaveType" />
			<role name="implementor" element="com.garbagemule.MobArena.waves.AbstractWave::type:com.garbagemule.MobArena.waves.enums.WaveType" />
			<role name="Operation()" element="com.garbagemule.MobArena.waves.AbstractWave::announce(com.garbagemule.MobArena.framework.Arena, int):void" />
		</instance>
	</pattern>
	<pattern name="Template Method">
		<instance>
			<role name="AbstractClass" element="com.garbagemule.MobArena.leaderboards.AbstractLeaderboardColumn" />
			<role name="TemplateMethod()" element="com.garbagemule.MobArena.leaderboards.AbstractLeaderboardColumn::update(java.util.List):void" />
		</instance>
	</pattern>
	<pattern name="Visitor" />
	<pattern name="Proxy" />
	<pattern name="Proxy2">
		<instance>
			<role name="Proxy" element="com.garbagemule.MobArena.util.timer.AutoStartTimer" />
			<role name="RealSubject" element="com.garbagemule.MobArena.util.timer.ChatCallback" />
			<role name="Subject" element="com.garbagemule.MobArena.util.timer.TimerCallback" />
			<role name="subject" element="com.garbagemule.MobArena.util.timer.AutoStartTimer::internalCallback:com.garbagemule.MobArena.util.timer.TimerCallback" />
			<role name="Request()" element="com.garbagemule.MobArena.util.timer.AutoStartTimer::onStart():void" />
			<role name="Request()" element="com.garbagemule.MobArena.util.timer.AutoStartTimer::onStop():void" />
			<role name="Request()" element="com.garbagemule.MobArena.util.timer.AutoStartTimer::onTick():void" />
		</instance>
		<instance>
			<role name="Proxy" element="com.garbagemule.MobArena.util.timer.AutoStartTimer" />
			<role name="RealSubject" element="com.garbagemule.MobArena.util.timer.LevelCallback" />
			<role name="Subject" element="com.garbagemule.MobArena.util.timer.TimerCallback" />
			<role name="subject" element="com.garbagemule.MobArena.util.timer.AutoStartTimer::internalCallback:com.garbagemule.MobArena.util.timer.TimerCallback" />
			<role name="Request()" element="com.garbagemule.MobArena.util.timer.AutoStartTimer::onStart():void" />
			<role name="Request()" element="com.garbagemule.MobArena.util.timer.AutoStartTimer::onStop():void" />
			<role name="Request()" element="com.garbagemule.MobArena.util.timer.AutoStartTimer::onTick():void" />
		</instance>
		<instance>
			<role name="Proxy" element="com.garbagemule.MobArena.util.timer.StartDelayTimer" />
			<role name="RealSubject" element="com.garbagemule.MobArena.util.timer.ChatCallback" />
			<role name="Subject" element="com.garbagemule.MobArena.util.timer.TimerCallback" />
			<role name="subject" element="com.garbagemule.MobArena.util.timer.StartDelayTimer::internalCallback:com.garbagemule.MobArena.util.timer.TimerCallback" />
			<role name="Request()" element="com.garbagemule.MobArena.util.timer.StartDelayTimer::onStart():void" />
			<role name="Request()" element="com.garbagemule.MobArena.util.timer.StartDelayTimer::onStop():void" />
			<role name="Request()" element="com.garbagemule.MobArena.util.timer.StartDelayTimer::onTick():void" />
		</instance>
		<instance>
			<role name="Proxy" element="com.garbagemule.MobArena.util.timer.StartDelayTimer" />
			<role name="RealSubject" element="com.garbagemule.MobArena.util.timer.LevelCallback" />
			<role name="Subject" element="com.garbagemule.MobArena.util.timer.TimerCallback" />
			<role name="subject" element="com.garbagemule.MobArena.util.timer.StartDelayTimer::internalCallback:com.garbagemule.MobArena.util.timer.TimerCallback" />
			<role name="Request()" element="com.garbagemule.MobArena.util.timer.StartDelayTimer::onStart():void" />
			<role name="Request()" element="com.garbagemule.MobArena.util.timer.StartDelayTimer::onStop():void" />
			<role name="Request()" element="com.garbagemule.MobArena.util.timer.StartDelayTimer::onTick():void" />
		</instance>
	</pattern>
	<pattern name="Chain of Responsibility" />
</system>

