<?xml version="1.0" encoding="UTF-8"?>
<system>
	<pattern name="Factory Method">
		<instance>
			<role name="Creator" element="org.kohsuke.args4j.spi.Setter" />
			<role name="FactoryMethod()" element="org.kohsuke.args4j.spi.Setter::asFieldSetter():org.kohsuke.args4j.spi.FieldSetter" />
		</instance>
	</pattern>
	<pattern name="Prototype" />
	<pattern name="Singleton">
		<instance>
			<role name="Singleton" element="org.kohsuke.args4j.OptionHandlerRegistry" />
			<role name="uniqueInstance" element="org.kohsuke.args4j.OptionHandlerRegistry::instance:org.kohsuke.args4j.OptionHandlerRegistry" />
		</instance>
	</pattern>
	<pattern name="(Object)Adapter" />
	<pattern name="Command">
		<instance>
			<role name="Receiver" element="org.kohsuke.args4j.spi.SubCommands" />
			<role name="ConcreteCommand" element="org.kohsuke.args4j.spi.SubCommandHandler" />
			<role name="receiver" element="org.kohsuke.args4j.spi.SubCommandHandler::commands:org.kohsuke.args4j.spi.SubCommands" />
			<role name="Execute()" element="org.kohsuke.args4j.spi.SubCommandHandler::parseArguments(org.kohsuke.args4j.spi.Parameters):int" />
			<role name="Execute()" element="org.kohsuke.args4j.spi.SubCommandHandler::getDefaultMetaVariable():java.lang.String" />
		</instance>
	</pattern>
	<pattern name="Composite" />
	<pattern name="Decorator" />
	<pattern name="Observer" />
	<pattern name="State">
		<instance>
			<role name="Context" element="org.kohsuke.args4j.spi.SubCommandHandler" />
			<role name="State" element="org.kohsuke.args4j.spi.SubCommands" />
			<role name="state" element="org.kohsuke.args4j.spi.SubCommandHandler::commands:org.kohsuke.args4j.spi.SubCommands" />
			<role name="Request()" element="org.kohsuke.args4j.spi.SubCommandHandler::parseArguments(org.kohsuke.args4j.spi.Parameters):int" />
			<role name="Request()" element="org.kohsuke.args4j.spi.SubCommandHandler::getDefaultMetaVariable():java.lang.String" />
		</instance>
		<instance>
			<role name="Context" element="org.kohsuke.args4j.CmdLineParser" />
			<role name="State" element="org.kohsuke.args4j.spi.OptionHandler" />
			<role name="state" element="org.kohsuke.args4j.CmdLineParser::currentOptionHandler:org.kohsuke.args4j.spi.OptionHandler" />
			<role name="Request()" element="org.kohsuke.args4j.CmdLineParser::parseArgument(java.lang.String[]):void" />
		</instance>
	</pattern>
	<pattern name="Strategy" />
	<pattern name="Bridge" />
	<pattern name="Template Method">
		<instance>
			<role name="AbstractClass" element="org.kohsuke.args4j.spi.OneArgumentOptionHandler" />
			<role name="TemplateMethod()" element="org.kohsuke.args4j.spi.OneArgumentOptionHandler::parseArguments(org.kohsuke.args4j.spi.Parameters):int" />
		</instance>
		<instance>
			<role name="AbstractClass" element="org.kohsuke.args4j.spi.OptionHandler" />
			<role name="TemplateMethod()" element="org.kohsuke.args4j.spi.OptionHandler::getMetaVariable(java.util.ResourceBundle):java.lang.String" />
		</instance>
	</pattern>
	<pattern name="Visitor" />
	<pattern name="Proxy">
		<instance>
			<role name="Proxy" element="org.kohsuke.args4j.spi.DelimitedOptionHandler" />
			<role name="RealSubject" element="org.kohsuke.args4j.spi.OneArgumentOptionHandler" />
			<role name="Request()" element="org.kohsuke.args4j.spi.DelimitedOptionHandler::getDefaultMetaVariable():java.lang.String" />
		</instance>
	</pattern>
	<pattern name="Proxy2" />
	<pattern name="Chain of Responsibility" />
</system>

