<?xml version="1.0" encoding="UTF-8"?>
<system>
	<pattern name="Factory Method" />
	<pattern name="Prototype" />
	<pattern name="Singleton">
		<instance>
			<role name="Singleton" element="com.digitalpebble.behemoth.util.CorpusGenerator$Counters" />
			<role name="uniqueInstance" element="com.digitalpebble.behemoth.util.CorpusGenerator$Counters::DOC_COUNT:com.digitalpebble.behemoth.util.CorpusGenerator$Counters" />
		</instance>
	</pattern>
	<pattern name="(Object)Adapter">
		<instance>
			<role name="Adaptee" element="com.digitalpebble.behemoth.gate.GATEAnnotationFilters" />
			<role name="Adapter" element="com.digitalpebble.behemoth.gate.GATEProcessor" />
			<role name="adaptee" element="com.digitalpebble.behemoth.gate.GATEProcessor::filters:com.digitalpebble.behemoth.gate.GATEAnnotationFilters" />
			<role name="Request()" element="com.digitalpebble.behemoth.gate.GATEProcessor::process(com.digitalpebble.behemoth.BehemothDocument, org.apache.hadoop.mapred.Reporter):com.digitalpebble.behemoth.BehemothDocument[]" />
		</instance>
	</pattern>
	<pattern name="Command" />
	<pattern name="Composite" />
	<pattern name="Decorator" />
	<pattern name="Observer" />
	<pattern name="State" />
	<pattern name="Strategy" />
	<pattern name="Bridge" />
	<pattern name="Template Method" />
	<pattern name="Visitor" />
	<pattern name="Proxy" />
	<pattern name="Proxy2" />
	<pattern name="Chain of Responsibility" />
</system>

