<?xml version="1.0" encoding="UTF-8"?>
<system>
	<pattern name="Factory Method">
		<instance>
			<role name="Creator" element="org.jongo.query.QueryFactory" />
			<role name="FactoryMethod()" element="org.jongo.query.QueryFactory::createQuery(java.lang.String, java.lang.Object[]):org.jongo.query.Query" />
		</instance>
	</pattern>
	<pattern name="Prototype" />
	<pattern name="Singleton" />
	<pattern name="(Object)Adapter">
		<instance>
			<role name="Adaptee" element="org.jongo.marshall.jackson.configuration.Mapping" />
			<role name="Adapter" element="org.jongo.marshall.jackson.JacksonEngine" />
			<role name="adaptee" element="org.jongo.marshall.jackson.JacksonEngine::mapping:org.jongo.marshall.jackson.configuration.Mapping" />
			<role name="Request()" element="org.jongo.marshall.jackson.JacksonEngine::unmarshall(, java.lang.Class):java.lang.Object" />
			<role name="Request()" element="org.jongo.marshall.jackson.JacksonEngine::marshall(java.lang.Object):org.jongo.bson.BsonDocument" />
		</instance>
		<instance>
			<role name="Adaptee" element="org.jongo.marshall.jackson.IdSelector" />
			<role name="Adapter" element="org.jongo.marshall.jackson.JacksonObjectIdUpdater" />
			<role name="adaptee" element="org.jongo.marshall.jackson.JacksonObjectIdUpdater::idSelector:org.jongo.marshall.jackson.IdSelector" />
			<role name="Request()" element="org.jongo.marshall.jackson.JacksonObjectIdUpdater::mustGenerateObjectId(java.lang.Object):boolean" />
			<role name="Request()" element="org.jongo.marshall.jackson.JacksonObjectIdUpdater::getId(java.lang.Object):java.lang.Object" />
			<role name="Request()" element="org.jongo.marshall.jackson.JacksonObjectIdUpdater::setObjectId(java.lang.Object, org.bson.types.ObjectId):void" />
		</instance>
		<instance>
			<role name="Adaptee" element="org.jongo.ReflectiveObjectIdUpdater$IdFieldSelector" />
			<role name="Adapter" element="org.jongo.ReflectiveObjectIdUpdater" />
			<role name="adaptee" element="org.jongo.ReflectiveObjectIdUpdater::idFieldSelector:org.jongo.ReflectiveObjectIdUpdater$IdFieldSelector" />
			<role name="Request()" element="org.jongo.ReflectiveObjectIdUpdater::getId(java.lang.Object):java.lang.Object" />
		</instance>
		<instance>
			<role name="Adaptee" element="org.jongo.marshall.Unmarshaller" />
			<role name="Adapter" element="org.jongo.ResultHandlerFactory$UnmarshallingResultHandler" />
			<role name="adaptee" element="org.jongo.ResultHandlerFactory$UnmarshallingResultHandler::unmarshaller:org.jongo.marshall.Unmarshaller" />
			<role name="Request()" element="org.jongo.ResultHandlerFactory$UnmarshallingResultHandler::map(com.mongodb.DBObject):java.lang.Object" />
		</instance>
	</pattern>
	<pattern name="Command" />
	<pattern name="Composite" />
	<pattern name="Decorator" />
	<pattern name="Observer" />
	<pattern name="State">
		<instance>
			<role name="Context" element="org.jongo.Aggregate" />
			<role name="State" element="org.jongo.query.QueryFactory" />
			<role name="state" element="org.jongo.Aggregate::queryFactory:org.jongo.query.QueryFactory" />
			<role name="Request()" element="org.jongo.Aggregate::and(java.lang.String, java.lang.Object[]):org.jongo.Aggregate" />
		</instance>
		<instance>
			<role name="Context" element="org.jongo.Distinct" />
			<role name="State" element="org.jongo.query.QueryFactory" />
			<role name="state" element="org.jongo.Distinct::queryFactory:org.jongo.query.QueryFactory" />
			<role name="Request()" element="org.jongo.Distinct::query(java.lang.String):org.jongo.Distinct" />
			<role name="Request()" element="org.jongo.Distinct::query(java.lang.String, java.lang.Object[]):org.jongo.Distinct" />
		</instance>
		<instance>
			<role name="Context" element="org.jongo.Find" />
			<role name="State" element="org.jongo.query.QueryFactory" />
			<role name="state" element="org.jongo.Find::queryFactory:org.jongo.query.QueryFactory" />
			<role name="Request()" element="org.jongo.Find::projection(java.lang.String):org.jongo.Find" />
			<role name="Request()" element="org.jongo.Find::projection(java.lang.String, java.lang.Object[]):org.jongo.Find" />
			<role name="Request()" element="org.jongo.Find::sort(java.lang.String):org.jongo.Find" />
			<role name="Request()" element="org.jongo.Find::hint(java.lang.String):org.jongo.Find" />
		</instance>
		<instance>
			<role name="Context" element="org.jongo.FindAndModify" />
			<role name="State" element="org.jongo.query.QueryFactory" />
			<role name="state" element="org.jongo.FindAndModify::queryFactory:org.jongo.query.QueryFactory" />
			<role name="Request()" element="org.jongo.FindAndModify::with(java.lang.String, java.lang.Object[]):org.jongo.FindAndModify" />
			<role name="Request()" element="org.jongo.FindAndModify::projection(java.lang.String):org.jongo.FindAndModify" />
			<role name="Request()" element="org.jongo.FindAndModify::projection(java.lang.String, java.lang.Object[]):org.jongo.FindAndModify" />
			<role name="Request()" element="org.jongo.FindAndModify::sort(java.lang.String):org.jongo.FindAndModify" />
		</instance>
		<instance>
			<role name="Context" element="org.jongo.FindOne" />
			<role name="State" element="org.jongo.query.QueryFactory" />
			<role name="state" element="org.jongo.FindOne::queryFactory:org.jongo.query.QueryFactory" />
			<role name="Request()" element="org.jongo.FindOne::projection(java.lang.String):org.jongo.FindOne" />
			<role name="Request()" element="org.jongo.FindOne::projection(java.lang.String, java.lang.Object[]):org.jongo.FindOne" />
			<role name="Request()" element="org.jongo.FindOne::orderBy(java.lang.String):org.jongo.FindOne" />
		</instance>
		<instance>
			<role name="Context" element="org.jongo.Insert" />
			<role name="State" element="org.jongo.query.QueryFactory" />
			<role name="state" element="org.jongo.Insert::queryFactory:org.jongo.query.QueryFactory" />
			<role name="Request()" element="org.jongo.Insert::insert(java.lang.String, java.lang.Object[]):com.mongodb.WriteResult" />
		</instance>
		<instance>
			<role name="Context" element="org.jongo.Update" />
			<role name="State" element="org.jongo.query.QueryFactory" />
			<role name="state" element="org.jongo.Update::queryFactory:org.jongo.query.QueryFactory" />
			<role name="Request()" element="org.jongo.Update::with(java.lang.String, java.lang.Object[]):com.mongodb.WriteResult" />
			<role name="Request()" element="org.jongo.Update::with(java.lang.Object):com.mongodb.WriteResult" />
			<role name="Request()" element="org.jongo.Update::createQuery(java.lang.String, java.lang.Object[]):org.jongo.query.Query" />
		</instance>
		<instance>
			<role name="Context" element="org.jongo.Aggregate$ResultsIterator" />
			<role name="State" element="org.jongo.ResultHandler" />
			<role name="state" element="org.jongo.Aggregate$ResultsIterator::resultHandler:org.jongo.ResultHandler" />
			<role name="Request()" element="org.jongo.Aggregate$ResultsIterator::next():java.lang.Object" />
		</instance>
		<instance>
			<role name="Context" element="org.jongo.MongoCursor" />
			<role name="State" element="org.jongo.ResultHandler" />
			<role name="state" element="org.jongo.MongoCursor::resultHandler:org.jongo.ResultHandler" />
			<role name="Request()" element="org.jongo.MongoCursor::next():java.lang.Object" />
		</instance>
		<instance>
			<role name="State" element="org.jongo.query.Query" />
			<role name="Context" element="org.jongo.Command" />
			<role name="state" element="org.jongo.Command::query:org.jongo.query.Query" />
			<role name="Request()" element="org.jongo.Command::executeCommand():com.mongodb.CommandResult" />
		</instance>
		<instance>
			<role name="State" element="org.jongo.query.Query" />
			<role name="Context" element="org.jongo.Distinct" />
			<role name="state" element="org.jongo.Distinct::query:org.jongo.query.Query" />
			<role name="Request()" element="org.jongo.Distinct::as():java.util.List" />
			<role name="Request()" element="org.jongo.Distinct::map():java.util.List" />
		</instance>
		<instance>
			<role name="State" element="org.jongo.query.Query" />
			<role name="Context" element="org.jongo.Find" />
			<role name="state" element="org.jongo.Find::query:org.jongo.query.Query" />
			<role name="state" element="org.jongo.Find::fields:org.jongo.query.Query" />
			<role name="Request()" element="org.jongo.Find::map():org.jongo.MongoCursor" />
			<role name="Request()" element="org.jongo.Find::getFieldsAsDBObject():com.mongodb.DBObject" />
		</instance>
		<instance>
			<role name="State" element="org.jongo.query.Query" />
			<role name="Context" element="org.jongo.FindAndModify" />
			<role name="state" element="org.jongo.FindAndModify::query:org.jongo.query.Query" />
			<role name="state" element="org.jongo.FindAndModify::fields:org.jongo.query.Query" />
			<role name="state" element="org.jongo.FindAndModify::sort:org.jongo.query.Query" />
			<role name="state" element="org.jongo.FindAndModify::modifier:org.jongo.query.Query" />
			<role name="Request()" element="org.jongo.FindAndModify::map():java.lang.Object" />
		</instance>
		<instance>
			<role name="State" element="org.jongo.query.Query" />
			<role name="Context" element="org.jongo.FindOne" />
			<role name="state" element="org.jongo.FindOne::query:org.jongo.query.Query" />
			<role name="state" element="org.jongo.FindOne::fields:org.jongo.query.Query" />
			<role name="state" element="org.jongo.FindOne::orderBy:org.jongo.query.Query" />
			<role name="Request()" element="org.jongo.FindOne::map():java.lang.Object" />
			<role name="Request()" element="org.jongo.FindOne::getFieldsAsDBObject():com.mongodb.DBObject" />
			<role name="Request()" element="org.jongo.FindOne::getOrderByAsDBObject():com.mongodb.DBObject" />
		</instance>
		<instance>
			<role name="State" element="org.jongo.query.Query" />
			<role name="Context" element="org.jongo.Update" />
			<role name="state" element="org.jongo.Update::query:org.jongo.query.Query" />
			<role name="Request()" element="org.jongo.Update::with(java.lang.String, java.lang.Object[]):com.mongodb.WriteResult" />
			<role name="Request()" element="org.jongo.Update::with(java.lang.Object):com.mongodb.WriteResult" />
		</instance>
		<instance>
			<role name="Context" element="org.jongo.Jongo" />
			<role name="State" element="org.jongo.Mapper" />
			<role name="state" element="org.jongo.Jongo::mapper:org.jongo.Mapper" />
			<role name="Request()" element="org.jongo.Jongo::createQuery(java.lang.String, java.lang.Object[]):org.jongo.query.Query" />
			<role name="Request()" element="org.jongo.Jongo::runCommand(java.lang.String, java.lang.Object[]):org.jongo.Command" />
		</instance>
		<instance>
			<role name="Context" element="org.jongo.MongoCollection" />
			<role name="State" element="org.jongo.Mapper" />
			<role name="state" element="org.jongo.MongoCollection::mapper:org.jongo.Mapper" />
			<role name="Request()" element="org.jongo.MongoCollection::findOne(org.bson.types.ObjectId):org.jongo.FindOne" />
			<role name="Request()" element="org.jongo.MongoCollection::findOne(java.lang.String, java.lang.Object[]):org.jongo.FindOne" />
			<role name="Request()" element="org.jongo.MongoCollection::find(java.lang.String, java.lang.Object[]):org.jongo.Find" />
			<role name="Request()" element="org.jongo.MongoCollection::findAndModify(java.lang.String, java.lang.Object[]):org.jongo.FindAndModify" />
			<role name="Request()" element="org.jongo.MongoCollection::update(java.lang.String, java.lang.Object[]):org.jongo.Update" />
			<role name="Request()" element="org.jongo.MongoCollection::save(java.lang.Object):com.mongodb.WriteResult" />
			<role name="Request()" element="org.jongo.MongoCollection::insert(java.lang.Object[]):com.mongodb.WriteResult" />
			<role name="Request()" element="org.jongo.MongoCollection::insert(java.lang.String, java.lang.Object[]):com.mongodb.WriteResult" />
			<role name="Request()" element="org.jongo.MongoCollection::distinct(java.lang.String):org.jongo.Distinct" />
			<role name="Request()" element="org.jongo.MongoCollection::aggregate(java.lang.String, java.lang.Object[]):org.jongo.Aggregate" />
			<role name="Request()" element="org.jongo.MongoCollection::createQuery(java.lang.String, java.lang.Object[]):org.jongo.query.Query" />
		</instance>
		<instance>
			<role name="Context" element="org.jongo.Insert" />
			<role name="State" element="org.jongo.ObjectIdUpdater" />
			<role name="state" element="org.jongo.Insert::objectIdUpdater:org.jongo.ObjectIdUpdater" />
			<role name="Request()" element="org.jongo.Insert::preparePojo(java.lang.Object):java.lang.Object" />
		</instance>
		<instance>
			<role name="Context" element="org.jongo.marshall.jackson.JongoAnnotationIntrospector" />
			<role name="State" element="org.jongo.marshall.jackson.IdSelector" />
			<role name="state" element="org.jongo.marshall.jackson.JongoAnnotationIntrospector::idSelector:org.jongo.marshall.jackson.IdSelector" />
			<role name="Request()" element="org.jongo.marshall.jackson.JongoAnnotationIntrospector::findSerializationInclusion(com.fasterxml.jackson.databind.introspect.Annotated, com.fasterxml.jackson.annotation.JsonInclude$Include):com.fasterxml.jackson.annotation.JsonInclude$Include" />
			<role name="Request()" element="org.jongo.marshall.jackson.JongoAnnotationIntrospector::findSerializer(com.fasterxml.jackson.databind.introspect.Annotated):java.lang.Object" />
			<role name="Request()" element="org.jongo.marshall.jackson.JongoAnnotationIntrospector::findDeserializer(com.fasterxml.jackson.databind.introspect.Annotated):java.lang.Object" />
			<role name="Request()" element="org.jongo.marshall.jackson.JongoAnnotationIntrospector::findNameForSerialization(com.fasterxml.jackson.databind.introspect.Annotated):com.fasterxml.jackson.databind.PropertyName" />
			<role name="Request()" element="org.jongo.marshall.jackson.JongoAnnotationIntrospector::findNameForDeserialization(com.fasterxml.jackson.databind.introspect.Annotated):com.fasterxml.jackson.databind.PropertyName" />
		</instance>
		<instance>
			<role name="Context" element="org.jongo.marshall.jackson.JacksonObjectIdUpdater" />
			<role name="State" element="org.jongo.marshall.jackson.IdSelector" />
			<role name="state" element="org.jongo.marshall.jackson.JacksonObjectIdUpdater::idSelector:org.jongo.marshall.jackson.IdSelector" />
			<role name="Request()" element="org.jongo.marshall.jackson.JacksonObjectIdUpdater::mustGenerateObjectId(java.lang.Object):boolean" />
			<role name="Request()" element="org.jongo.marshall.jackson.JacksonObjectIdUpdater::getId(java.lang.Object):java.lang.Object" />
			<role name="Request()" element="org.jongo.marshall.jackson.JacksonObjectIdUpdater::setObjectId(java.lang.Object, org.bson.types.ObjectId):void" />
		</instance>
		<instance>
			<role name="Context" element="org.jongo.ReflectiveObjectIdUpdater" />
			<role name="State" element="org.jongo.ReflectiveObjectIdUpdater$IdFieldSelector" />
			<role name="state" element="org.jongo.ReflectiveObjectIdUpdater::idFieldSelector:org.jongo.ReflectiveObjectIdUpdater$IdFieldSelector" />
			<role name="Request()" element="org.jongo.ReflectiveObjectIdUpdater::getId(java.lang.Object):java.lang.Object" />
			<role name="Request()" element="org.jongo.ReflectiveObjectIdUpdater::updateField(java.lang.Object, org.bson.types.ObjectId, java.lang.reflect.Field):void" />
			<role name="Request()" element="org.jongo.ReflectiveObjectIdUpdater::selectIdField(java.lang.Class):java.lang.reflect.Field" />
			<role name="Request()" element="org.jongo.ReflectiveObjectIdUpdater::isAnEmptyObjectId(java.lang.Object, java.lang.reflect.Field):boolean" />
		</instance>
		<instance>
			<role name="Context" element="org.jongo.marshall.jackson.configuration.Mapping" />
			<role name="State" element="org.jongo.marshall.jackson.configuration.ReaderCallback" />
			<role name="state" element="org.jongo.marshall.jackson.configuration.Mapping::readerCallback:org.jongo.marshall.jackson.configuration.ReaderCallback" />
			<role name="Request()" element="org.jongo.marshall.jackson.configuration.Mapping::getReader(java.lang.Class):com.fasterxml.jackson.databind.ObjectReader" />
		</instance>
		<instance>
			<role name="Context" element="org.jongo.marshall.jackson.configuration.Mapping" />
			<role name="State" element="org.jongo.marshall.jackson.configuration.WriterCallback" />
			<role name="state" element="org.jongo.marshall.jackson.configuration.Mapping::writerCallback:org.jongo.marshall.jackson.configuration.WriterCallback" />
			<role name="Request()" element="org.jongo.marshall.jackson.configuration.Mapping::getWriter(java.lang.Object):com.fasterxml.jackson.databind.ObjectWriter" />
		</instance>
		<instance>
			<role name="Context" element="org.jongo.query.BsonQueryFactory" />
			<role name="State" element="org.jongo.marshall.Marshaller" />
			<role name="state" element="org.jongo.query.BsonQueryFactory::marshaller:org.jongo.marshall.Marshaller" />
			<role name="Request()" element="org.jongo.query.BsonQueryFactory::marshallDocument(java.lang.Object):java.lang.Object" />
			<role name="Request()" element="org.jongo.query.BsonQueryFactory::marshallParameterAsPrimitive(java.lang.Object):java.lang.Object" />
		</instance>
	</pattern>
	<pattern name="Strategy" />
	<pattern name="Bridge">
		<instance>
			<role name="Abstraction" element="org.jongo.marshall.jackson.configuration.AbstractMappingBuilder" />
			<role name="Implementor" element="org.jongo.marshall.jackson.configuration.MapperModifier" />
			<role name="implementor" element="org.jongo.marshall.jackson.configuration.AbstractMappingBuilder::visibilityModifier:org.jongo.marshall.jackson.configuration.MapperModifier" />
			<role name="Operation()" element="org.jongo.marshall.jackson.configuration.AbstractMappingBuilder::createMapping():org.jongo.marshall.jackson.configuration.Mapping" />
		</instance>
	</pattern>
	<pattern name="Template Method">
		<instance>
			<role name="AbstractClass" element="org.jongo.marshall.jackson.configuration.AbstractMappingBuilder" />
			<role name="TemplateMethod()" element="org.jongo.marshall.jackson.configuration.AbstractMappingBuilder::addDeserializer(, com.fasterxml.jackson.databind.JsonDeserializer):org.jongo.marshall.jackson.configuration.AbstractMappingBuilder" />
			<role name="TemplateMethod()" element="org.jongo.marshall.jackson.configuration.AbstractMappingBuilder::addSerializer(, com.fasterxml.jackson.databind.JsonSerializer):org.jongo.marshall.jackson.configuration.AbstractMappingBuilder" />
			<role name="TemplateMethod()" element="org.jongo.marshall.jackson.configuration.AbstractMappingBuilder::registerModule(com.fasterxml.jackson.databind.Module):org.jongo.marshall.jackson.configuration.AbstractMappingBuilder" />
			<role name="TemplateMethod()" element="org.jongo.marshall.jackson.configuration.AbstractMappingBuilder::withView(java.lang.Class):org.jongo.marshall.jackson.configuration.AbstractMappingBuilder" />
			<role name="TemplateMethod()" element="org.jongo.marshall.jackson.configuration.AbstractMappingBuilder::setVisibilityChecker(com.fasterxml.jackson.databind.introspect.VisibilityChecker):org.jongo.marshall.jackson.configuration.AbstractMappingBuilder" />
			<role name="TemplateMethod()" element="org.jongo.marshall.jackson.configuration.AbstractMappingBuilder::enable(com.fasterxml.jackson.databind.DeserializationFeature):org.jongo.marshall.jackson.configuration.AbstractMappingBuilder" />
			<role name="TemplateMethod()" element="org.jongo.marshall.jackson.configuration.AbstractMappingBuilder::enable(com.fasterxml.jackson.databind.SerializationFeature):org.jongo.marshall.jackson.configuration.AbstractMappingBuilder" />
			<role name="TemplateMethod()" element="org.jongo.marshall.jackson.configuration.AbstractMappingBuilder::enable(com.fasterxml.jackson.databind.MapperFeature):org.jongo.marshall.jackson.configuration.AbstractMappingBuilder" />
			<role name="TemplateMethod()" element="org.jongo.marshall.jackson.configuration.AbstractMappingBuilder::disable(com.fasterxml.jackson.databind.DeserializationFeature):org.jongo.marshall.jackson.configuration.AbstractMappingBuilder" />
			<role name="TemplateMethod()" element="org.jongo.marshall.jackson.configuration.AbstractMappingBuilder::disable(com.fasterxml.jackson.databind.SerializationFeature):org.jongo.marshall.jackson.configuration.AbstractMappingBuilder" />
			<role name="TemplateMethod()" element="org.jongo.marshall.jackson.configuration.AbstractMappingBuilder::disable(com.fasterxml.jackson.databind.MapperFeature):org.jongo.marshall.jackson.configuration.AbstractMappingBuilder" />
			<role name="TemplateMethod()" element="org.jongo.marshall.jackson.configuration.AbstractMappingBuilder::addModifier(org.jongo.marshall.jackson.configuration.MapperModifier):org.jongo.marshall.jackson.configuration.AbstractMappingBuilder" />
			<role name="TemplateMethod()" element="org.jongo.marshall.jackson.configuration.AbstractMappingBuilder::setReaderCallback(org.jongo.marshall.jackson.configuration.ReaderCallback):org.jongo.marshall.jackson.configuration.AbstractMappingBuilder" />
			<role name="TemplateMethod()" element="org.jongo.marshall.jackson.configuration.AbstractMappingBuilder::setWriterCallback(org.jongo.marshall.jackson.configuration.WriterCallback):org.jongo.marshall.jackson.configuration.AbstractMappingBuilder" />
		</instance>
	</pattern>
	<pattern name="Visitor" />
	<pattern name="Proxy" />
	<pattern name="Proxy2" />
	<pattern name="Chain of Responsibility" />
</system>

