<?xml version="1.0" encoding="UTF-8"?>
<system>
	<pattern name="Factory Method">
		<instance>
			<role name="Creator" element="org.demoiselle.jee.core.api.crud.Crud" />
			<role name="FactoryMethod()" element="org.demoiselle.jee.core.api.crud.Crud::find():org.demoiselle.jee.core.api.crud.Result" />
		</instance>
	</pattern>
	<pattern name="Prototype" />
	<pattern name="Singleton" />
	<pattern name="(Object)Adapter">
		<instance>
			<role name="Adaptee" element="org.demoiselle.jee.crud.CrudMessage" />
			<role name="Adapter" element="org.demoiselle.jee.crud.AbstractREST" />
			<role name="adaptee" element="org.demoiselle.jee.crud.AbstractREST::crudMessage:org.demoiselle.jee.crud.CrudMessage" />
			<role name="Request()" element="org.demoiselle.jee.crud.AbstractREST::find():org.demoiselle.jee.core.api.crud.Result" />
		</instance>
		<instance>
			<role name="Adaptee" element="org.demoiselle.jee.crud.DemoiselleRequestContext" />
			<role name="Adapter" element="org.demoiselle.jee.crud.AbstractDAO" />
			<role name="adaptee" element="org.demoiselle.jee.crud.AbstractDAO::drc:org.demoiselle.jee.crud.DemoiselleRequestContext" />
			<role name="Request()" element="org.demoiselle.jee.crud.AbstractDAO::find():org.demoiselle.jee.core.api.crud.Result" />
		</instance>
		<instance>
			<role name="Adaptee" element="org.demoiselle.jee.rest.DemoiselleRestConfig" />
			<role name="Adapter" element="org.demoiselle.jee.rest.exception.treatment.ExceptionTreatmentImpl" />
			<role name="adaptee" element="org.demoiselle.jee.rest.exception.treatment.ExceptionTreatmentImpl::config:org.demoiselle.jee.rest.DemoiselleRestConfig" />
			<role name="Request()" element="org.demoiselle.jee.rest.exception.treatment.ExceptionTreatmentImpl::getFormatedError(java.lang.Throwable, javax.servlet.http.HttpServletRequest):javax.ws.rs.core.Response" />
		</instance>
		<instance>
			<role name="Adaptee" element="org.demoiselle.jee.core.api.security.TokenManager" />
			<role name="Adapter" element="org.demoiselle.jee.security.impl.SecurityContextImpl" />
			<role name="adaptee" element="org.demoiselle.jee.security.impl.SecurityContextImpl::tm:org.demoiselle.jee.core.api.security.TokenManager" />
			<role name="Request()" element="org.demoiselle.jee.security.impl.SecurityContextImpl::isLoggedIn():boolean" />
			<role name="Request()" element="org.demoiselle.jee.security.impl.SecurityContextImpl::getUser():org.demoiselle.jee.core.api.security.DemoiselleUser" />
			<role name="Request()" element="org.demoiselle.jee.security.impl.SecurityContextImpl::setUser(org.demoiselle.jee.core.api.security.DemoiselleUser):void" />
			<role name="Request()" element="org.demoiselle.jee.security.impl.SecurityContextImpl::getUser(java.lang.String, java.lang.String):org.demoiselle.jee.core.api.security.DemoiselleUser" />
			<role name="Request()" element="org.demoiselle.jee.security.impl.SecurityContextImpl::setUser(org.demoiselle.jee.core.api.security.DemoiselleUser, java.lang.String, java.lang.String):void" />
			<role name="Request()" element="org.demoiselle.jee.security.impl.SecurityContextImpl::removeUser(org.demoiselle.jee.core.api.security.DemoiselleUser):void" />
		</instance>
		<instance>
			<role name="Adaptee" element="org.demoiselle.jee.core.api.security.Token" />
			<role name="Adapter" element="org.demoiselle.jee.security.token.impl.TokenManagerImpl" />
			<role name="adaptee" element="org.demoiselle.jee.security.token.impl.TokenManagerImpl::token:org.demoiselle.jee.core.api.security.Token" />
			<role name="Request()" element="org.demoiselle.jee.security.token.impl.TokenManagerImpl::getUser():org.demoiselle.jee.core.api.security.DemoiselleUser" />
			<role name="Request()" element="org.demoiselle.jee.security.token.impl.TokenManagerImpl::setUser(org.demoiselle.jee.core.api.security.DemoiselleUser):void" />
		</instance>
	</pattern>
	<pattern name="Command" />
	<pattern name="Composite" />
	<pattern name="Decorator" />
	<pattern name="Observer" />
	<pattern name="State">
		<instance>
			<role name="State" element="org.demoiselle.jee.crud.DemoiselleRequestContext" />
			<role name="Context" element="org.demoiselle.jee.crud.sort.SortHelper" />
			<role name="state" element="org.demoiselle.jee.crud.sort.SortHelper::drc:org.demoiselle.jee.crud.DemoiselleRequestContext" />
			<role name="Request()" element="org.demoiselle.jee.crud.sort.SortHelper::execute(javax.ws.rs.container.ResourceInfo, javax.ws.rs.core.UriInfo):void" />
		</instance>
		<instance>
			<role name="State" element="org.demoiselle.jee.crud.DemoiselleRequestContext" />
			<role name="Context" element="org.demoiselle.jee.crud.CrudFilter" />
			<role name="state" element="org.demoiselle.jee.crud.CrudFilter::drc:org.demoiselle.jee.crud.DemoiselleRequestContext" />
			<role name="Request()" element="org.demoiselle.jee.crud.CrudFilter::filter(javax.ws.rs.container.ContainerRequestContext, javax.ws.rs.container.ContainerResponseContext):void" />
			<role name="Request()" element="org.demoiselle.jee.crud.CrudFilter::getFields():org.demoiselle.jee.crud.TreeNodeField" />
		</instance>
		<instance>
			<role name="State" element="org.demoiselle.jee.crud.DemoiselleRequestContext" />
			<role name="Context" element="org.demoiselle.jee.crud.pagination.PaginationHelper" />
			<role name="state" element="org.demoiselle.jee.crud.pagination.PaginationHelper::drc:org.demoiselle.jee.crud.DemoiselleRequestContext" />
			<role name="Request()" element="org.demoiselle.jee.crud.pagination.PaginationHelper::execute(javax.ws.rs.container.ResourceInfo, javax.ws.rs.core.UriInfo):void" />
			<role name="Request()" element="org.demoiselle.jee.crud.pagination.PaginationHelper::checkAndFillRangeValues():void" />
			<role name="Request()" element="org.demoiselle.jee.crud.pagination.PaginationHelper::isPartialContentResponse():java.lang.Boolean" />
			<role name="Request()" element="org.demoiselle.jee.crud.pagination.PaginationHelper::buildContentRange():java.lang.String" />
			<role name="Request()" element="org.demoiselle.jee.crud.pagination.PaginationHelper::buildAcceptRange():java.lang.String" />
			<role name="Request()" element="org.demoiselle.jee.crud.pagination.PaginationHelper::buildHeaders(javax.ws.rs.container.ResourceInfo, javax.ws.rs.core.UriInfo):java.util.Map" />
			<role name="Request()" element="org.demoiselle.jee.crud.pagination.PaginationHelper::buildLinkHeader():java.lang.String" />
			<role name="Request()" element="org.demoiselle.jee.crud.pagination.PaginationHelper::isFirstPage():java.lang.Boolean" />
		</instance>
		<instance>
			<role name="State" element="org.demoiselle.jee.crud.DemoiselleRequestContext" />
			<role name="Context" element="org.demoiselle.jee.crud.filter.FilterHelper" />
			<role name="state" element="org.demoiselle.jee.crud.filter.FilterHelper::drc:org.demoiselle.jee.crud.DemoiselleRequestContext" />
			<role name="Request()" element="org.demoiselle.jee.crud.filter.FilterHelper::execute(javax.ws.rs.container.ResourceInfo, javax.ws.rs.core.UriInfo):void" />
		</instance>
		<instance>
			<role name="Context" element="org.demoiselle.jee.crud.sort.SortHelper" />
			<role name="State" element="org.demoiselle.jee.crud.CrudMessage" />
			<role name="state" element="org.demoiselle.jee.crud.sort.SortHelper::crudMessage:org.demoiselle.jee.crud.CrudMessage" />
			<role name="Request()" element="org.demoiselle.jee.crud.sort.SortHelper::execute(javax.ws.rs.container.ResourceInfo, javax.ws.rs.core.UriInfo):void" />
			<role name="Request()" element="org.demoiselle.jee.crud.sort.SortHelper::lambda$execute$1(org.demoiselle.jee.crud.sort.SortModel):void" />
		</instance>
		<instance>
			<role name="Context" element="org.demoiselle.jee.crud.sort.SortHelper" />
			<role name="State" element="org.demoiselle.jee.crud.sort.SortHelperMessage" />
			<role name="state" element="org.demoiselle.jee.crud.sort.SortHelper::sortHelperMessage:org.demoiselle.jee.crud.sort.SortHelperMessage" />
			<role name="Request()" element="org.demoiselle.jee.crud.sort.SortHelper::execute(javax.ws.rs.container.ResourceInfo, javax.ws.rs.core.UriInfo):void" />
		</instance>
		<instance>
			<role name="Context" element="org.demoiselle.jee.rest.exception.mapper.AnyOtherExceptionMapper" />
			<role name="State" element="org.demoiselle.jee.core.exception.ExceptionTreatment" />
			<role name="state" element="org.demoiselle.jee.rest.exception.mapper.AnyOtherExceptionMapper::exceptionTreatment:org.demoiselle.jee.core.exception.ExceptionTreatment" />
			<role name="Request()" element="org.demoiselle.jee.rest.exception.mapper.AnyOtherExceptionMapper::toResponse(java.lang.Throwable):javax.ws.rs.core.Response" />
		</instance>
		<instance>
			<role name="Context" element="org.demoiselle.jee.rest.exception.mapper.ValidationExceptionMapper" />
			<role name="State" element="org.demoiselle.jee.core.exception.ExceptionTreatment" />
			<role name="state" element="org.demoiselle.jee.rest.exception.mapper.ValidationExceptionMapper::exceptionTreatment:org.demoiselle.jee.core.exception.ExceptionTreatment" />
			<role name="Request()" element="org.demoiselle.jee.rest.exception.mapper.ValidationExceptionMapper::toResponse(javax.validation.ValidationException):javax.ws.rs.core.Response" />
		</instance>
		<instance>
			<role name="Context" element="org.demoiselle.jee.crud.pagination.PaginationHelper" />
			<role name="State" element="org.demoiselle.jee.crud.pagination.PaginationHelperMessage" />
			<role name="state" element="org.demoiselle.jee.crud.pagination.PaginationHelper::message:org.demoiselle.jee.crud.pagination.PaginationHelperMessage" />
			<role name="Request()" element="org.demoiselle.jee.crud.pagination.PaginationHelper::execute(javax.ws.rs.container.ResourceInfo, javax.ws.rs.core.UriInfo):void" />
			<role name="Request()" element="org.demoiselle.jee.crud.pagination.PaginationHelper::checkAndFillRangeValues():void" />
			<role name="Request()" element="org.demoiselle.jee.crud.pagination.PaginationHelper::logInvalidRangeParameters(java.lang.String):void" />
		</instance>
		<instance>
			<role name="Context" element="org.demoiselle.jee.security.impl.SecurityContextImpl" />
			<role name="State" element="org.demoiselle.jee.core.api.security.TokenManager" />
			<role name="state" element="org.demoiselle.jee.security.impl.SecurityContextImpl::tm:org.demoiselle.jee.core.api.security.TokenManager" />
			<role name="Request()" element="org.demoiselle.jee.security.impl.SecurityContextImpl::isLoggedIn():boolean" />
			<role name="Request()" element="org.demoiselle.jee.security.impl.SecurityContextImpl::getUser():org.demoiselle.jee.core.api.security.DemoiselleUser" />
			<role name="Request()" element="org.demoiselle.jee.security.impl.SecurityContextImpl::setUser(org.demoiselle.jee.core.api.security.DemoiselleUser):void" />
			<role name="Request()" element="org.demoiselle.jee.security.impl.SecurityContextImpl::getUser(java.lang.String, java.lang.String):org.demoiselle.jee.core.api.security.DemoiselleUser" />
			<role name="Request()" element="org.demoiselle.jee.security.impl.SecurityContextImpl::setUser(org.demoiselle.jee.core.api.security.DemoiselleUser, java.lang.String, java.lang.String):void" />
			<role name="Request()" element="org.demoiselle.jee.security.impl.SecurityContextImpl::removeUser(org.demoiselle.jee.core.api.security.DemoiselleUser):void" />
		</instance>
		<instance>
			<role name="State" element="org.demoiselle.jee.core.api.security.SecurityContext" />
			<role name="Context" element="org.demoiselle.jee.security.interceptor.AuthenticatedInterceptor" />
			<role name="state" element="org.demoiselle.jee.security.interceptor.AuthenticatedInterceptor::securityContext:org.demoiselle.jee.core.api.security.SecurityContext" />
			<role name="Request()" element="org.demoiselle.jee.security.interceptor.AuthenticatedInterceptor::manage(javax.interceptor.InvocationContext):java.lang.Object" />
		</instance>
		<instance>
			<role name="State" element="org.demoiselle.jee.core.api.security.SecurityContext" />
			<role name="Context" element="org.demoiselle.jee.security.interceptor.RequiredPermissionInterceptor" />
			<role name="state" element="org.demoiselle.jee.security.interceptor.RequiredPermissionInterceptor::securityContext:org.demoiselle.jee.core.api.security.SecurityContext" />
			<role name="Request()" element="org.demoiselle.jee.security.interceptor.RequiredPermissionInterceptor::manage(javax.interceptor.InvocationContext):java.lang.Object" />
		</instance>
		<instance>
			<role name="State" element="org.demoiselle.jee.core.api.security.SecurityContext" />
			<role name="Context" element="org.demoiselle.jee.security.interceptor.RequiredRoleInterceptor" />
			<role name="state" element="org.demoiselle.jee.security.interceptor.RequiredRoleInterceptor::securityContext:org.demoiselle.jee.core.api.security.SecurityContext" />
			<role name="Request()" element="org.demoiselle.jee.security.interceptor.RequiredRoleInterceptor::manage(javax.interceptor.InvocationContext):java.lang.Object" />
			<role name="Request()" element="org.demoiselle.jee.security.interceptor.RequiredRoleInterceptor::lambda$manage$0(java.lang.String):boolean" />
		</instance>
		<instance>
			<role name="Context" element="org.demoiselle.jee.security.token.impl.TokenManagerImpl" />
			<role name="State" element="org.demoiselle.jee.core.api.security.Token" />
			<role name="state" element="org.demoiselle.jee.security.token.impl.TokenManagerImpl::token:org.demoiselle.jee.core.api.security.Token" />
			<role name="Request()" element="org.demoiselle.jee.security.token.impl.TokenManagerImpl::getUser():org.demoiselle.jee.core.api.security.DemoiselleUser" />
			<role name="Request()" element="org.demoiselle.jee.security.token.impl.TokenManagerImpl::setUser(org.demoiselle.jee.core.api.security.DemoiselleUser):void" />
			<role name="Request()" element="org.demoiselle.jee.security.token.impl.TokenManagerImpl::removeToken():void" />
			<role name="Request()" element="org.demoiselle.jee.security.token.impl.TokenManagerImpl::lambda$removeUser$3(java.util.Map$Entry):void" />
			<role name="Request()" element="org.demoiselle.jee.security.token.impl.TokenManagerImpl::lambda$setUser$1(java.util.Map$Entry):void" />
		</instance>
	</pattern>
	<pattern name="Strategy" />
	<pattern name="Bridge">
		<instance>
			<role name="Implementor" element="org.demoiselle.jee.crud.CrudMessage" />
			<role name="Abstraction" element="org.demoiselle.jee.crud.AbstractREST" />
			<role name="implementor" element="org.demoiselle.jee.crud.AbstractREST::crudMessage:org.demoiselle.jee.crud.CrudMessage" />
			<role name="Operation()" element="org.demoiselle.jee.crud.AbstractREST::find():org.demoiselle.jee.core.api.crud.Result" />
		</instance>
		<instance>
			<role name="Abstraction" element="org.demoiselle.jee.crud.AbstractDAO" />
			<role name="Implementor" element="org.demoiselle.jee.crud.DemoiselleRequestContext" />
			<role name="implementor" element="org.demoiselle.jee.crud.AbstractDAO::drc:org.demoiselle.jee.crud.DemoiselleRequestContext" />
			<role name="Operation()" element="org.demoiselle.jee.crud.AbstractDAO::find():org.demoiselle.jee.core.api.crud.Result" />
			<role name="Operation()" element="org.demoiselle.jee.crud.AbstractDAO::configureCriteriaQuery(javax.persistence.criteria.CriteriaBuilder, javax.persistence.criteria.CriteriaQuery):void" />
			<role name="Operation()" element="org.demoiselle.jee.crud.AbstractDAO::configureOrder(javax.persistence.criteria.CriteriaBuilder, javax.persistence.criteria.CriteriaQuery, javax.persistence.criteria.Root):void" />
			<role name="Operation()" element="org.demoiselle.jee.crud.AbstractDAO::buildPredicates(javax.persistence.criteria.CriteriaBuilder, javax.persistence.criteria.CriteriaQuery, javax.persistence.criteria.Root):javax.persistence.criteria.Predicate[]" />
			<role name="Operation()" element="org.demoiselle.jee.crud.AbstractDAO::getMaxResult():java.lang.Integer" />
			<role name="Operation()" element="org.demoiselle.jee.crud.AbstractDAO::count():java.lang.Long" />
		</instance>
	</pattern>
	<pattern name="Template Method">
		<instance>
			<role name="AbstractClass" element="org.demoiselle.jee.crud.AbstractDAO" />
			<role name="TemplateMethod()" element="org.demoiselle.jee.crud.AbstractDAO::persist(T):java.lang.Object" />
			<role name="TemplateMethod()" element="org.demoiselle.jee.crud.AbstractDAO::mergeHalf(I, T):java.lang.Object" />
			<role name="TemplateMethod()" element="org.demoiselle.jee.crud.AbstractDAO::mergeFull(T):java.lang.Object" />
			<role name="TemplateMethod()" element="org.demoiselle.jee.crud.AbstractDAO::remove(I):void" />
			<role name="TemplateMethod()" element="org.demoiselle.jee.crud.AbstractDAO::find(I):java.lang.Object" />
			<role name="TemplateMethod()" element="org.demoiselle.jee.crud.AbstractDAO::find():org.demoiselle.jee.core.api.crud.Result" />
			<role name="TemplateMethod()" element="org.demoiselle.jee.crud.AbstractDAO::count():java.lang.Long" />
		</instance>
	</pattern>
	<pattern name="Visitor" />
	<pattern name="Proxy">
		<instance>
			<role name="Proxy" element="org.demoiselle.jee.crud.AbstractBusiness" />
			<role name="RealSubject" element="org.demoiselle.jee.crud.AbstractDAO" />
			<role name="Request()" element="org.demoiselle.jee.crud.AbstractBusiness::find():org.demoiselle.jee.core.api.crud.Result" />
		</instance>
	</pattern>
	<pattern name="Proxy2" />
	<pattern name="Chain of Responsibility" />
</system>

