<?xml version="1.0" encoding="UTF-8"?>
<system>
	<pattern name="Factory Method">
		<instance>
			<role name="Creator" element="com.corundumstudio.socketio.SocketIONamespace" />
			<role name="FactoryMethod()" element="com.corundumstudio.socketio.SocketIONamespace::getBroadcastOperations():com.corundumstudio.socketio.BroadcastOperations" />
			<role name="FactoryMethod()" element="com.corundumstudio.socketio.SocketIONamespace::getRoomOperations(java.lang.String):com.corundumstudio.socketio.BroadcastOperations" />
			<role name="FactoryMethod()" element="com.corundumstudio.socketio.SocketIONamespace::getRoomOperations(java.lang.String[]):com.corundumstudio.socketio.BroadcastOperations" />
		</instance>
	</pattern>
	<pattern name="Prototype" />
	<pattern name="Singleton" />
	<pattern name="(Object)Adapter">
		<instance>
			<role name="Adaptee" element="com.corundumstudio.socketio.handler.ClientsBox" />
			<role name="Adapter" element="com.corundumstudio.socketio.handler.AuthorizeHandler" />
			<role name="adaptee" element="com.corundumstudio.socketio.handler.AuthorizeHandler::clientsBox:com.corundumstudio.socketio.handler.ClientsBox" />
			<role name="Request()" element="com.corundumstudio.socketio.handler.AuthorizeHandler::onDisconnect(com.corundumstudio.socketio.handler.ClientHead):void" />
		</instance>
		<instance>
			<role name="Adaptee" element="com.corundumstudio.socketio.handler.ClientHead" />
			<role name="Adapter" element="com.corundumstudio.socketio.transport.NamespaceClient" />
			<role name="adaptee" element="com.corundumstudio.socketio.transport.NamespaceClient::baseClient:com.corundumstudio.socketio.handler.ClientHead" />
			<role name="Request()" element="com.corundumstudio.socketio.transport.NamespaceClient::getTransport():com.corundumstudio.socketio.Transport" />
			<role name="Request()" element="com.corundumstudio.socketio.transport.NamespaceClient::getEngineIOVersion():com.corundumstudio.socketio.protocol.EngineIOVersion" />
			<role name="Request()" element="com.corundumstudio.socketio.transport.NamespaceClient::isChannelOpen():boolean" />
			<role name="Request()" element="com.corundumstudio.socketio.transport.NamespaceClient::isWritable():boolean" />
			<role name="Request()" element="com.corundumstudio.socketio.transport.NamespaceClient::send(com.corundumstudio.socketio.protocol.Packet, com.corundumstudio.socketio.AckCallback):void" />
			<role name="Request()" element="com.corundumstudio.socketio.transport.NamespaceClient::getSessionId():java.util.UUID" />
			<role name="Request()" element="com.corundumstudio.socketio.transport.NamespaceClient::getRemoteAddress():java.net.SocketAddress" />
			<role name="Request()" element="com.corundumstudio.socketio.transport.NamespaceClient::getHandshakeData():com.corundumstudio.socketio.HandshakeData" />
		</instance>
		<instance>
			<role name="Adaptee" element="com.corundumstudio.socketio.SocketIONamespace" />
			<role name="Adapter" element="com.corundumstudio.socketio.SocketIOServer" />
			<role name="adaptee" element="com.corundumstudio.socketio.SocketIOServer::mainNamespace:com.corundumstudio.socketio.SocketIONamespace" />
			<role name="Request()" element="com.corundumstudio.socketio.SocketIOServer::addMultiTypeEventListener(java.lang.String, com.corundumstudio.socketio.listener.MultiTypeEventListener, java.lang.Class):void" />
			<role name="Request()" element="com.corundumstudio.socketio.SocketIOServer::addEventListener(, java.lang.Class, com.corundumstudio.socketio.listener.DataListener):void" />
			<role name="Request()" element="com.corundumstudio.socketio.SocketIOServer::addEventInterceptor(com.corundumstudio.socketio.listener.EventInterceptor):void" />
			<role name="Request()" element="com.corundumstudio.socketio.SocketIOServer::removeAllListeners(java.lang.String):void" />
			<role name="Request()" element="com.corundumstudio.socketio.SocketIOServer::addDisconnectListener(com.corundumstudio.socketio.listener.DisconnectListener):void" />
			<role name="Request()" element="com.corundumstudio.socketio.SocketIOServer::addConnectListener(com.corundumstudio.socketio.listener.ConnectListener):void" />
			<role name="Request()" element="com.corundumstudio.socketio.SocketIOServer::addPingListener(com.corundumstudio.socketio.listener.PingListener):void" />
			<role name="Request()" element="com.corundumstudio.socketio.SocketIOServer::addPongListener(com.corundumstudio.socketio.listener.PongListener):void" />
			<role name="Request()" element="com.corundumstudio.socketio.SocketIOServer::addListeners(java.lang.Object):void" />
			<role name="Request()" element="com.corundumstudio.socketio.SocketIOServer::addListeners():void" />
			<role name="Request()" element="com.corundumstudio.socketio.SocketIOServer::addListeners(java.lang.Object, java.lang.Class):void" />
		</instance>
		<instance>
			<role name="Adaptee" element="com.corundumstudio.socketio.protocol.JacksonJsonSupport$ExBeanSerializerModifier" />
			<role name="Adapter" element="com.corundumstudio.socketio.protocol.JacksonJsonSupport" />
			<role name="adaptee" element="com.corundumstudio.socketio.protocol.JacksonJsonSupport::modifier:com.corundumstudio.socketio.protocol.JacksonJsonSupport$ExBeanSerializerModifier" />
			<role name="Request()" element="com.corundumstudio.socketio.protocol.JacksonJsonSupport::writeValue(io.netty.buffer.ByteBufOutputStream, java.lang.Object):void" />
			<role name="Request()" element="com.corundumstudio.socketio.protocol.JacksonJsonSupport::getArrays():java.util.List" />
		</instance>
		<instance>
			<role name="Adaptee" element="com.corundumstudio.socketio.namespace.Namespace" />
			<role name="Adapter" element="com.corundumstudio.socketio.transport.NamespaceClient" />
			<role name="adaptee" element="com.corundumstudio.socketio.transport.NamespaceClient::namespace:com.corundumstudio.socketio.namespace.Namespace" />
			<role name="Request()" element="com.corundumstudio.socketio.transport.NamespaceClient::joinRoom(java.lang.String):void" />
			<role name="Request()" element="com.corundumstudio.socketio.transport.NamespaceClient::joinRooms(java.util.Set):void" />
			<role name="Request()" element="com.corundumstudio.socketio.transport.NamespaceClient::leaveRoom(java.lang.String):void" />
			<role name="Request()" element="com.corundumstudio.socketio.transport.NamespaceClient::leaveRooms(java.util.Set):void" />
			<role name="Request()" element="com.corundumstudio.socketio.transport.NamespaceClient::getAllRooms():java.util.Set" />
			<role name="Request()" element="com.corundumstudio.socketio.transport.NamespaceClient::getCurrentRoomSize(java.lang.String):int" />
		</instance>
		<instance>
			<role name="Adaptee" element="com.corundumstudio.socketio.scheduler.CancelableScheduler" />
			<role name="Adapter" element="com.corundumstudio.socketio.ack.AckManager" />
			<role name="adaptee" element="com.corundumstudio.socketio.ack.AckManager::scheduler:com.corundumstudio.socketio.scheduler.CancelableScheduler" />
			<role name="Request()" element="com.corundumstudio.socketio.ack.AckManager::onDisconnect(com.corundumstudio.socketio.handler.ClientHead):void" />
		</instance>
	</pattern>
	<pattern name="Command" />
	<pattern name="Composite" />
	<pattern name="Decorator">
		<instance>
			<role name="Component" element="com.corundumstudio.socketio.protocol.JsonSupport" />
			<role name="Decorator" element="com.corundumstudio.socketio.JsonSupportWrapper" />
			<role name="component" element="com.corundumstudio.socketio.JsonSupportWrapper::delegate:com.corundumstudio.socketio.protocol.JsonSupport" />
			<role name="Operation()" element="com.corundumstudio.socketio.JsonSupportWrapper::readAckArgs(io.netty.buffer.ByteBufInputStream, com.corundumstudio.socketio.AckCallback):com.corundumstudio.socketio.protocol.AckArgs" />
			<role name="Operation()" element="com.corundumstudio.socketio.JsonSupportWrapper::writeValue(io.netty.buffer.ByteBufOutputStream, java.lang.Object):void" />
			<role name="Operation()" element="com.corundumstudio.socketio.JsonSupportWrapper::removeEventMapping(java.lang.String, java.lang.String):void" />
			<role name="Operation()" element="com.corundumstudio.socketio.JsonSupportWrapper::getArrays():java.util.List" />
		</instance>
	</pattern>
	<pattern name="Observer" />
	<pattern name="State">
		<instance>
			<role name="State" element="com.corundumstudio.socketio.SocketIOClient" />
			<role name="Context" element="com.corundumstudio.socketio.AckRequest" />
			<role name="state" element="com.corundumstudio.socketio.AckRequest::client:com.corundumstudio.socketio.SocketIOClient" />
			<role name="Request()" element="com.corundumstudio.socketio.AckRequest::sendAckData(java.util.List):void" />
		</instance>
		<instance>
			<role name="Context" element="com.corundumstudio.socketio.handler.ClientHead" />
			<role name="State" element="com.corundumstudio.socketio.scheduler.CancelableScheduler" />
			<role name="state" element="com.corundumstudio.socketio.handler.ClientHead::scheduler:com.corundumstudio.socketio.scheduler.CancelableScheduler" />
			<role name="Request()" element="com.corundumstudio.socketio.handler.ClientHead::cancelPing():void" />
			<role name="Request()" element="com.corundumstudio.socketio.handler.ClientHead::cancelPingTimeout():void" />
			<role name="Request()" element="com.corundumstudio.socketio.handler.ClientHead::schedulePing():void" />
			<role name="Request()" element="com.corundumstudio.socketio.handler.ClientHead::schedulePingTimeout():void" />
		</instance>
		<instance>
			<role name="Context" element="com.corundumstudio.socketio.transport.WebSocketTransport" />
			<role name="State" element="com.corundumstudio.socketio.scheduler.CancelableScheduler" />
			<role name="state" element="com.corundumstudio.socketio.transport.WebSocketTransport::scheduler:com.corundumstudio.socketio.scheduler.CancelableScheduler" />
			<role name="Request()" element="com.corundumstudio.socketio.transport.WebSocketTransport::connectClient(io.netty.channel.Channel, java.util.UUID):void" />
		</instance>
		<instance>
			<role name="Context" element="com.corundumstudio.socketio.handler.PacketListener" />
			<role name="State" element="com.corundumstudio.socketio.scheduler.CancelableScheduler" />
			<role name="state" element="com.corundumstudio.socketio.handler.PacketListener::scheduler:com.corundumstudio.socketio.scheduler.CancelableScheduler" />
			<role name="Request()" element="com.corundumstudio.socketio.handler.PacketListener::onPacket(com.corundumstudio.socketio.protocol.Packet, com.corundumstudio.socketio.transport.NamespaceClient, com.corundumstudio.socketio.Transport):void" />
		</instance>
		<instance>
			<role name="State" element="com.corundumstudio.socketio.protocol.JsonSupport" />
			<role name="Context" element="com.corundumstudio.socketio.protocol.PacketEncoder" />
			<role name="state" element="com.corundumstudio.socketio.protocol.PacketEncoder::jsonSupport:com.corundumstudio.socketio.protocol.JsonSupport" />
			<role name="Request()" element="com.corundumstudio.socketio.protocol.PacketEncoder::encodePacket(com.corundumstudio.socketio.protocol.Packet, io.netty.buffer.ByteBuf, io.netty.buffer.ByteBufAllocator, boolean):void" />
		</instance>
		<instance>
			<role name="State" element="com.corundumstudio.socketio.protocol.JsonSupport" />
			<role name="Context" element="com.corundumstudio.socketio.protocol.PacketDecoder" />
			<role name="state" element="com.corundumstudio.socketio.protocol.PacketDecoder::jsonSupport:com.corundumstudio.socketio.protocol.JsonSupport" />
			<role name="Request()" element="com.corundumstudio.socketio.protocol.PacketDecoder::parseBody(com.corundumstudio.socketio.handler.ClientHead, io.netty.buffer.ByteBuf, com.corundumstudio.socketio.protocol.Packet):void" />
		</instance>
		<instance>
			<role name="State" element="com.corundumstudio.socketio.scheduler.CancelableScheduler" />
			<role name="Context" element="com.corundumstudio.socketio.SocketIOChannelInitializer" />
			<role name="state" element="com.corundumstudio.socketio.SocketIOChannelInitializer::scheduler:com.corundumstudio.socketio.scheduler.CancelableScheduler" />
			<role name="Request()" element="com.corundumstudio.socketio.SocketIOChannelInitializer::handlerAdded(io.netty.channel.ChannelHandlerContext):void" />
			<role name="Request()" element="com.corundumstudio.socketio.SocketIOChannelInitializer::stop():void" />
		</instance>
		<instance>
			<role name="State" element="com.corundumstudio.socketio.scheduler.CancelableScheduler" />
			<role name="Context" element="com.corundumstudio.socketio.handler.AuthorizeHandler" />
			<role name="state" element="com.corundumstudio.socketio.handler.AuthorizeHandler::scheduler:com.corundumstudio.socketio.scheduler.CancelableScheduler" />
			<role name="Request()" element="com.corundumstudio.socketio.handler.AuthorizeHandler::channelActive(io.netty.channel.ChannelHandlerContext):void" />
			<role name="Request()" element="com.corundumstudio.socketio.handler.AuthorizeHandler::channelRead(io.netty.channel.ChannelHandlerContext, java.lang.Object):void" />
			<role name="Request()" element="com.corundumstudio.socketio.handler.AuthorizeHandler::connect(java.util.UUID):void" />
		</instance>
		<instance>
			<role name="State" element="com.corundumstudio.socketio.scheduler.CancelableScheduler" />
			<role name="Context" element="com.corundumstudio.socketio.ack.AckManager" />
			<role name="state" element="com.corundumstudio.socketio.ack.AckManager::scheduler:com.corundumstudio.socketio.scheduler.CancelableScheduler" />
			<role name="Request()" element="com.corundumstudio.socketio.ack.AckManager::onAck(com.corundumstudio.socketio.SocketIOClient, com.corundumstudio.socketio.protocol.Packet):void" />
			<role name="Request()" element="com.corundumstudio.socketio.ack.AckManager::scheduleTimeout(long, java.util.UUID, com.corundumstudio.socketio.AckCallback):void" />
			<role name="Request()" element="com.corundumstudio.socketio.ack.AckManager::onDisconnect(com.corundumstudio.socketio.handler.ClientHead):void" />
		</instance>
		<instance>
			<role name="Context" element="com.corundumstudio.socketio.namespace.Namespace" />
			<role name="State" element="com.corundumstudio.socketio.listener.ExceptionListener" />
			<role name="state" element="com.corundumstudio.socketio.namespace.Namespace::exceptionListener:com.corundumstudio.socketio.listener.ExceptionListener" />
			<role name="Request()" element="com.corundumstudio.socketio.namespace.Namespace::onEvent(com.corundumstudio.socketio.transport.NamespaceClient, java.lang.String, java.util.List, com.corundumstudio.socketio.AckRequest):void" />
			<role name="Request()" element="com.corundumstudio.socketio.namespace.Namespace::onDisconnect(com.corundumstudio.socketio.SocketIOClient):void" />
			<role name="Request()" element="com.corundumstudio.socketio.namespace.Namespace::onConnect(com.corundumstudio.socketio.SocketIOClient):void" />
			<role name="Request()" element="com.corundumstudio.socketio.namespace.Namespace::onPing(com.corundumstudio.socketio.SocketIOClient):void" />
			<role name="Request()" element="com.corundumstudio.socketio.namespace.Namespace::onPong(com.corundumstudio.socketio.SocketIOClient):void" />
		</instance>
		<instance>
			<role name="State" element="com.corundumstudio.socketio.listener.ExceptionListener" />
			<role name="Context" element="com.corundumstudio.socketio.handler.InPacketHandler" />
			<role name="state" element="com.corundumstudio.socketio.handler.InPacketHandler::exceptionListener:com.corundumstudio.socketio.listener.ExceptionListener" />
			<role name="Request()" element="com.corundumstudio.socketio.handler.InPacketHandler::exceptionCaught(io.netty.channel.ChannelHandlerContext, java.lang.Throwable):void" />
		</instance>
		<instance>
			<role name="Context" element="com.corundumstudio.socketio.namespace.Namespace" />
			<role name="State" element="com.corundumstudio.socketio.protocol.JsonSupport" />
			<role name="state" element="com.corundumstudio.socketio.namespace.Namespace::jsonSupport:com.corundumstudio.socketio.protocol.JsonSupport" />
			<role name="Request()" element="com.corundumstudio.socketio.namespace.Namespace::removeAllListeners(java.lang.String):void" />
		</instance>
		<instance>
			<role name="Context" element="com.corundumstudio.socketio.SingleRoomBroadcastOperations" />
			<role name="State" element="com.corundumstudio.socketio.store.StoreFactory" />
			<role name="state" element="com.corundumstudio.socketio.SingleRoomBroadcastOperations::storeFactory:com.corundumstudio.socketio.store.StoreFactory" />
			<role name="Request()" element="com.corundumstudio.socketio.SingleRoomBroadcastOperations::dispatch(com.corundumstudio.socketio.protocol.Packet):void" />
		</instance>
		<instance>
			<role name="Context" element="com.corundumstudio.socketio.namespace.Namespace" />
			<role name="State" element="com.corundumstudio.socketio.store.StoreFactory" />
			<role name="state" element="com.corundumstudio.socketio.namespace.Namespace::storeFactory:com.corundumstudio.socketio.store.StoreFactory" />
			<role name="Request()" element="com.corundumstudio.socketio.namespace.Namespace::onDisconnect(com.corundumstudio.socketio.SocketIOClient):void" />
			<role name="Request()" element="com.corundumstudio.socketio.namespace.Namespace::onConnect(com.corundumstudio.socketio.SocketIOClient):void" />
			<role name="Request()" element="com.corundumstudio.socketio.namespace.Namespace::joinRoom(java.lang.String, java.util.UUID):void" />
			<role name="Request()" element="com.corundumstudio.socketio.namespace.Namespace::joinRooms(java.util.Set, java.util.UUID):void" />
			<role name="Request()" element="com.corundumstudio.socketio.namespace.Namespace::leaveRoom(java.lang.String, java.util.UUID):void" />
			<role name="Request()" element="com.corundumstudio.socketio.namespace.Namespace::leaveRooms(java.util.Set, java.util.UUID):void" />
		</instance>
	</pattern>
	<pattern name="Strategy" />
	<pattern name="Bridge" />
	<pattern name="Template Method">
		<instance>
			<role name="AbstractClass" element="com.corundumstudio.socketio.store.pubsub.BaseStoreFactory" />
			<role name="TemplateMethod()" element="com.corundumstudio.socketio.store.pubsub.BaseStoreFactory::init(com.corundumstudio.socketio.namespace.NamespacesHub, com.corundumstudio.socketio.handler.AuthorizeHandler, com.corundumstudio.socketio.protocol.JsonSupport):void" />
		</instance>
		<instance>
			<role name="AbstractClass" element="com.corundumstudio.socketio.VoidAckCallback" />
			<role name="TemplateMethod()" element="com.corundumstudio.socketio.VoidAckCallback::onSuccess(java.lang.Void):void" />
		</instance>
	</pattern>
	<pattern name="Visitor" />
	<pattern name="Proxy">
		<instance>
			<role name="RealSubject" element="com.corundumstudio.socketio.ack.AckManager" />
			<role name="Proxy" element="com.corundumstudio.socketio.SocketIOChannelInitializer" />
			<role name="Request()" element="com.corundumstudio.socketio.SocketIOChannelInitializer::onDisconnect(com.corundumstudio.socketio.handler.ClientHead):void" />
		</instance>
		<instance>
			<role name="RealSubject" element="com.corundumstudio.socketio.handler.AuthorizeHandler" />
			<role name="Proxy" element="com.corundumstudio.socketio.SocketIOChannelInitializer" />
			<role name="Request()" element="com.corundumstudio.socketio.SocketIOChannelInitializer::onDisconnect(com.corundumstudio.socketio.handler.ClientHead):void" />
		</instance>
	</pattern>
	<pattern name="Proxy2" />
	<pattern name="Chain of Responsibility" />
</system>

