<?xml version="1.0" encoding="UTF-8"?>
<system>
	<pattern name="Factory Method">
		<instance>
			<role name="Creator" element="com.google.zxing.Binarizer" />
			<role name="FactoryMethod()" element="com.google.zxing.Binarizer::createBinarizer(com.google.zxing.LuminanceSource):com.google.zxing.Binarizer" />
		</instance>
	</pattern>
	<pattern name="Prototype" />
	<pattern name="Singleton">
		<instance>
			<role name="Singleton" element="com.google.zxing.ChecksumException" />
			<role name="uniqueInstance" element="com.google.zxing.ChecksumException::INSTANCE:com.google.zxing.ChecksumException" />
		</instance>
		<instance>
			<role name="Singleton" element="com.google.zxing.FormatException" />
			<role name="uniqueInstance" element="com.google.zxing.FormatException::INSTANCE:com.google.zxing.FormatException" />
		</instance>
		<instance>
			<role name="Singleton" element="com.google.zxing.common.GridSampler" />
			<role name="uniqueInstance" element="com.google.zxing.common.GridSampler::gridSampler:com.google.zxing.common.GridSampler" />
		</instance>
		<instance>
			<role name="Singleton" element="com.google.zxing.pdf417.decoder.ec.ModulusGF" />
			<role name="uniqueInstance" element="com.google.zxing.pdf417.decoder.ec.ModulusGF::PDF417_GF:com.google.zxing.pdf417.decoder.ec.ModulusGF" />
		</instance>
		<instance>
			<role name="Singleton" element="com.google.zxing.NotFoundException" />
			<role name="uniqueInstance" element="com.google.zxing.NotFoundException::INSTANCE:com.google.zxing.NotFoundException" />
		</instance>
		<instance>
			<role name="Singleton" element="com.google.zxing.aztec.encoder.State" />
			<role name="uniqueInstance" element="com.google.zxing.aztec.encoder.State::INITIAL_STATE:com.google.zxing.aztec.encoder.State" />
		</instance>
		<instance>
			<role name="Singleton" element="com.google.zxing.aztec.encoder.Token" />
			<role name="uniqueInstance" element="com.google.zxing.aztec.encoder.Token::EMPTY:com.google.zxing.aztec.encoder.Token" />
		</instance>
	</pattern>
	<pattern name="(Object)Adapter">
		<instance>
			<role name="Adaptee" element="com.google.zxing.qrcode.decoder.Decoder" />
			<role name="Adapter" element="com.google.zxing.qrcode.QRCodeReader" />
			<role name="adaptee" element="com.google.zxing.qrcode.QRCodeReader::decoder:com.google.zxing.qrcode.decoder.Decoder" />
			<role name="Request()" element="com.google.zxing.qrcode.QRCodeReader::decode(com.google.zxing.BinaryBitmap, java.util.Map):com.google.zxing.Result" />
		</instance>
	</pattern>
	<pattern name="Command" />
	<pattern name="Composite" />
	<pattern name="Decorator">
		<instance>
			<role name="Component" element="com.google.zxing.LuminanceSource" />
			<role name="Decorator" element="com.google.zxing.InvertedLuminanceSource" />
			<role name="component" element="com.google.zxing.InvertedLuminanceSource::delegate:com.google.zxing.LuminanceSource" />
			<role name="Operation()" element="com.google.zxing.InvertedLuminanceSource::getRow(int, byte[]):byte[]" />
			<role name="Operation()" element="com.google.zxing.InvertedLuminanceSource::getMatrix():byte[]" />
		</instance>
		<instance>
			<role name="Component" element="com.google.zxing.Reader" />
			<role name="Decorator" element="com.google.zxing.multi.ByQuadrantReader" />
			<role name="component" element="com.google.zxing.multi.ByQuadrantReader::delegate:com.google.zxing.Reader" />
			<role name="Operation()" element="com.google.zxing.multi.ByQuadrantReader::decode(com.google.zxing.BinaryBitmap, java.util.Map):com.google.zxing.Result" />
			<role name="Operation()" element="com.google.zxing.multi.ByQuadrantReader::reset():void" />
		</instance>
		<instance>
			<role name="Component" element="com.google.zxing.oned.UPCEANReader" />
			<role name="Decorator" element="com.google.zxing.oned.UPCAReader" />
			<role name="component" element="com.google.zxing.oned.UPCAReader::ean13Reader:com.google.zxing.oned.UPCEANReader" />
			<role name="Operation()" element="com.google.zxing.oned.UPCAReader::decodeMiddle(com.google.zxing.common.BitArray, int[], java.lang.StringBuilder):int" />
		</instance>
	</pattern>
	<pattern name="Observer" />
	<pattern name="State">
		<instance>
			<role name="Context" element="com.google.zxing.BinaryBitmap" />
			<role name="State" element="com.google.zxing.Binarizer" />
			<role name="state" element="com.google.zxing.BinaryBitmap::binarizer:com.google.zxing.Binarizer" />
			<role name="Request()" element="com.google.zxing.BinaryBitmap::getBlackRow(int, com.google.zxing.common.BitArray):com.google.zxing.common.BitArray" />
			<role name="Request()" element="com.google.zxing.BinaryBitmap::getBlackMatrix():com.google.zxing.common.BitMatrix" />
			<role name="Request()" element="com.google.zxing.BinaryBitmap::crop(int, int, int, int):com.google.zxing.BinaryBitmap" />
			<role name="Request()" element="com.google.zxing.BinaryBitmap::rotateCounterClockwise():com.google.zxing.BinaryBitmap" />
			<role name="Request()" element="com.google.zxing.BinaryBitmap::rotateCounterClockwise45():com.google.zxing.BinaryBitmap" />
		</instance>
		<instance>
			<role name="Context" element="com.google.zxing.qrcode.detector.AlignmentPatternFinder" />
			<role name="State" element="com.google.zxing.ResultPointCallback" />
			<role name="state" element="com.google.zxing.qrcode.detector.AlignmentPatternFinder::resultPointCallback:com.google.zxing.ResultPointCallback" />
			<role name="Request()" element="com.google.zxing.qrcode.detector.AlignmentPatternFinder::handlePossibleCenter(int[], int, int):com.google.zxing.qrcode.detector.AlignmentPattern" />
		</instance>
		<instance>
			<role name="Context" element="com.google.zxing.qrcode.detector.FinderPatternFinder" />
			<role name="State" element="com.google.zxing.ResultPointCallback" />
			<role name="state" element="com.google.zxing.qrcode.detector.FinderPatternFinder::resultPointCallback:com.google.zxing.ResultPointCallback" />
			<role name="Request()" element="com.google.zxing.qrcode.detector.FinderPatternFinder::handlePossibleCenter(int[], int, int):boolean" />
		</instance>
		<instance>
			<role name="Context" element="com.google.zxing.aztec.encoder.State" />
			<role name="State" element="com.google.zxing.aztec.encoder.Token" />
			<role name="state" element="com.google.zxing.aztec.encoder.State::token:com.google.zxing.aztec.encoder.Token" />
			<role name="Request()" element="com.google.zxing.aztec.encoder.State::toBitArray(byte[]):com.google.zxing.common.BitArray" />
		</instance>
		<instance>
			<role name="Context" element="com.google.zxing.multi.GenericMultipleBarcodeReader" />
			<role name="State" element="com.google.zxing.Reader" />
			<role name="state" element="com.google.zxing.multi.GenericMultipleBarcodeReader::delegate:com.google.zxing.Reader" />
			<role name="Request()" element="com.google.zxing.multi.GenericMultipleBarcodeReader::doDecodeMultiple(com.google.zxing.BinaryBitmap, java.util.Map, java.util.List, int, int, int):void" />
		</instance>
	</pattern>
	<pattern name="Strategy" />
	<pattern name="Bridge" />
	<pattern name="Template Method">
		<instance>
			<role name="AbstractClass" element="com.google.zxing.oned.rss.expanded.decoders.AI01weightDecoder" />
			<role name="TemplateMethod()" element="com.google.zxing.oned.rss.expanded.decoders.AI01weightDecoder::encodeCompressedWeight(java.lang.StringBuilder, int, int):void" />
		</instance>
		<instance>
			<role name="AbstractClass" element="com.google.zxing.qrcode.decoder.DataMask" />
			<role name="TemplateMethod()" element="com.google.zxing.qrcode.decoder.DataMask::unmaskBitMatrix(com.google.zxing.common.BitMatrix, int):void" />
		</instance>
		<instance>
			<role name="AbstractClass" element="com.google.zxing.LuminanceSource" />
			<role name="TemplateMethod()" element="com.google.zxing.LuminanceSource::toString():java.lang.String" />
		</instance>
		<instance>
			<role name="AbstractClass" element="com.google.zxing.oned.OneDimensionalCodeWriter" />
			<role name="TemplateMethod()" element="com.google.zxing.oned.OneDimensionalCodeWriter::encode(java.lang.String, java.util.Map):boolean[]" />
		</instance>
		<instance>
			<role name="AbstractClass" element="com.google.zxing.oned.OneDReader" />
			<role name="TemplateMethod()" element="com.google.zxing.oned.OneDReader::doDecode(com.google.zxing.BinaryBitmap, java.util.Map):com.google.zxing.Result" />
		</instance>
		<instance>
			<role name="AbstractClass" element="com.google.zxing.client.result.ParsedResult" />
			<role name="TemplateMethod()" element="com.google.zxing.client.result.ParsedResult::toString():java.lang.String" />
		</instance>
		<instance>
			<role name="AbstractClass" element="com.google.zxing.client.result.ResultParser" />
			<role name="TemplateMethod()" element="com.google.zxing.client.result.ResultParser::parseResult(com.google.zxing.Result):com.google.zxing.client.result.ParsedResult" />
		</instance>
		<instance>
			<role name="AbstractClass" element="com.google.zxing.oned.UPCEANReader" />
			<role name="TemplateMethod()" element="com.google.zxing.oned.UPCEANReader::decodeRow(int, com.google.zxing.common.BitArray, int[], java.util.Map):com.google.zxing.Result" />
		</instance>
	</pattern>
	<pattern name="Visitor" />
	<pattern name="Proxy" />
	<pattern name="Proxy2">
		<instance>
			<role name="RealSubject" element="com.google.zxing.oned.EAN13Reader" />
			<role name="Subject" element="com.google.zxing.oned.UPCEANReader" />
			<role name="Proxy" element="com.google.zxing.oned.UPCAReader" />
			<role name="subject" element="com.google.zxing.oned.UPCAReader::ean13Reader:com.google.zxing.oned.UPCEANReader" />
			<role name="Request()" element="com.google.zxing.oned.UPCAReader::decodeMiddle(com.google.zxing.common.BitArray, int[], java.lang.StringBuilder):int" />
		</instance>
	</pattern>
	<pattern name="Chain of Responsibility">
		<instance>
			<role name="Handler" element="com.google.zxing.aztec.encoder.Token" />
			<role name="successor" element="com.google.zxing.aztec.encoder.Token::previous:com.google.zxing.aztec.encoder.Token" />
		</instance>
	</pattern>
</system>

