<?xml version="1.0" encoding="UTF-8"?>
<system>
	<pattern name="Factory Method">
		<instance>
			<role name="Creator" element="playn.core.CanvasImage" />
			<role name="FactoryMethod()" element="playn.core.CanvasImage::snapshot():playn.core.Image" />
		</instance>
		<instance>
			<role name="Creator" element="playn.core.gl.GLContext" />
			<role name="FactoryMethod()" element="playn.core.gl.GLContext::createProgram(java.lang.String, java.lang.String):playn.core.gl.GLProgram" />
			<role name="FactoryMethod()" element="playn.core.gl.GLContext::createFloatBuffer(int):playn.core.gl.GLBuffer$Float" />
			<role name="FactoryMethod()" element="playn.core.gl.GLContext::createShortBuffer(int):playn.core.gl.GLBuffer$Short" />
		</instance>
		<instance>
			<role name="Creator" element="playn.core.gl.GLProgram" />
			<role name="FactoryMethod()" element="playn.core.gl.GLProgram::getUniform1f(java.lang.String):playn.core.gl.GLShader$Uniform1f" />
			<role name="FactoryMethod()" element="playn.core.gl.GLProgram::getUniform2f(java.lang.String):playn.core.gl.GLShader$Uniform2f" />
			<role name="FactoryMethod()" element="playn.core.gl.GLProgram::getUniform3f(java.lang.String):playn.core.gl.GLShader$Uniform3f" />
			<role name="FactoryMethod()" element="playn.core.gl.GLProgram::getUniform4f(java.lang.String):playn.core.gl.GLShader$Uniform4f" />
			<role name="FactoryMethod()" element="playn.core.gl.GLProgram::getUniform1i(java.lang.String):playn.core.gl.GLShader$Uniform1i" />
			<role name="FactoryMethod()" element="playn.core.gl.GLProgram::getUniform2i(java.lang.String):playn.core.gl.GLShader$Uniform2i" />
			<role name="FactoryMethod()" element="playn.core.gl.GLProgram::getUniform2fv(java.lang.String):playn.core.gl.GLShader$Uniform2fv" />
			<role name="FactoryMethod()" element="playn.core.gl.GLProgram::getUniform4fv(java.lang.String):playn.core.gl.GLShader$Uniform4fv" />
			<role name="FactoryMethod()" element="playn.core.gl.GLProgram::getUniformMatrix4fv(java.lang.String):playn.core.gl.GLShader$UniformMatrix4fv" />
			<role name="FactoryMethod()" element="playn.core.gl.GLProgram::getAttrib(java.lang.String, int, int):playn.core.gl.GLShader$Attrib" />
		</instance>
		<instance>
			<role name="Creator" element="playn.core.gl.GLShader" />
			<role name="FactoryMethod()" element="playn.core.gl.GLShader::createTextureCore():playn.core.gl.GLShader$Core" />
		</instance>
		<instance>
			<role name="Creator" element="playn.core.Graphics" />
			<role name="FactoryMethod()" element="playn.core.Graphics::createGroupLayer():playn.core.GroupLayer" />
			<role name="FactoryMethod()" element="playn.core.Graphics::createGroupLayer(float, float):playn.core.GroupLayer$Clipped" />
			<role name="FactoryMethod()" element="playn.core.Graphics::createImageLayer():playn.core.ImageLayer" />
			<role name="FactoryMethod()" element="playn.core.Graphics::createImmediateLayer(int, int, playn.core.ImmediateLayer$Renderer):playn.core.ImmediateLayer$Clipped" />
			<role name="FactoryMethod()" element="playn.core.Graphics::createImmediateLayer(playn.core.ImmediateLayer$Renderer):playn.core.ImmediateLayer" />
			<role name="FactoryMethod()" element="playn.core.Graphics::createImageLayer(playn.core.Image):playn.core.ImageLayer" />
			<role name="FactoryMethod()" element="playn.core.Graphics::createSurface(float, float):playn.core.SurfaceImage" />
		</instance>
		<instance>
			<role name="Creator" element="playn.core.Image" />
			<role name="FactoryMethod()" element="playn.core.Image::subImage(float, float, float, float):playn.core.Image$Region" />
		</instance>
		<instance>
			<role name="Creator" element="playn.core.Json$Array" />
			<role name="FactoryMethod()" element="playn.core.Json$Array::getArray(, java.lang.Class):playn.core.Json$TypedArray" />
		</instance>
		<instance>
			<role name="Creator" element="playn.core.Json$Object" />
			<role name="FactoryMethod()" element="playn.core.Json$Object::getArray(, java.lang.Class, playn.core.Json$TypedArray):playn.core.Json$TypedArray" />
			<role name="FactoryMethod()" element="playn.core.Json$Object::keys():playn.core.Json$TypedArray" />
		</instance>
		<instance>
			<role name="Creator" element="playn.core.Json" />
			<role name="FactoryMethod()" element="playn.core.Json::newWriter():playn.core.Json$Writer" />
			<role name="FactoryMethod()" element="playn.core.Json::createArray():playn.core.Json$Array" />
			<role name="FactoryMethod()" element="playn.core.Json::createObject():playn.core.Json$Object" />
		</instance>
		<instance>
			<role name="Creator" element="playn.core.Net" />
			<role name="FactoryMethod()" element="playn.core.Net::req(java.lang.String):playn.core.Net$Builder" />
		</instance>
		<instance>
			<role name="Creator" element="playn.core.Storage" />
			<role name="FactoryMethod()" element="playn.core.Storage::startBatch():playn.core.Storage$Batch" />
		</instance>
	</pattern>
	<pattern name="Prototype" />
	<pattern name="Singleton">
		<instance>
			<role name="Singleton" element="playn.android.AndroidFont" />
			<role name="uniqueInstance" element="playn.android.AndroidFont::DEFAULT:playn.android.AndroidFont" />
		</instance>
		<instance>
			<role name="Singleton" element="playn.core.gl.Scale" />
			<role name="uniqueInstance" element="playn.core.gl.Scale::ONE:playn.core.gl.Scale" />
		</instance>
		<instance>
			<role name="Singleton" element="j15r.webgl.client.Shaders" />
			<role name="uniqueInstance" element="j15r.webgl.client.Shaders::INSTANCE:j15r.webgl.client.Shaders" />
		</instance>
		<instance>
			<role name="Singleton" element="playn.core.StockInternalTransform" />
			<role name="uniqueInstance" element="playn.core.StockInternalTransform::IDENTITY:playn.core.StockInternalTransform" />
		</instance>
		<instance>
			<role name="Singleton" element="playn.core.TextWrap" />
			<role name="uniqueInstance" element="playn.core.TextWrap::MANUAL:playn.core.TextWrap" />
		</instance>
	</pattern>
	<pattern name="(Object)Adapter">
		<instance>
			<role name="Adaptee" element="playn.core.util.RunQueue" />
			<role name="Adapter" element="playn.core.AbstractPlatform" />
			<role name="adaptee" element="playn.core.AbstractPlatform::runQueue:playn.core.util.RunQueue" />
			<role name="Request()" element="playn.core.AbstractPlatform::invokeLater(java.lang.Runnable):void" />
		</instance>
		<instance>
			<role name="Adaptee" element="playn.core.GroupLayerImpl" />
			<role name="Adapter" element="playn.core.canvas.GroupLayerCanvas" />
			<role name="adaptee" element="playn.core.canvas.GroupLayerCanvas::impl:playn.core.GroupLayerImpl" />
			<role name="Request()" element="playn.core.canvas.GroupLayerCanvas::add(playn.core.Layer):void" />
			<role name="Request()" element="playn.core.canvas.GroupLayerCanvas::addAt(playn.core.Layer, float, float):void" />
			<role name="Request()" element="playn.core.canvas.GroupLayerCanvas::remove(playn.core.Layer):void" />
			<role name="Request()" element="playn.core.canvas.GroupLayerCanvas::removeAll():void" />
			<role name="Request()" element="playn.core.canvas.GroupLayerCanvas::destroyAll():void" />
			<role name="Request()" element="playn.core.canvas.GroupLayerCanvas::depthChanged(playn.core.Layer, float):void" />
		</instance>
		<instance>
			<role name="Adaptee" element="playn.core.GroupLayerImpl" />
			<role name="Adapter" element="playn.core.gl.GroupLayerGL" />
			<role name="adaptee" element="playn.core.gl.GroupLayerGL::impl:playn.core.GroupLayerImpl" />
			<role name="Request()" element="playn.core.gl.GroupLayerGL::add(playn.core.Layer):void" />
			<role name="Request()" element="playn.core.gl.GroupLayerGL::addAt(playn.core.Layer, float, float):void" />
			<role name="Request()" element="playn.core.gl.GroupLayerGL::remove(playn.core.Layer):void" />
			<role name="Request()" element="playn.core.gl.GroupLayerGL::removeAll():void" />
			<role name="Request()" element="playn.core.gl.GroupLayerGL::destroyAll():void" />
			<role name="Request()" element="playn.core.gl.GroupLayerGL::depthChanged(playn.core.Layer, float):void" />
		</instance>
		<instance>
			<role name="Adaptee" element="playn.core.Layer$HitTester" />
			<role name="Adapter" element="playn.core.AbstractLayer" />
			<role name="adaptee" element="playn.core.AbstractLayer::hitTester:playn.core.Layer$HitTester" />
			<role name="Request()" element="playn.core.AbstractLayer::hitTest(pythagoras.f.Point):playn.core.Layer" />
		</instance>
		<instance>
			<role name="Adaptee" element="playn.core.gl.GL20" />
			<role name="Adapter" element="playn.core.gl.GL20Context" />
			<role name="adaptee" element="playn.core.gl.GL20Context::gl:playn.core.gl.GL20" />
			<role name="Request()" element="playn.core.gl.GL20Context::getString(int):java.lang.String" />
			<role name="Request()" element="playn.core.gl.GL20Context::getInteger(int):int" />
			<role name="Request()" element="playn.core.gl.GL20Context::getFloat(int):float" />
			<role name="Request()" element="playn.core.gl.GL20Context::getBoolean(int):boolean" />
			<role name="Request()" element="playn.core.gl.GL20Context::deleteFramebuffer(int):void" />
			<role name="Request()" element="playn.core.gl.GL20Context::createTexture(boolean, boolean, boolean):int" />
			<role name="Request()" element="playn.core.gl.GL20Context::createTexture(int, int, boolean, boolean, boolean):int" />
			<role name="Request()" element="playn.core.gl.GL20Context::generateMipmap(int):void" />
			<role name="Request()" element="playn.core.gl.GL20Context::activeTexture(int):void" />
			<role name="Request()" element="playn.core.gl.GL20Context::bindTexture(int):void" />
			<role name="Request()" element="playn.core.gl.GL20Context::destroyTexture(int):void" />
			<role name="Request()" element="playn.core.gl.GL20Context::startClipped(int, int, int, int):boolean" />
			<role name="Request()" element="playn.core.gl.GL20Context::endClipped():void" />
			<role name="Request()" element="playn.core.gl.GL20Context::clear(float, float, float, float):void" />
			<role name="Request()" element="playn.core.gl.GL20Context::checkGLError(java.lang.String):void" />
			<role name="Request()" element="playn.core.gl.GL20Context::createFramebufferImpl(int):int" />
			<role name="Request()" element="playn.core.gl.GL20Context::bindFramebufferImpl(int, int, int):void" />
		</instance>
		<instance>
			<role name="Adaptee" element="playn.core.Canvas" />
			<role name="Adapter" element="playn.core.canvas.CanvasSurface" />
			<role name="adaptee" element="playn.core.canvas.CanvasSurface::canvas:playn.core.Canvas" />
			<role name="Request()" element="playn.core.canvas.CanvasSurface::clear():playn.core.Surface" />
			<role name="Request()" element="playn.core.canvas.CanvasSurface::drawImage(playn.core.Image, float, float):playn.core.Surface" />
			<role name="Request()" element="playn.core.canvas.CanvasSurface::drawImage(playn.core.Image, float, float, float, float):playn.core.Surface" />
			<role name="Request()" element="playn.core.canvas.CanvasSurface::drawImage(playn.core.Image, float, float, float, float, float, float, float, float):playn.core.Surface" />
			<role name="Request()" element="playn.core.canvas.CanvasSurface::drawImageCentered(playn.core.Image, float, float):playn.core.Surface" />
			<role name="Request()" element="playn.core.canvas.CanvasSurface::drawLine(float, float, float, float, float):playn.core.Surface" />
			<role name="Request()" element="playn.core.canvas.CanvasSurface::fillRect(float, float, float, float):playn.core.Surface" />
			<role name="Request()" element="playn.core.canvas.CanvasSurface::fillTriangles(float[], int, int, int[], int, int, int):playn.core.Surface" />
			<role name="Request()" element="playn.core.canvas.CanvasSurface::height():float" />
			<role name="Request()" element="playn.core.canvas.CanvasSurface::restore():playn.core.Surface" />
			<role name="Request()" element="playn.core.canvas.CanvasSurface::rotate(float):playn.core.Surface" />
			<role name="Request()" element="playn.core.canvas.CanvasSurface::save():playn.core.Surface" />
			<role name="Request()" element="playn.core.canvas.CanvasSurface::scale(float, float):playn.core.Surface" />
			<role name="Request()" element="playn.core.canvas.CanvasSurface::setAlpha(float):playn.core.Surface" />
			<role name="Request()" element="playn.core.canvas.CanvasSurface::setFillColor(int):playn.core.Surface" />
			<role name="Request()" element="playn.core.canvas.CanvasSurface::setFillPattern(playn.core.Pattern):playn.core.Surface" />
			<role name="Request()" element="playn.core.canvas.CanvasSurface::transform(float, float, float, float, float, float):playn.core.Surface" />
			<role name="Request()" element="playn.core.canvas.CanvasSurface::translate(float, float):playn.core.Surface" />
			<role name="Request()" element="playn.core.canvas.CanvasSurface::width():float" />
		</instance>
		<instance>
			<role name="Adaptee" element="playn.core.InternalTransform" />
			<role name="Adapter" element="playn.core.AbstractLayer" />
			<role name="adaptee" element="playn.core.AbstractLayer::transform:playn.core.InternalTransform" />
			<role name="Request()" element="playn.core.AbstractLayer::tx():float" />
			<role name="Request()" element="playn.core.AbstractLayer::ty():float" />
			<role name="Request()" element="playn.core.AbstractLayer::setTx(float):playn.core.Layer" />
			<role name="Request()" element="playn.core.AbstractLayer::setTy(float):playn.core.Layer" />
			<role name="Request()" element="playn.core.AbstractLayer::setTranslation(float, float):playn.core.Layer" />
			<role name="Request()" element="playn.core.AbstractLayer::transform():pythagoras.f.Transform" />
		</instance>
		<instance>
			<role name="Adaptee" element="playn.core.gl.GLContext" />
			<role name="Adapter" element="playn.core.gl.AbstractSurfaceGL" />
			<role name="adaptee" element="playn.core.gl.AbstractSurfaceGL::ctx:playn.core.gl.GLContext" />
			<role name="Request()" element="playn.core.gl.AbstractSurfaceGL::clear():playn.core.Surface" />
			<role name="Request()" element="playn.core.gl.AbstractSurfaceGL::drawLine(float, float, float, float, float):playn.core.Surface" />
			<role name="Request()" element="playn.core.gl.AbstractSurfaceGL::fillRect(float, float, float, float):playn.core.Surface" />
			<role name="Request()" element="playn.core.gl.AbstractSurfaceGL::fillTriangles(float[], int, int, int[], int, int, int):playn.core.Surface" />
			<role name="Request()" element="playn.core.gl.AbstractSurfaceGL::fillTriangles(float[], float[], int, int, int[], int, int, int):playn.core.Surface" />
			<role name="Request()" element="playn.core.gl.AbstractSurfaceGL::save():playn.core.Surface" />
		</instance>
		<instance>
			<role name="Adaptee" element="playn.core.GroupLayer" />
			<role name="Adapter" element="playn.core.AbstractLayer" />
			<role name="adaptee" element="playn.core.AbstractLayer::parent:playn.core.GroupLayer" />
			<role name="Request()" element="playn.core.AbstractLayer::setInteractive(boolean):playn.core.Layer" />
		</instance>
		<instance>
			<role name="Adaptee" element="playn.core.gl.GL20" />
			<role name="Adapter" element="playn.core.gl.GL20Program" />
			<role name="adaptee" element="playn.core.gl.GL20Program::gl:playn.core.gl.GL20" />
			<role name="Request()" element="playn.core.gl.GL20Program::getUniform1f(java.lang.String):playn.core.gl.GLShader$Uniform1f" />
			<role name="Request()" element="playn.core.gl.GL20Program::getUniform2f(java.lang.String):playn.core.gl.GLShader$Uniform2f" />
			<role name="Request()" element="playn.core.gl.GL20Program::getUniform3f(java.lang.String):playn.core.gl.GLShader$Uniform3f" />
			<role name="Request()" element="playn.core.gl.GL20Program::getUniform4f(java.lang.String):playn.core.gl.GLShader$Uniform4f" />
			<role name="Request()" element="playn.core.gl.GL20Program::getUniform1i(java.lang.String):playn.core.gl.GLShader$Uniform1i" />
			<role name="Request()" element="playn.core.gl.GL20Program::getUniform2i(java.lang.String):playn.core.gl.GLShader$Uniform2i" />
			<role name="Request()" element="playn.core.gl.GL20Program::getUniform2fv(java.lang.String):playn.core.gl.GLShader$Uniform2fv" />
			<role name="Request()" element="playn.core.gl.GL20Program::getUniform4fv(java.lang.String):playn.core.gl.GLShader$Uniform4fv" />
			<role name="Request()" element="playn.core.gl.GL20Program::getUniformMatrix4fv(java.lang.String):playn.core.gl.GLShader$UniformMatrix4fv" />
			<role name="Request()" element="playn.core.gl.GL20Program::getAttrib(java.lang.String, int, int):playn.core.gl.GLShader$Attrib" />
			<role name="Request()" element="playn.core.gl.GL20Program::bind():void" />
			<role name="Request()" element="playn.core.gl.GL20Program::destroy():void" />
		</instance>
		<instance>
			<role name="Adaptee" element="playn.core.gl.GLBuffer$Short" />
			<role name="Adapter" element="playn.core.gl.QuadShader$QuadCore" />
			<role name="adaptee" element="playn.core.gl.QuadShader$QuadCore::vertices:playn.core.gl.GLBuffer$Short" />
			<role name="adaptee" element="playn.core.gl.QuadShader$QuadCore::elements:playn.core.gl.GLBuffer$Short" />
			<role name="Request()" element="playn.core.gl.QuadShader$QuadCore::activate(int, int):void" />
		</instance>
		<instance>
			<role name="Adaptee" element="playn.core.gl.AbstractImageGL" />
			<role name="Adapter" element="playn.core.gl.AbstractSurfaceGL" />
			<role name="adaptee" element="playn.core.gl.AbstractSurfaceGL::fillPattern:playn.core.gl.AbstractImageGL" />
			<role name="Request()" element="playn.core.gl.AbstractSurfaceGL::drawLine(float, float, float, float, float):playn.core.Surface" />
			<role name="Request()" element="playn.core.gl.AbstractSurfaceGL::fillRect(float, float, float, float):playn.core.Surface" />
			<role name="Request()" element="playn.core.gl.AbstractSurfaceGL::fillTriangles(float[], int, int, int[], int, int, int):playn.core.Surface" />
			<role name="Request()" element="playn.core.gl.AbstractSurfaceGL::fillTriangles(float[], float[], int, int, int[], int, int, int):playn.core.Surface" />
			<role name="Request()" element="playn.core.gl.AbstractSurfaceGL::setFillPattern(playn.core.Pattern):playn.core.Surface" />
		</instance>
		<instance>
			<role name="Adaptee" element="playn.core.gl.SurfaceGL" />
			<role name="Adapter" element="playn.core.gl.SurfaceImageGL" />
			<role name="adaptee" element="playn.core.gl.SurfaceImageGL::surface:playn.core.gl.SurfaceGL" />
			<role name="Request()" element="playn.core.gl.SurfaceImageGL::destroy():void" />
		</instance>
		<instance>
			<role name="Adaptee" element="playn.core.gl.GLBuffer$Float" />
			<role name="Adapter" element="playn.core.gl.IndexedTrisShader$ITCore" />
			<role name="adaptee" element="playn.core.gl.IndexedTrisShader$ITCore::vertices:playn.core.gl.GLBuffer$Float" />
			<role name="Request()" element="playn.core.gl.IndexedTrisShader$ITCore::addQuad(float, float, float, float, float, float, float, float, float, float, float, float, float, float, float, float, float, float, float, float, float, float):void" />
		</instance>
		<instance>
			<role name="Adaptee" element="playn.core.gl.GLBuffer$Float" />
			<role name="Adapter" element="playn.core.gl.QuadShader$QuadCore" />
			<role name="adaptee" element="playn.core.gl.QuadShader$QuadCore::data:playn.core.gl.GLBuffer$Float" />
			<role name="Request()" element="playn.core.gl.QuadShader$QuadCore::addQuad(float, float, float, float, float, float, float, float, float, float, float, float, float, float, float, float, float, float, float, float, float, float):void" />
		</instance>
		<instance>
			<role name="Adaptee" element="playn.core.Image" />
			<role name="Adapter" element="playn.core.canvas.ImageLayerCanvas" />
			<role name="adaptee" element="playn.core.canvas.ImageLayerCanvas::img:playn.core.Image" />
			<role name="Request()" element="playn.core.canvas.ImageLayerCanvas::paint(playn.core.Canvas, float):void" />
		</instance>
		<instance>
			<role name="Adaptee" element="playn.core.gl.AbstractImageGL" />
			<role name="Adapter" element="playn.core.gl.ImageLayerGL" />
			<role name="adaptee" element="playn.core.gl.ImageLayerGL::img:playn.core.gl.AbstractImageGL" />
			<role name="Request()" element="playn.core.gl.ImageLayerGL::setImage(playn.core.Image):playn.core.ImageLayer" />
			<role name="Request()" element="playn.core.gl.ImageLayerGL::paint(playn.core.InternalTransform, int, playn.core.gl.GLShader):void" />
		</instance>
		<instance>
			<role name="Adaptee" element="playn.core.AbstractPlatform" />
			<role name="Adapter" element="playn.core.AbstractAssets" />
			<role name="adaptee" element="playn.core.AbstractAssets::platform:playn.core.AbstractPlatform" />
			<role name="Request()" element="playn.core.AbstractAssets::getImage(java.lang.String):playn.core.Image" />
			<role name="Request()" element="playn.core.AbstractAssets::getText(java.lang.String, playn.core.util.Callback):void" />
			<role name="Request()" element="playn.core.AbstractAssets::getBytes(java.lang.String, playn.core.util.Callback):void" />
		</instance>
		<instance>
			<role name="Adaptee" element="playn.core.json.JsonTypedArray$Getter" />
			<role name="Adapter" element="playn.core.json.JsonTypedArray" />
			<role name="adaptee" element="playn.core.json.JsonTypedArray::getter:playn.core.json.JsonTypedArray$Getter" />
			<role name="Request()" element="playn.core.json.JsonTypedArray::get(int):java.lang.Object" />
			<role name="Request()" element="playn.core.json.JsonTypedArray::get(int, T):java.lang.Object" />
		</instance>
		<instance>
			<role name="Adaptee" element="playn.core.gl.ImmediateLayerGL$ImmediateSurfaceGL" />
			<role name="Adapter" element="playn.core.gl.ImmediateLayerGL" />
			<role name="adaptee" element="playn.core.gl.ImmediateLayerGL::surface:playn.core.gl.ImmediateLayerGL$ImmediateSurfaceGL" />
			<role name="Request()" element="playn.core.gl.ImmediateLayerGL::paint(playn.core.InternalTransform, int, playn.core.gl.GLShader):void" />
		</instance>
		<instance>
			<role name="Adaptee" element="playn.core.Dispatcher$CaptureState" />
			<role name="Adapter" element="playn.core.PointerImpl" />
			<role name="adaptee" element="playn.core.PointerImpl::active:playn.core.Dispatcher$CaptureState" />
			<role name="Request()" element="playn.core.PointerImpl::cancelLayerDrags():void" />
		</instance>
		<instance>
			<role name="Adaptee" element="playn.core.gl.AbstractGL20$Buffers" />
			<role name="Adapter" element="playn.core.gl.AbstractGL20" />
			<role name="adaptee" element="playn.core.gl.AbstractGL20::bufs:playn.core.gl.AbstractGL20$Buffers" />
			<role name="Request()" element="playn.core.gl.AbstractGL20::glDeleteBuffers(int, int[], int):void" />
			<role name="Request()" element="playn.core.gl.AbstractGL20::glDeleteFramebuffers(int, int[], int):void" />
			<role name="Request()" element="playn.core.gl.AbstractGL20::glDeleteRenderbuffers(int, int[], int):void" />
			<role name="Request()" element="playn.core.gl.AbstractGL20::glDeleteTextures(int, int[], int):void" />
			<role name="Request()" element="playn.core.gl.AbstractGL20::glGenBuffers(int, int[], int):void" />
			<role name="Request()" element="playn.core.gl.AbstractGL20::glGenFramebuffers(int, int[], int):void" />
			<role name="Request()" element="playn.core.gl.AbstractGL20::glGenRenderbuffers(int, int[], int):void" />
			<role name="Request()" element="playn.core.gl.AbstractGL20::glGenTextures(int, int[], int):void" />
			<role name="Request()" element="playn.core.gl.AbstractGL20::glGetAttachedShaders(int, int, int[], int, int[], int):void" />
			<role name="Request()" element="playn.core.gl.AbstractGL20::glGetBooleanv(int, byte[], int):void" />
			<role name="Request()" element="playn.core.gl.AbstractGL20::glGetBufferParameteriv(int, int, int[], int):void" />
			<role name="Request()" element="playn.core.gl.AbstractGL20::glGetFloatv(int, float[], int):void" />
			<role name="Request()" element="playn.core.gl.AbstractGL20::glGetFramebufferAttachmentParameteriv(int, int, int, int[], int):void" />
			<role name="Request()" element="playn.core.gl.AbstractGL20::glGetIntegerv(int, int[], int):void" />
			<role name="Request()" element="playn.core.gl.AbstractGL20::glGetProgramBinary(int, int, int[], int, int[], int, java.nio.Buffer):void" />
			<role name="Request()" element="playn.core.gl.AbstractGL20::glGetProgramInfoLog(int, int, int[], int, byte[], int):void" />
			<role name="Request()" element="playn.core.gl.AbstractGL20::glGetProgramiv(int, int, int[], int):void" />
			<role name="Request()" element="playn.core.gl.AbstractGL20::glGetRenderbufferParameteriv(int, int, int[], int):void" />
			<role name="Request()" element="playn.core.gl.AbstractGL20::glGetShaderInfoLog(int, int, int[], int, byte[], int):void" />
			<role name="Request()" element="playn.core.gl.AbstractGL20::glGetShaderiv(int, int, int[], int):void" />
			<role name="Request()" element="playn.core.gl.AbstractGL20::glGetTexParameterfv(int, int, float[], int):void" />
			<role name="Request()" element="playn.core.gl.AbstractGL20::glGetTexParameteriv(int, int, int[], int):void" />
			<role name="Request()" element="playn.core.gl.AbstractGL20::glGetUniformfv(int, int, float[], int):void" />
			<role name="Request()" element="playn.core.gl.AbstractGL20::glGetUniformiv(int, int, int[], int):void" />
			<role name="Request()" element="playn.core.gl.AbstractGL20::glGetVertexAttribfv(int, int, float[], int):void" />
			<role name="Request()" element="playn.core.gl.AbstractGL20::glGetVertexAttribiv(int, int, int[], int):void" />
			<role name="Request()" element="playn.core.gl.AbstractGL20::glTexParameterfv(int, int, float[], int):void" />
			<role name="Request()" element="playn.core.gl.AbstractGL20::glTexParameteriv(int, int, int[], int):void" />
			<role name="Request()" element="playn.core.gl.AbstractGL20::glUniform1fv(int, int, float[], int):void" />
			<role name="Request()" element="playn.core.gl.AbstractGL20::glUniform1iv(int, int, int[], int):void" />
			<role name="Request()" element="playn.core.gl.AbstractGL20::glUniform2fv(int, int, float[], int):void" />
			<role name="Request()" element="playn.core.gl.AbstractGL20::glUniform2iv(int, int, int[], int):void" />
			<role name="Request()" element="playn.core.gl.AbstractGL20::glUniform3fv(int, int, float[], int):void" />
			<role name="Request()" element="playn.core.gl.AbstractGL20::glUniform3iv(int, int, int[], int):void" />
			<role name="Request()" element="playn.core.gl.AbstractGL20::glUniform4fv(int, int, float[], int):void" />
			<role name="Request()" element="playn.core.gl.AbstractGL20::glUniform4iv(int, int, int[], int):void" />
			<role name="Request()" element="playn.core.gl.AbstractGL20::glUniformMatrix2fv(int, int, boolean, float[], int):void" />
			<role name="Request()" element="playn.core.gl.AbstractGL20::glUniformMatrix3fv(int, int, boolean, float[], int):void" />
			<role name="Request()" element="playn.core.gl.AbstractGL20::glUniformMatrix4fv(int, int, boolean, float[], int):void" />
		</instance>
		<instance>
			<role name="Adaptee" element="playn.core.gl.GLShader" />
			<role name="Adapter" element="playn.core.gl.AbstractSurfaceGL" />
			<role name="adaptee" element="playn.core.gl.AbstractSurfaceGL::shader:playn.core.gl.GLShader" />
			<role name="Request()" element="playn.core.gl.AbstractSurfaceGL::drawLine(float, float, float, float, float):playn.core.Surface" />
			<role name="Request()" element="playn.core.gl.AbstractSurfaceGL::fillRect(float, float, float, float):playn.core.Surface" />
			<role name="Request()" element="playn.core.gl.AbstractSurfaceGL::fillTriangles(float[], int, int, int[], int, int, int):playn.core.Surface" />
			<role name="Request()" element="playn.core.gl.AbstractSurfaceGL::fillTriangles(float[], float[], int, int, int[], int, int, int):playn.core.Surface" />
		</instance>
		<instance>
			<role name="Adaptee" element="playn.core.Dispatcher$CaptureState" />
			<role name="Adapter" element="playn.core.Events$Input$Impl" />
			<role name="adaptee" element="playn.core.Events$Input$Impl::captureState:playn.core.Dispatcher$CaptureState" />
			<role name="Request()" element="playn.core.Events$Input$Impl::capture():void" />
		</instance>
		<instance>
			<role name="Adaptee" element="playn.core.gl.GL20" />
			<role name="Adapter" element="playn.core.gl.GL20Buffer" />
			<role name="adaptee" element="playn.core.gl.GL20Buffer::gl:playn.core.gl.GL20" />
			<role name="Request()" element="playn.core.gl.GL20Buffer::bind(int):void" />
			<role name="Request()" element="playn.core.gl.GL20Buffer::send(int, int):int" />
			<role name="Request()" element="playn.core.gl.GL20Buffer::destroy():void" />
		</instance>
		<instance>
			<role name="Adaptee" element="playn.core.gl.GLShader$Attrib" />
			<role name="Adapter" element="playn.core.gl.IndexedTrisShader$ITCore" />
			<role name="adaptee" element="playn.core.gl.IndexedTrisShader$ITCore::aMatrix:playn.core.gl.GLShader$Attrib" />
			<role name="adaptee" element="playn.core.gl.IndexedTrisShader$ITCore::aTranslation:playn.core.gl.GLShader$Attrib" />
			<role name="adaptee" element="playn.core.gl.IndexedTrisShader$ITCore::aColor:playn.core.gl.GLShader$Attrib" />
			<role name="adaptee" element="playn.core.gl.IndexedTrisShader$ITCore::aPosition:playn.core.gl.GLShader$Attrib" />
			<role name="adaptee" element="playn.core.gl.IndexedTrisShader$ITCore::aTexCoord:playn.core.gl.GLShader$Attrib" />
			<role name="Request()" element="playn.core.gl.IndexedTrisShader$ITCore::deactivate():void" />
		</instance>
		<instance>
			<role name="Adaptee" element="playn.core.gl.GLShader$Attrib" />
			<role name="Adapter" element="playn.core.gl.QuadShader$QuadCore" />
			<role name="adaptee" element="playn.core.gl.QuadShader$QuadCore::aVertex:playn.core.gl.GLShader$Attrib" />
			<role name="Request()" element="playn.core.gl.QuadShader$QuadCore::activate(int, int):void" />
			<role name="Request()" element="playn.core.gl.QuadShader$QuadCore::deactivate():void" />
		</instance>
		<instance>
			<role name="Adaptee" element="playn.core.Dispatcher" />
			<role name="Adapter" element="playn.core.PointerImpl" />
			<role name="adaptee" element="playn.core.PointerImpl::dispatcher:playn.core.Dispatcher" />
			<role name="Request()" element="playn.core.PointerImpl::cancelLayerDrags():void" />
		</instance>
		<instance>
			<role name="Adaptee" element="playn.core.Dispatcher" />
			<role name="Adapter" element="playn.core.TouchImpl" />
			<role name="adaptee" element="playn.core.TouchImpl::dispatcher:playn.core.Dispatcher" />
			<role name="Request()" element="playn.core.TouchImpl::cancelLayerTouches(playn.core.Layer):void" />
		</instance>
		<instance>
			<role name="Adaptee" element="playn.core.Graphics" />
			<role name="Adapter" element="playn.core.AbstractFont" />
			<role name="adaptee" element="playn.core.AbstractFont::graphics:playn.core.Graphics" />
			<role name="Request()" element="playn.core.AbstractFont::derive(float):playn.core.Font" />
		</instance>
		<instance>
			<role name="Adaptee" element="playn.core.Json$Array" />
			<role name="Adapter" element="playn.core.json.JsonTypedArray" />
			<role name="adaptee" element="playn.core.json.JsonTypedArray::array:playn.core.Json$Array" />
			<role name="Request()" element="playn.core.json.JsonTypedArray::length():int" />
		</instance>
		<instance>
			<role name="Adaptee" element="playn.core.PlayN$ErrorReporter" />
			<role name="Adapter" element="playn.core.AbstractPlatform" />
			<role name="adaptee" element="playn.core.AbstractPlatform::errorReporter:playn.core.PlayN$ErrorReporter" />
			<role name="Request()" element="playn.core.AbstractPlatform::reportError(java.lang.String, java.lang.Throwable):void" />
		</instance>
		<instance>
			<role name="Adaptee" element="playn.core.gl.GLShader$Uniform2f" />
			<role name="Adapter" element="playn.core.gl.IndexedTrisShader$ITCore" />
			<role name="adaptee" element="playn.core.gl.IndexedTrisShader$ITCore::uScreenSize:playn.core.gl.GLShader$Uniform2f" />
			<role name="Request()" element="playn.core.gl.IndexedTrisShader$ITCore::activate(int, int):void" />
		</instance>
		<instance>
			<role name="Adaptee" element="playn.core.gl.GLShader$Uniform2f" />
			<role name="Adapter" element="playn.core.gl.QuadShader$QuadCore" />
			<role name="adaptee" element="playn.core.gl.QuadShader$QuadCore::uScreenSize:playn.core.gl.GLShader$Uniform2f" />
			<role name="Request()" element="playn.core.gl.QuadShader$QuadCore::activate(int, int):void" />
		</instance>
	</pattern>
	<pattern name="Command" />
	<pattern name="Composite">
		<instance>
			<role name="Component" element="playn.core.util.Callback" />
			<role name="Composite" element="playn.core.util.CallbackList" />
			<role name="Operation()" element="playn.core.util.CallbackList::onSuccess(T):void" />
			<role name="Operation()" element="playn.core.util.CallbackList::onFailure(java.lang.Throwable):void" />
		</instance>
	</pattern>
	<pattern name="Decorator">
		<instance>
			<role name="Component" element="playn.core.Assets" />
			<role name="Decorator" element="playn.core.CachingAssets" />
			<role name="component" element="playn.core.CachingAssets::delegate:playn.core.Assets" />
			<role name="Operation()" element="playn.core.CachingAssets::getImageSync(java.lang.String):playn.core.Image" />
			<role name="Operation()" element="playn.core.CachingAssets::getImage(java.lang.String):playn.core.Image" />
			<role name="Operation()" element="playn.core.CachingAssets::getRemoteImage(java.lang.String):playn.core.Image" />
			<role name="Operation()" element="playn.core.CachingAssets::getRemoteImage(java.lang.String, float, float):playn.core.Image" />
			<role name="Operation()" element="playn.core.CachingAssets::getSound(java.lang.String):playn.core.Sound" />
			<role name="Operation()" element="playn.core.CachingAssets::getMusic(java.lang.String):playn.core.Sound" />
			<role name="Operation()" element="playn.core.CachingAssets::getTextSync(java.lang.String):java.lang.String" />
			<role name="Operation()" element="playn.core.CachingAssets::getText(java.lang.String, playn.core.util.Callback):void" />
			<role name="Operation()" element="playn.core.CachingAssets::getBytesSync(java.lang.String):byte[]" />
			<role name="Operation()" element="playn.core.CachingAssets::getBytes(java.lang.String, playn.core.util.Callback):void" />
		</instance>
		<instance>
			<role name="Component" element="playn.core.Assets" />
			<role name="Decorator" element="playn.core.WatchedAssets" />
			<role name="component" element="playn.core.WatchedAssets::delegate:playn.core.Assets" />
			<role name="Operation()" element="playn.core.WatchedAssets::getImageSync(java.lang.String):playn.core.Image" />
			<role name="Operation()" element="playn.core.WatchedAssets::getImage(java.lang.String):playn.core.Image" />
			<role name="Operation()" element="playn.core.WatchedAssets::getRemoteImage(java.lang.String):playn.core.Image" />
			<role name="Operation()" element="playn.core.WatchedAssets::getRemoteImage(java.lang.String, float, float):playn.core.Image" />
			<role name="Operation()" element="playn.core.WatchedAssets::getSound(java.lang.String):playn.core.Sound" />
			<role name="Operation()" element="playn.core.WatchedAssets::getMusic(java.lang.String):playn.core.Sound" />
			<role name="Operation()" element="playn.core.WatchedAssets::getTextSync(java.lang.String):java.lang.String" />
			<role name="Operation()" element="playn.core.WatchedAssets::getText(java.lang.String, playn.core.util.Callback):void" />
			<role name="Operation()" element="playn.core.WatchedAssets::getBytesSync(java.lang.String):byte[]" />
			<role name="Operation()" element="playn.core.WatchedAssets::getBytes(java.lang.String, playn.core.util.Callback):void" />
		</instance>
		<instance>
			<role name="Component" element="playn.core.util.Callback" />
			<role name="Decorator" element="playn.core.util.Callback$Chain" />
			<role name="component" element="playn.core.util.Callback$Chain::onFailure:playn.core.util.Callback" />
			<role name="Operation()" element="playn.core.util.Callback$Chain::onFailure(java.lang.Throwable):void" />
		</instance>
	</pattern>
	<pattern name="Observer" />
	<pattern name="State">
		<instance>
			<role name="Context" element="playn.core.AssetWatcher" />
			<role name="State" element="playn.core.AssetWatcher$Listener" />
			<role name="state" element="playn.core.AssetWatcher::listener:playn.core.AssetWatcher$Listener" />
			<role name="Request()" element="playn.core.AssetWatcher::update():void" />
		</instance>
		<instance>
			<role name="Context" element="playn.core.PlayN" />
			<role name="State" element="playn.core.Platform" />
			<role name="state" element="playn.core.PlayN::platform:playn.core.Platform" />
			<role name="Request()" element="playn.core.PlayN::platformType():playn.core.Platform$Type" />
			<role name="Request()" element="playn.core.PlayN::run(playn.core.Game):void" />
			<role name="Request()" element="playn.core.PlayN::reportError(java.lang.String, java.lang.Throwable):void" />
			<role name="Request()" element="playn.core.PlayN::currentTime():double" />
			<role name="Request()" element="playn.core.PlayN::tick():int" />
			<role name="Request()" element="playn.core.PlayN::random():float" />
			<role name="Request()" element="playn.core.PlayN::openURL(java.lang.String):void" />
			<role name="Request()" element="playn.core.PlayN::invokeLater(java.lang.Runnable):void" />
			<role name="Request()" element="playn.core.PlayN::setLifecycleListener(playn.core.PlayN$LifecycleListener):void" />
			<role name="Request()" element="playn.core.PlayN::setErrorReporter(playn.core.PlayN$ErrorReporter):void" />
			<role name="Request()" element="playn.core.PlayN::setPropagateEvents(boolean):void" />
			<role name="Request()" element="playn.core.PlayN::audio():playn.core.Audio" />
			<role name="Request()" element="playn.core.PlayN::graphics():playn.core.Graphics" />
			<role name="Request()" element="playn.core.PlayN::assets():playn.core.Assets" />
			<role name="Request()" element="playn.core.PlayN::json():playn.core.Json" />
			<role name="Request()" element="playn.core.PlayN::keyboard():playn.core.Keyboard" />
			<role name="Request()" element="playn.core.PlayN::log():playn.core.Log" />
			<role name="Request()" element="playn.core.PlayN::net():playn.core.Net" />
			<role name="Request()" element="playn.core.PlayN::pointer():playn.core.Pointer" />
			<role name="Request()" element="playn.core.PlayN::mouse():playn.core.Mouse" />
			<role name="Request()" element="playn.core.PlayN::touch():playn.core.Touch" />
			<role name="Request()" element="playn.core.PlayN::storage():playn.core.Storage" />
		</instance>
		<instance>
			<role name="Context" element="playn.core.canvas.ImmediateLayerCanvas" />
			<role name="State" element="playn.core.ImmediateLayer$Renderer" />
			<role name="state" element="playn.core.canvas.ImmediateLayerCanvas::renderer:playn.core.ImmediateLayer$Renderer" />
			<role name="Request()" element="playn.core.canvas.ImmediateLayerCanvas::render(playn.core.Canvas):void" />
		</instance>
		<instance>
			<role name="Context" element="playn.core.gl.ImmediateLayerGL" />
			<role name="State" element="playn.core.ImmediateLayer$Renderer" />
			<role name="state" element="playn.core.gl.ImmediateLayerGL::renderer:playn.core.ImmediateLayer$Renderer" />
			<role name="Request()" element="playn.core.gl.ImmediateLayerGL::render(playn.core.InternalTransform):void" />
		</instance>
		<instance>
			<role name="Context" element="playn.android.AndroidAssets" />
			<role name="State" element="playn.android.AndroidAssets$ExpansionLoader" />
			<role name="state" element="playn.android.AndroidAssets::expansionLoader:playn.android.AndroidAssets$ExpansionLoader" />
			<role name="Request()" element="playn.android.AndroidAssets::openAssetFd(java.lang.String):android.content.res.AssetFileDescriptor" />
			<role name="Request()" element="playn.android.AndroidAssets::openAsset(java.lang.String):java.io.InputStream" />
		</instance>
		<instance>
			<role name="Context" element="playn.core.gl.GL20Context" />
			<role name="State" element="playn.core.gl.GL20" />
			<role name="state" element="playn.core.gl.GL20Context::gl:playn.core.gl.GL20" />
			<role name="Request()" element="playn.core.gl.GL20Context::init():void" />
			<role name="Request()" element="playn.core.gl.GL20Context::paint(playn.core.gl.GroupLayerGL):void" />
			<role name="Request()" element="playn.core.gl.GL20Context::getString(int):java.lang.String" />
			<role name="Request()" element="playn.core.gl.GL20Context::getInteger(int):int" />
			<role name="Request()" element="playn.core.gl.GL20Context::getFloat(int):float" />
			<role name="Request()" element="playn.core.gl.GL20Context::getBoolean(int):boolean" />
			<role name="Request()" element="playn.core.gl.GL20Context::texImage2D(playn.core.Image, int, int, int, int, int):void" />
			<role name="Request()" element="playn.core.gl.GL20Context::texSubImage2D(playn.core.Image, int, int, int, int, int, int):void" />
			<role name="Request()" element="playn.core.gl.GL20Context::deleteFramebuffer(int):void" />
			<role name="Request()" element="playn.core.gl.GL20Context::createTexture(boolean, boolean, boolean):int" />
			<role name="Request()" element="playn.core.gl.GL20Context::createTexture(int, int, boolean, boolean, boolean):int" />
			<role name="Request()" element="playn.core.gl.GL20Context::generateMipmap(int):void" />
			<role name="Request()" element="playn.core.gl.GL20Context::activeTexture(int):void" />
			<role name="Request()" element="playn.core.gl.GL20Context::bindTexture(int):void" />
			<role name="Request()" element="playn.core.gl.GL20Context::destroyTexture(int):void" />
			<role name="Request()" element="playn.core.gl.GL20Context::startClipped(int, int, int, int):boolean" />
			<role name="Request()" element="playn.core.gl.GL20Context::endClipped():void" />
			<role name="Request()" element="playn.core.gl.GL20Context::clear(float, float, float, float):void" />
			<role name="Request()" element="playn.core.gl.GL20Context::checkGLError(java.lang.String):void" />
			<role name="Request()" element="playn.core.gl.GL20Context::createFramebufferImpl(int):int" />
			<role name="Request()" element="playn.core.gl.GL20Context::bindFramebufferImpl(int, int, int):void" />
		</instance>
		<instance>
			<role name="Context" element="playn.core.canvas.CanvasSurface" />
			<role name="State" element="playn.core.Canvas" />
			<role name="state" element="playn.core.canvas.CanvasSurface::canvas:playn.core.Canvas" />
			<role name="Request()" element="playn.core.canvas.CanvasSurface::clear():playn.core.Surface" />
			<role name="Request()" element="playn.core.canvas.CanvasSurface::drawImage(playn.core.Image, float, float):playn.core.Surface" />
			<role name="Request()" element="playn.core.canvas.CanvasSurface::drawImage(playn.core.Image, float, float, float, float):playn.core.Surface" />
			<role name="Request()" element="playn.core.canvas.CanvasSurface::drawImage(playn.core.Image, float, float, float, float, float, float, float, float):playn.core.Surface" />
			<role name="Request()" element="playn.core.canvas.CanvasSurface::drawImageCentered(playn.core.Image, float, float):playn.core.Surface" />
			<role name="Request()" element="playn.core.canvas.CanvasSurface::drawLine(float, float, float, float, float):playn.core.Surface" />
			<role name="Request()" element="playn.core.canvas.CanvasSurface::fillRect(float, float, float, float):playn.core.Surface" />
			<role name="Request()" element="playn.core.canvas.CanvasSurface::fillTriangles(float[], int, int, int[], int, int, int):playn.core.Surface" />
			<role name="Request()" element="playn.core.canvas.CanvasSurface::height():float" />
			<role name="Request()" element="playn.core.canvas.CanvasSurface::restore():playn.core.Surface" />
			<role name="Request()" element="playn.core.canvas.CanvasSurface::rotate(float):playn.core.Surface" />
			<role name="Request()" element="playn.core.canvas.CanvasSurface::save():playn.core.Surface" />
			<role name="Request()" element="playn.core.canvas.CanvasSurface::scale(float, float):playn.core.Surface" />
			<role name="Request()" element="playn.core.canvas.CanvasSurface::setAlpha(float):playn.core.Surface" />
			<role name="Request()" element="playn.core.canvas.CanvasSurface::setFillColor(int):playn.core.Surface" />
			<role name="Request()" element="playn.core.canvas.CanvasSurface::setFillPattern(playn.core.Pattern):playn.core.Surface" />
			<role name="Request()" element="playn.core.canvas.CanvasSurface::transform(float, float, float, float, float, float):playn.core.Surface" />
			<role name="Request()" element="playn.core.canvas.CanvasSurface::translate(float, float):playn.core.Surface" />
			<role name="Request()" element="playn.core.canvas.CanvasSurface::width():float" />
		</instance>
		<instance>
			<role name="Context" element="playn.core.gl.GL20Program" />
			<role name="State" element="playn.core.gl.GL20" />
			<role name="state" element="playn.core.gl.GL20Program::gl:playn.core.gl.GL20" />
			<role name="Request()" element="playn.core.gl.GL20Program::getUniform1f(java.lang.String):playn.core.gl.GLShader$Uniform1f" />
			<role name="Request()" element="playn.core.gl.GL20Program::getUniform2f(java.lang.String):playn.core.gl.GLShader$Uniform2f" />
			<role name="Request()" element="playn.core.gl.GL20Program::getUniform3f(java.lang.String):playn.core.gl.GLShader$Uniform3f" />
			<role name="Request()" element="playn.core.gl.GL20Program::getUniform4f(java.lang.String):playn.core.gl.GLShader$Uniform4f" />
			<role name="Request()" element="playn.core.gl.GL20Program::getUniform1i(java.lang.String):playn.core.gl.GLShader$Uniform1i" />
			<role name="Request()" element="playn.core.gl.GL20Program::getUniform2i(java.lang.String):playn.core.gl.GLShader$Uniform2i" />
			<role name="Request()" element="playn.core.gl.GL20Program::getUniform2fv(java.lang.String):playn.core.gl.GLShader$Uniform2fv" />
			<role name="Request()" element="playn.core.gl.GL20Program::getUniform4fv(java.lang.String):playn.core.gl.GLShader$Uniform4fv" />
			<role name="Request()" element="playn.core.gl.GL20Program::getUniformMatrix4fv(java.lang.String):playn.core.gl.GLShader$UniformMatrix4fv" />
			<role name="Request()" element="playn.core.gl.GL20Program::getAttrib(java.lang.String, int, int):playn.core.gl.GLShader$Attrib" />
			<role name="Request()" element="playn.core.gl.GL20Program::bind():void" />
			<role name="Request()" element="playn.core.gl.GL20Program::destroy():void" />
			<role name="Request()" element="playn.core.gl.GL20Program::compileShader(int, java.lang.String):int" />
		</instance>
		<instance>
			<role name="Context" element="playn.core.gl.IndexedTrisShader$ITCore" />
			<role name="State" element="playn.core.gl.GLBuffer$Short" />
			<role name="state" element="playn.core.gl.IndexedTrisShader$ITCore::elements:playn.core.gl.GLBuffer$Short" />
			<role name="Request()" element="playn.core.gl.IndexedTrisShader$ITCore::flush():void" />
			<role name="Request()" element="playn.core.gl.IndexedTrisShader$ITCore::addElems(int, int[], int, int, int):void" />
		</instance>
		<instance>
			<role name="Context" element="playn.core.gl.QuadShader$QuadCore" />
			<role name="State" element="playn.core.gl.GLBuffer$Short" />
			<role name="state" element="playn.core.gl.QuadShader$QuadCore::elements:playn.core.gl.GLBuffer$Short" />
			<role name="Request()" element="playn.core.gl.QuadShader$QuadCore::flush():void" />
		</instance>
		<instance>
			<role name="Context" element="playn.core.gl.IndexedTrisShader$ITCore" />
			<role name="State" element="playn.core.gl.GLBuffer$Float" />
			<role name="state" element="playn.core.gl.IndexedTrisShader$ITCore::vertices:playn.core.gl.GLBuffer$Float" />
			<role name="Request()" element="playn.core.gl.IndexedTrisShader$ITCore::addQuad(float, float, float, float, float, float, float, float, float, float, float, float, float, float, float, float, float, float, float, float, float, float):void" />
			<role name="Request()" element="playn.core.gl.IndexedTrisShader$ITCore::addTriangles(float, float, float, float, float, float, float[], int, int, float, float, int[], int, int, int):void" />
			<role name="Request()" element="playn.core.gl.IndexedTrisShader$ITCore::addTriangles(float, float, float, float, float, float, float[], float[], int, int, int[], int, int, int):void" />
		</instance>
		<instance>
			<role name="Context" element="playn.core.gl.QuadShader$QuadCore" />
			<role name="State" element="playn.core.gl.GLBuffer$Float" />
			<role name="state" element="playn.core.gl.QuadShader$QuadCore::data:playn.core.gl.GLBuffer$Float" />
			<role name="Request()" element="playn.core.gl.QuadShader$QuadCore::addQuad(float, float, float, float, float, float, float, float, float, float, float, float, float, float, float, float, float, float, float, float, float, float):void" />
		</instance>
		<instance>
			<role name="Context" element="playn.core.canvas.ImageLayerCanvas" />
			<role name="State" element="playn.core.Image" />
			<role name="state" element="playn.core.canvas.ImageLayerCanvas::img:playn.core.Image" />
			<role name="Request()" element="playn.core.canvas.ImageLayerCanvas::width():float" />
			<role name="Request()" element="playn.core.canvas.ImageLayerCanvas::height():float" />
			<role name="Request()" element="playn.core.canvas.ImageLayerCanvas::paint(playn.core.Canvas, float):void" />
		</instance>
		<instance>
			<role name="Context" element="playn.core.json.JsonTypedArray" />
			<role name="State" element="playn.core.json.JsonTypedArray$Getter" />
			<role name="state" element="playn.core.json.JsonTypedArray::getter:playn.core.json.JsonTypedArray$Getter" />
			<role name="Request()" element="playn.core.json.JsonTypedArray::get(int):java.lang.Object" />
			<role name="Request()" element="playn.core.json.JsonTypedArray::get(int, T):java.lang.Object" />
		</instance>
		<instance>
			<role name="Context" element="playn.core.BatchImpl" />
			<role name="State" element="playn.core.Storage" />
			<role name="state" element="playn.core.BatchImpl::storage:playn.core.Storage" />
			<role name="Request()" element="playn.core.BatchImpl::setImpl(java.lang.String, java.lang.String):void" />
			<role name="Request()" element="playn.core.BatchImpl::removeImpl(java.lang.String):void" />
		</instance>
		<instance>
			<role name="Context" element="playn.core.util.TextBlock" />
			<role name="State" element="playn.core.TextLayout" />
			<role name="state" element="playn.core.util.TextBlock::lines:playn.core.TextLayout[]" />
			<role name="Request()" element="playn.core.util.TextBlock::fill(playn.core.Canvas, playn.core.util.TextBlock$Align, float, float):void" />
			<role name="Request()" element="playn.core.util.TextBlock::stroke(playn.core.Canvas, playn.core.util.TextBlock$Align, float, float):void" />
		</instance>
		<instance>
			<role name="State" element="playn.core.Platform" />
			<role name="Context" element="playn.core.AudioImpl" />
			<role name="state" element="playn.core.AudioImpl::platform:playn.core.Platform" />
			<role name="Request()" element="playn.core.AudioImpl::dispatchLoaded(, I):void" />
			<role name="Request()" element="playn.core.AudioImpl::dispatchLoadError(playn.core.AbstractSound, java.lang.Throwable):void" />
		</instance>
		<instance>
			<role name="Context" element="playn.core.TouchImpl" />
			<role name="State" element="playn.core.Touch$Listener" />
			<role name="state" element="playn.core.TouchImpl::listener:playn.core.Touch$Listener" />
			<role name="Request()" element="playn.core.TouchImpl::onTouchStart(playn.core.Touch$Event$Impl[]):void" />
			<role name="Request()" element="playn.core.TouchImpl::onTouchMove(playn.core.Touch$Event$Impl[]):void" />
			<role name="Request()" element="playn.core.TouchImpl::onTouchEnd(playn.core.Touch$Event$Impl[]):void" />
			<role name="Request()" element="playn.core.TouchImpl::onTouchCancel(playn.core.Touch$Event$Impl[]):void" />
		</instance>
		<instance>
			<role name="Context" element="playn.core.gl.IndexedTrisShader$ITCore" />
			<role name="State" element="playn.core.gl.GLShader$Attrib" />
			<role name="state" element="playn.core.gl.IndexedTrisShader$ITCore::aMatrix:playn.core.gl.GLShader$Attrib" />
			<role name="state" element="playn.core.gl.IndexedTrisShader$ITCore::aTranslation:playn.core.gl.GLShader$Attrib" />
			<role name="state" element="playn.core.gl.IndexedTrisShader$ITCore::aColor:playn.core.gl.GLShader$Attrib" />
			<role name="state" element="playn.core.gl.IndexedTrisShader$ITCore::aPosition:playn.core.gl.GLShader$Attrib" />
			<role name="state" element="playn.core.gl.IndexedTrisShader$ITCore::aTexCoord:playn.core.gl.GLShader$Attrib" />
			<role name="Request()" element="playn.core.gl.IndexedTrisShader$ITCore::deactivate():void" />
			<role name="Request()" element="playn.core.gl.IndexedTrisShader$ITCore::bindAttribsBufs():void" />
		</instance>
		<instance>
			<role name="Context" element="playn.core.gl.QuadShader$QuadCore" />
			<role name="State" element="playn.core.gl.GLShader$Attrib" />
			<role name="state" element="playn.core.gl.QuadShader$QuadCore::aVertex:playn.core.gl.GLShader$Attrib" />
			<role name="Request()" element="playn.core.gl.QuadShader$QuadCore::activate(int, int):void" />
			<role name="Request()" element="playn.core.gl.QuadShader$QuadCore::deactivate():void" />
		</instance>
		<instance>
			<role name="Context" element="playn.android.AndroidAssets" />
			<role name="State" element="playn.android.AndroidAssets$BitmapOptionsAdjuster" />
			<role name="state" element="playn.android.AndroidAssets::optionsAdjuster:playn.android.AndroidAssets$BitmapOptionsAdjuster" />
			<role name="Request()" element="playn.android.AndroidAssets::createOptions(java.lang.String, boolean, playn.core.gl.Scale):playn.android.AndroidAssets$BitmapOptions" />
		</instance>
		<instance>
			<role name="State" element="playn.android.AndroidGraphics$ScaleFunc" />
			<role name="Context" element="playn.android.AndroidGraphics" />
			<role name="state" element="playn.android.AndroidGraphics::canvasScaleFunc:playn.android.AndroidGraphics$ScaleFunc" />
			<role name="Request()" element="playn.android.AndroidGraphics::createImage(float, float):playn.core.CanvasImage" />
		</instance>
		<instance>
			<role name="Context" element="playn.core.json.JsonTypedArray" />
			<role name="State" element="playn.core.Json$Array" />
			<role name="state" element="playn.core.json.JsonTypedArray::array:playn.core.Json$Array" />
			<role name="Request()" element="playn.core.json.JsonTypedArray::length():int" />
		</instance>
		<instance>
			<role name="Context" element="playn.android.AndroidPlatform" />
			<role name="State" element="playn.core.Game" />
			<role name="state" element="playn.android.AndroidPlatform::game:playn.core.Game" />
			<role name="Request()" element="playn.android.AndroidPlatform::run(playn.core.Game):void" />
			<role name="Request()" element="playn.android.AndroidPlatform::update():void" />
		</instance>
		<instance>
			<role name="Context" element="playn.core.gl.IndexedTrisShader$ITCore" />
			<role name="State" element="playn.core.gl.GLShader$Uniform2f" />
			<role name="state" element="playn.core.gl.IndexedTrisShader$ITCore::uScreenSize:playn.core.gl.GLShader$Uniform2f" />
			<role name="Request()" element="playn.core.gl.IndexedTrisShader$ITCore::activate(int, int):void" />
		</instance>
		<instance>
			<role name="Context" element="playn.core.gl.QuadShader$QuadCore" />
			<role name="State" element="playn.core.gl.GLShader$Uniform2f" />
			<role name="state" element="playn.core.gl.QuadShader$QuadCore::uScreenSize:playn.core.gl.GLShader$Uniform2f" />
			<role name="Request()" element="playn.core.gl.QuadShader$QuadCore::activate(int, int):void" />
		</instance>
		<instance>
			<role name="Context" element="playn.android.AndroidCompressedSound" />
			<role name="State" element="playn.android.AndroidAudio$Resolver" />
			<role name="state" element="playn.android.AndroidCompressedSound::resolver:playn.android.AndroidAudio$Resolver" />
			<role name="Request()" element="playn.android.AndroidCompressedSound::resolve():void" />
		</instance>
		<instance>
			<role name="Context" element="playn.core.gl.QuadShader$QuadCore" />
			<role name="State" element="playn.core.gl.GLShader$Uniform4fv" />
			<role name="state" element="playn.core.gl.QuadShader$QuadCore::uData:playn.core.gl.GLShader$Uniform4fv" />
			<role name="Request()" element="playn.core.gl.QuadShader$QuadCore::flush():void" />
		</instance>
	</pattern>
	<pattern name="Strategy" />
	<pattern name="Bridge">
		<instance>
			<role name="Abstraction" element="playn.core.AbstractPlatform" />
			<role name="Implementor" element="playn.core.PlayN$LifecycleListener" />
			<role name="implementor" element="playn.core.AbstractPlatform::lifecycleListener:playn.core.PlayN$LifecycleListener" />
			<role name="Operation()" element="playn.core.AbstractPlatform::onPause():void" />
			<role name="Operation()" element="playn.core.AbstractPlatform::onResume():void" />
			<role name="Operation()" element="playn.core.AbstractPlatform::onExit():void" />
		</instance>
		<instance>
			<role name="Abstraction" element="playn.core.AbstractLayer" />
			<role name="Implementor" element="playn.core.Layer$HitTester" />
			<role name="implementor" element="playn.core.AbstractLayer::hitTester:playn.core.Layer$HitTester" />
			<role name="Operation()" element="playn.core.AbstractLayer::hitTest(pythagoras.f.Point):playn.core.Layer" />
		</instance>
		<instance>
			<role name="Abstraction" element="playn.core.gl.LayerGL" />
			<role name="Implementor" element="playn.core.InternalTransform" />
			<role name="implementor" element="playn.core.gl.LayerGL::savedLocal:playn.core.InternalTransform" />
			<role name="Operation()" element="playn.core.gl.LayerGL::localTransform(playn.core.InternalTransform):playn.core.InternalTransform" />
		</instance>
		<instance>
			<role name="Abstraction" element="playn.core.gl.AbstractSurfaceGL" />
			<role name="Implementor" element="playn.core.gl.GLContext" />
			<role name="implementor" element="playn.core.gl.AbstractSurfaceGL::ctx:playn.core.gl.GLContext" />
			<role name="Operation()" element="playn.core.gl.AbstractSurfaceGL::clear():playn.core.Surface" />
		</instance>
		<instance>
			<role name="Abstraction" element="playn.core.gl.GLShader" />
			<role name="Implementor" element="playn.core.gl.GLShader$Core" />
			<role name="implementor" element="playn.core.gl.GLShader::texCore:playn.core.gl.GLShader$Core" />
			<role name="Operation()" element="playn.core.gl.GLShader::prepareTexture(int, int):playn.core.gl.GLShader" />
			<role name="Operation()" element="playn.core.gl.GLShader::deactivate():void" />
			<role name="Operation()" element="playn.core.gl.GLShader::addQuad(float, float, float, float, float, float, float, float, float, float, float, float, float, float):void" />
			<role name="Operation()" element="playn.core.gl.GLShader::addQuad(playn.core.InternalTransform, float, float, float, float, float, float, float, float):void" />
		</instance>
		<instance>
			<role name="Abstraction" element="playn.core.gl.GLShader$Core" />
			<role name="Implementor" element="playn.core.gl.GLProgram" />
			<role name="implementor" element="playn.core.gl.GLShader$Core::prog:playn.core.gl.GLProgram" />
			<role name="Operation()" element="playn.core.gl.GLShader$Core::destroy():void" />
		</instance>
		<instance>
			<role name="Abstraction" element="playn.core.LogImpl" />
			<role name="Implementor" element="playn.core.Log$Collector" />
			<role name="implementor" element="playn.core.LogImpl::collector:playn.core.Log$Collector" />
			<role name="Operation()" element="playn.core.LogImpl::log(playn.core.Log$Level, java.lang.String, java.lang.Throwable):void" />
		</instance>
		<instance>
			<role name="Abstraction" element="playn.core.gl.GL20Buffer" />
			<role name="Implementor" element="playn.core.gl.GL20" />
			<role name="implementor" element="playn.core.gl.GL20Buffer::gl:playn.core.gl.GL20" />
			<role name="Operation()" element="playn.core.gl.GL20Buffer::bind(int):void" />
			<role name="Operation()" element="playn.core.gl.GL20Buffer::send(int, int):int" />
			<role name="Operation()" element="playn.core.gl.GL20Buffer::destroy():void" />
		</instance>
		<instance>
			<role name="Abstraction" element="playn.core.MouseImpl" />
			<role name="Implementor" element="playn.core.Mouse$Listener" />
			<role name="implementor" element="playn.core.MouseImpl::listener:playn.core.Mouse$Listener" />
			<role name="Operation()" element="playn.core.MouseImpl::onMouseDown(playn.core.Mouse$ButtonEvent$Impl):boolean" />
			<role name="Operation()" element="playn.core.MouseImpl::onMouseMove(playn.core.Mouse$MotionEvent$Impl):boolean" />
			<role name="Operation()" element="playn.core.MouseImpl::onMouseUp(playn.core.Mouse$ButtonEvent$Impl):boolean" />
			<role name="Operation()" element="playn.core.MouseImpl::onMouseWheelScroll(playn.core.Mouse$WheelEvent$Impl):boolean" />
		</instance>
		<instance>
			<role name="Abstraction" element="playn.core.PointerImpl" />
			<role name="Implementor" element="playn.core.Pointer$Listener" />
			<role name="implementor" element="playn.core.PointerImpl::listener:playn.core.Pointer$Listener" />
			<role name="Operation()" element="playn.core.PointerImpl::onPointerStart(playn.core.Pointer$Event$Impl, boolean):boolean" />
			<role name="Operation()" element="playn.core.PointerImpl::onPointerDrag(playn.core.Pointer$Event$Impl, boolean):boolean" />
			<role name="Operation()" element="playn.core.PointerImpl::onPointerEnd(playn.core.Pointer$Event$Impl, boolean):boolean" />
			<role name="Operation()" element="playn.core.PointerImpl::onPointerCancel(playn.core.Pointer$Event$Impl, boolean):boolean" />
		</instance>
		<instance>
			<role name="Abstraction" element="playn.core.AbstractFont" />
			<role name="Implementor" element="playn.core.Graphics" />
			<role name="implementor" element="playn.core.AbstractFont::graphics:playn.core.Graphics" />
			<role name="Operation()" element="playn.core.AbstractFont::derive(float):playn.core.Font" />
		</instance>
		<instance>
			<role name="Abstraction" element="playn.core.AbstractPlatform" />
			<role name="Implementor" element="playn.core.PlayN$ErrorReporter" />
			<role name="implementor" element="playn.core.AbstractPlatform::errorReporter:playn.core.PlayN$ErrorReporter" />
			<role name="Operation()" element="playn.core.AbstractPlatform::reportError(java.lang.String, java.lang.Throwable):void" />
		</instance>
		<instance>
			<role name="Abstraction" element="playn.core.gl.GLShader$Core" />
			<role name="Implementor" element="playn.core.gl.GLShader$Uniform1i" />
			<role name="implementor" element="playn.core.gl.GLShader$Core::uTexture:playn.core.gl.GLShader$Uniform1i" />
			<role name="Operation()" element="playn.core.gl.GLShader$Core::prepare(int, int, boolean):void" />
		</instance>
	</pattern>
	<pattern name="Template Method">
		<instance>
			<role name="AbstractClass" element="playn.core.AbstractAssets" />
			<role name="TemplateMethod()" element="playn.core.AbstractAssets::getImageSync(java.lang.String):playn.core.Image" />
			<role name="TemplateMethod()" element="playn.core.AbstractAssets::getImage(java.lang.String):playn.core.Image" />
			<role name="TemplateMethod()" element="playn.core.AbstractAssets::createErrorImage(java.lang.Throwable, float, float):playn.core.Image" />
		</instance>
		<instance>
			<role name="AbstractClass" element="playn.core.gl.AbstractCanvasGL" />
			<role name="TemplateMethod()" element="playn.core.gl.AbstractCanvasGL::drawImage(playn.core.Image, float, float, float, float):playn.core.Canvas" />
			<role name="TemplateMethod()" element="playn.core.gl.AbstractCanvasGL::drawImage(playn.core.Image, float, float, float, float, float, float, float, float):playn.core.Canvas" />
		</instance>
		<instance>
			<role name="AbstractClass" element="playn.core.gl.AbstractGL20$Buffers" />
			<role name="TemplateMethod()" element="playn.core.gl.AbstractGL20$Buffers::resizeByteBuffer(int):void" />
			<role name="TemplateMethod()" element="playn.core.gl.AbstractGL20$Buffers::createIntBuffer(int):java.nio.IntBuffer" />
			<role name="TemplateMethod()" element="playn.core.gl.AbstractGL20$Buffers::createFloatBuffer(int):java.nio.FloatBuffer" />
		</instance>
		<instance>
			<role name="AbstractClass" element="playn.core.AbstractSound" />
			<role name="TemplateMethod()" element="playn.core.AbstractSound::onLoaded(I):void" />
			<role name="TemplateMethod()" element="playn.core.AbstractSound::play():boolean" />
			<role name="TemplateMethod()" element="playn.core.AbstractSound::stop():void" />
			<role name="TemplateMethod()" element="playn.core.AbstractSound::setLooping(boolean):void" />
			<role name="TemplateMethod()" element="playn.core.AbstractSound::setVolume(float):void" />
			<role name="TemplateMethod()" element="playn.core.AbstractSound::release():void" />
		</instance>
		<instance>
			<role name="AbstractClass" element="playn.core.gl.AbstractSurfaceGL" />
			<role name="TemplateMethod()" element="playn.core.gl.AbstractSurfaceGL::clear():playn.core.Surface" />
			<role name="TemplateMethod()" element="playn.core.gl.AbstractSurfaceGL::drawImage(playn.core.Image, float, float, float, float):playn.core.Surface" />
			<role name="TemplateMethod()" element="playn.core.gl.AbstractSurfaceGL::drawImage(playn.core.Image, float, float, float, float, float, float, float, float):playn.core.Surface" />
			<role name="TemplateMethod()" element="playn.core.gl.AbstractSurfaceGL::drawLayer(playn.core.Layer):playn.core.Surface" />
			<role name="TemplateMethod()" element="playn.core.gl.AbstractSurfaceGL::drawLine(float, float, float, float, float):playn.core.Surface" />
			<role name="TemplateMethod()" element="playn.core.gl.AbstractSurfaceGL::fillRect(float, float, float, float):playn.core.Surface" />
			<role name="TemplateMethod()" element="playn.core.gl.AbstractSurfaceGL::fillTriangles(float[], int, int, int[], int, int, int):playn.core.Surface" />
			<role name="TemplateMethod()" element="playn.core.gl.AbstractSurfaceGL::fillTriangles(float[], float[], int, int, int[], int, int, int):playn.core.Surface" />
		</instance>
		<instance>
			<role name="AbstractClass" element="playn.core.gl.GL20Buffer" />
			<role name="TemplateMethod()" element="playn.core.gl.GL20Buffer::byteSize():int" />
			<role name="TemplateMethod()" element="playn.core.gl.GL20Buffer::send(int, int):int" />
		</instance>
		<instance>
			<role name="AbstractClass" element="playn.core.gl.GLContext" />
			<role name="TemplateMethod()" element="playn.core.gl.GLContext::createFramebuffer(int):int" />
			<role name="TemplateMethod()" element="playn.core.gl.GLContext::bindFramebuffer(int, int, int):void" />
			<role name="TemplateMethod()" element="playn.core.gl.GLContext::bindFramebuffer():void" />
			<role name="TemplateMethod()" element="playn.core.gl.GLContext::quadShader(playn.core.gl.GLShader):playn.core.gl.GLShader" />
			<role name="TemplateMethod()" element="playn.core.gl.GLContext::trisShader(playn.core.gl.GLShader):playn.core.gl.GLShader" />
			<role name="TemplateMethod()" element="playn.core.gl.GLContext::flush(boolean):void" />
			<role name="TemplateMethod()" element="playn.core.gl.GLContext::useShader(playn.core.gl.GLShader):boolean" />
			<role name="TemplateMethod()" element="playn.core.gl.GLContext::quadShaderInfo():java.lang.String" />
			<role name="TemplateMethod()" element="playn.core.gl.GLContext::trisShaderInfo():java.lang.String" />
		</instance>
		<instance>
			<role name="AbstractClass" element="playn.core.gl.GLShader" />
			<role name="TemplateMethod()" element="playn.core.gl.GLShader::createCore():void" />
		</instance>
		<instance>
			<role name="AbstractClass" element="playn.core.canvas.GraphicsCanvas" />
			<role name="TemplateMethod()" element="playn.core.canvas.GraphicsCanvas::createGroupLayer():playn.core.GroupLayer" />
			<role name="TemplateMethod()" element="playn.core.canvas.GraphicsCanvas::createGroupLayer(float, float):playn.core.GroupLayer$Clipped" />
			<role name="TemplateMethod()" element="playn.core.canvas.GraphicsCanvas::createImageLayer():playn.core.ImageLayer" />
			<role name="TemplateMethod()" element="playn.core.canvas.GraphicsCanvas::createImmediateLayer(int, int, playn.core.ImmediateLayer$Renderer):playn.core.ImmediateLayer$Clipped" />
			<role name="TemplateMethod()" element="playn.core.canvas.GraphicsCanvas::createImmediateLayer(playn.core.ImmediateLayer$Renderer):playn.core.ImmediateLayer" />
		</instance>
		<instance>
			<role name="AbstractClass" element="playn.core.gl.ImageGL" />
			<role name="TemplateMethod()" element="playn.core.gl.ImageGL::createMainTex():int" />
			<role name="TemplateMethod()" element="playn.core.gl.ImageGL::createPow2RepTex(int, int, boolean, boolean, boolean):int" />
			<role name="TemplateMethod()" element="playn.core.gl.ImageGL::refreshTexture():void" />
		</instance>
		<instance>
			<role name="AbstractClass" element="playn.core.LogImpl" />
			<role name="TemplateMethod()" element="playn.core.LogImpl::log(playn.core.Log$Level, java.lang.String, java.lang.Throwable):void" />
		</instance>
		<instance>
			<role name="AbstractClass" element="playn.core.NetImpl$ResponseImpl" />
			<role name="TemplateMethod()" element="playn.core.NetImpl$ResponseImpl::headers():java.util.Map" />
		</instance>
	</pattern>
	<pattern name="Visitor" />
	<pattern name="Proxy" />
	<pattern name="Proxy2" />
	<pattern name="Chain of Responsibility" />
</system>

