<?xml version="1.0" encoding="UTF-8"?>
<system>
	<pattern name="Factory Method">
		<instance>
			<role name="Creator" element="com.urbanairship.datacube.bucketers.AbstractIdentityBucketer" />
			<role name="FactoryMethod()" element="com.urbanairship.datacube.bucketers.AbstractIdentityBucketer::makeSerializable(T):com.urbanairship.datacube.CSerializable" />
		</instance>
		<instance>
			<role name="Creator" element="com.urbanairship.datacube.Bucketer" />
			<role name="FactoryMethod()" element="com.urbanairship.datacube.Bucketer::bucketForRead(java.lang.Object, com.urbanairship.datacube.BucketType):com.urbanairship.datacube.CSerializable" />
		</instance>
		<instance>
			<role name="Creator" element="com.urbanairship.datacube.Op" />
			<role name="FactoryMethod()" element="com.urbanairship.datacube.Op::add(com.urbanairship.datacube.Op):com.urbanairship.datacube.Op" />
			<role name="FactoryMethod()" element="com.urbanairship.datacube.Op::subtract(com.urbanairship.datacube.Op):com.urbanairship.datacube.Op" />
		</instance>
	</pattern>
	<pattern name="Prototype" />
	<pattern name="Singleton">
		<instance>
			<role name="Singleton" element="com.urbanairship.datacube.bucketers.BooleanBucketer" />
			<role name="uniqueInstance" element="com.urbanairship.datacube.bucketers.BooleanBucketer::instance:com.urbanairship.datacube.bucketers.BooleanBucketer" />
		</instance>
		<instance>
			<role name="Singleton" element="com.urbanairship.datacube.BucketTypeAndBucket" />
			<role name="uniqueInstance" element="com.urbanairship.datacube.BucketTypeAndBucket::WILDCARD:com.urbanairship.datacube.BucketTypeAndBucket" />
		</instance>
		<instance>
			<role name="Singleton" element="com.urbanairship.datacube.ResultComparator" />
			<role name="uniqueInstance" element="com.urbanairship.datacube.ResultComparator::INSTANCE:com.urbanairship.datacube.ResultComparator" />
		</instance>
		<instance>
			<role name="Singleton" element="com.urbanairship.datacube.bucketers.StringToBytesBucketer" />
			<role name="uniqueInstance" element="com.urbanairship.datacube.bucketers.StringToBytesBucketer::instance:com.urbanairship.datacube.bucketers.StringToBytesBucketer" />
		</instance>
	</pattern>
	<pattern name="(Object)Adapter">
		<instance>
			<role name="Adapter" element="com.urbanairship.datacube.dbharnesses.HBaseDbHarness" />
			<role name="Adaptee" element="com.urbanairship.datacube.ThreadedIdServiceLookup" />
			<role name="adaptee" element="com.urbanairship.datacube.dbharnesses.HBaseDbHarness::idServiceLookup:com.urbanairship.datacube.ThreadedIdServiceLookup" />
			<role name="Request()" element="com.urbanairship.datacube.dbharnesses.HBaseDbHarness::multiGet(java.util.List):java.util.List" />
		</instance>
		<instance>
			<role name="Adaptee" element="com.urbanairship.datacube.Deserializer" />
			<role name="Adapter" element="com.urbanairship.datacube.dbharnesses.MapDbHarness" />
			<role name="adaptee" element="com.urbanairship.datacube.dbharnesses.MapDbHarness::deserializer:com.urbanairship.datacube.Deserializer" />
			<role name="Request()" element="com.urbanairship.datacube.dbharnesses.MapDbHarness::runBatchAsync(com.urbanairship.datacube.Batch, com.urbanairship.datacube.dbharnesses.AfterExecute):java.util.concurrent.Future" />
			<role name="Request()" element="com.urbanairship.datacube.dbharnesses.MapDbHarness::get(com.urbanairship.datacube.Address):java.util.Optional" />
		</instance>
	</pattern>
	<pattern name="Command" />
	<pattern name="Composite" />
	<pattern name="Decorator">
		<instance>
			<role name="Component" element="com.urbanairship.datacube.IdService" />
			<role name="Decorator" element="com.urbanairship.datacube.idservices.CachingIdService" />
			<role name="component" element="com.urbanairship.datacube.idservices.CachingIdService::wrappedIdService:com.urbanairship.datacube.IdService" />
			<role name="Operation()" element="com.urbanairship.datacube.idservices.CachingIdService::getOrCreateId(int, byte[], int):byte[]" />
			<role name="Operation()" element="com.urbanairship.datacube.idservices.CachingIdService::getId(int, byte[], int):java.util.Optional" />
		</instance>
	</pattern>
	<pattern name="Observer" />
	<pattern name="State">
		<instance>
			<role name="Context" element="com.urbanairship.datacube.backfill.HBaseBackfill" />
			<role name="State" element="com.urbanairship.datacube.backfill.HBaseBackfillCallback" />
			<role name="state" element="com.urbanairship.datacube.backfill.HBaseBackfill::backfillCallback:com.urbanairship.datacube.backfill.HBaseBackfillCallback" />
			<role name="Request()" element="com.urbanairship.datacube.backfill.HBaseBackfill::runWithCheckedExceptions():boolean" />
		</instance>
		<instance>
			<role name="Context" element="com.urbanairship.datacube.dbharnesses.HbaseBatchIncrementer" />
			<role name="State" element="com.urbanairship.datacube.dbharnesses.HbaseBatchIncrementer$BlockingIO" />
			<role name="state" element="com.urbanairship.datacube.dbharnesses.HbaseBatchIncrementer::serializer:com.urbanairship.datacube.dbharnesses.HbaseBatchIncrementer$BlockingIO" />
			<role name="Request()" element="com.urbanairship.datacube.dbharnesses.HbaseBatchIncrementer::batchIncrement(java.util.Map, java.util.List, java.util.Map):void" />
		</instance>
		<instance>
			<role name="Context" element="com.urbanairship.datacube.DataCubeIo" />
			<role name="State" element="com.urbanairship.datacube.DbHarness" />
			<role name="state" element="com.urbanairship.datacube.DataCubeIo::db:com.urbanairship.datacube.DbHarness" />
			<role name="Request()" element="com.urbanairship.datacube.DataCubeIo::runBatch(com.urbanairship.datacube.Batch):java.util.concurrent.Future" />
			<role name="Request()" element="com.urbanairship.datacube.DataCubeIo::get(com.urbanairship.datacube.Address):java.util.Optional" />
			<role name="Request()" element="com.urbanairship.datacube.DataCubeIo::multiGet(java.util.List):java.util.List" />
			<role name="Request()" element="com.urbanairship.datacube.DataCubeIo::flush():void" />
		</instance>
		<instance>
			<role name="Context" element="com.urbanairship.datacube.dbharnesses.HBaseDbHarness$FlushWorkerRunnable" />
			<role name="State" element="com.urbanairship.datacube.dbharnesses.AfterExecute" />
			<role name="state" element="com.urbanairship.datacube.dbharnesses.HBaseDbHarness$FlushWorkerRunnable::afterExecute:com.urbanairship.datacube.dbharnesses.AfterExecute" />
			<role name="Request()" element="com.urbanairship.datacube.dbharnesses.HBaseDbHarness$FlushWorkerRunnable::call():java.lang.Object" />
		</instance>
		<instance>
			<role name="Context" element="com.urbanairship.datacube.dbharnesses.HBaseDbHarness" />
			<role name="State" element="com.urbanairship.datacube.Deserializer" />
			<role name="state" element="com.urbanairship.datacube.dbharnesses.HBaseDbHarness::deserializer:com.urbanairship.datacube.Deserializer" />
			<role name="Request()" element="com.urbanairship.datacube.dbharnesses.HBaseDbHarness::readCombineCas(byte[], T):byte[]" />
		</instance>
		<instance>
			<role name="Context" element="com.urbanairship.datacube.dbharnesses.MapDbHarness" />
			<role name="State" element="com.urbanairship.datacube.Deserializer" />
			<role name="state" element="com.urbanairship.datacube.dbharnesses.MapDbHarness::deserializer:com.urbanairship.datacube.Deserializer" />
			<role name="Request()" element="com.urbanairship.datacube.dbharnesses.MapDbHarness::runBatchAsync(com.urbanairship.datacube.Batch, com.urbanairship.datacube.dbharnesses.AfterExecute):java.util.concurrent.Future" />
			<role name="Request()" element="com.urbanairship.datacube.dbharnesses.MapDbHarness::get(com.urbanairship.datacube.Address):java.util.Optional" />
		</instance>
	</pattern>
	<pattern name="Strategy" />
	<pattern name="Bridge" />
	<pattern name="Template Method">
		<instance>
			<role name="AbstractClass" element="com.urbanairship.datacube.bucketers.AbstractIdentityBucketer" />
			<role name="TemplateMethod()" element="com.urbanairship.datacube.bucketers.AbstractIdentityBucketer::bucketForWrite(T):com.google.common.collect.SetMultimap" />
			<role name="TemplateMethod()" element="com.urbanairship.datacube.bucketers.AbstractIdentityBucketer::bucketForRead(java.lang.Object, com.urbanairship.datacube.BucketType):com.urbanairship.datacube.CSerializable" />
		</instance>
	</pattern>
	<pattern name="Visitor" />
	<pattern name="Proxy" />
	<pattern name="Proxy2" />
	<pattern name="Chain of Responsibility" />
</system>

