<?xml version="1.0" encoding="UTF-8"?>
<system>
	<pattern name="Factory Method">
		<instance>
			<role name="Creator" element="org.jsoup.Connection" />
			<role name="FactoryMethod()" element="org.jsoup.Connection::newRequest():org.jsoup.Connection" />
		</instance>
	</pattern>
	<pattern name="Prototype" />
	<pattern name="Singleton">
		<instance>
			<role name="Singleton" element="org.jsoup.nodes.Range" />
			<role name="uniqueInstance" element="org.jsoup.nodes.Range::Untracked:org.jsoup.nodes.Range" />
		</instance>
	</pattern>
	<pattern name="(Object)Adapter">
		<instance>
			<role name="Adaptee" element="org.jsoup.parser.HtmlTreeBuilderState" />
			<role name="Adapter" element="org.jsoup.parser.HtmlTreeBuilder" />
			<role name="adaptee" element="org.jsoup.parser.HtmlTreeBuilder::state:org.jsoup.parser.HtmlTreeBuilderState" />
			<role name="Request()" element="org.jsoup.parser.HtmlTreeBuilder::process(org.jsoup.parser.Token):boolean" />
		</instance>
		<instance>
			<role name="Adapter" element="org.jsoup.nodes.Element" />
			<role name="Adaptee" element="org.jsoup.nodes.Attributes" />
			<role name="adaptee" element="org.jsoup.nodes.Element::attributes:org.jsoup.nodes.Attributes" />
			<role name="Request()" element="org.jsoup.nodes.Element::outerHtmlHead(java.lang.Appendable, int, org.jsoup.nodes.Document$OutputSettings):void" />
		</instance>
		<instance>
			<role name="Adapter" element="org.jsoup.nodes.Element" />
			<role name="Adaptee" element="org.jsoup.parser.Tag" />
			<role name="adaptee" element="org.jsoup.nodes.Element::tag:org.jsoup.parser.Tag" />
			<role name="Request()" element="org.jsoup.nodes.Element::nodeName():java.lang.String" />
			<role name="Request()" element="org.jsoup.nodes.Element::outerHtmlHead(java.lang.Appendable, int, org.jsoup.nodes.Document$OutputSettings):void" />
			<role name="Request()" element="org.jsoup.nodes.Element::outerHtmlTail(java.lang.Appendable, int, org.jsoup.nodes.Document$OutputSettings):void" />
		</instance>
		<instance>
			<role name="Adaptee" element="org.jsoup.nodes.Element" />
			<role name="Adapter" element="org.jsoup.parser.HtmlTreeBuilder" />
			<role name="adaptee" element="org.jsoup.parser.HtmlTreeBuilder::contextElement:org.jsoup.nodes.Element" />
			<role name="Request()" element="org.jsoup.parser.HtmlTreeBuilder::parseFragment(java.lang.String, org.jsoup.nodes.Element, java.lang.String, org.jsoup.parser.Parser):java.util.List" />
		</instance>
		<instance>
			<role name="Adaptee" element="org.jsoup.nodes.Element" />
			<role name="Adapter" element="org.jsoup.helper.W3CDom$W3CBuilder" />
			<role name="adaptee" element="org.jsoup.helper.W3CDom$W3CBuilder::contextElement:org.jsoup.nodes.Element" />
			<role name="Request()" element="org.jsoup.helper.W3CDom$W3CBuilder::head(org.jsoup.nodes.Node, int):void" />
		</instance>
		<instance>
			<role name="Adaptee" element="org.jsoup.nodes.Element" />
			<role name="Adapter" element="org.jsoup.safety.Cleaner$CleaningVisitor" />
			<role name="adaptee" element="org.jsoup.safety.Cleaner$CleaningVisitor::destination:org.jsoup.nodes.Element" />
			<role name="adaptee" element="org.jsoup.safety.Cleaner$CleaningVisitor::root:org.jsoup.nodes.Element" />
			<role name="Request()" element="org.jsoup.safety.Cleaner$CleaningVisitor::head(org.jsoup.nodes.Node, int):void" />
		</instance>
		<instance>
			<role name="Adaptee" element="org.jsoup.helper.HttpConnection$Request" />
			<role name="Adapter" element="org.jsoup.helper.HttpConnection" />
			<role name="adaptee" element="org.jsoup.helper.HttpConnection::req:org.jsoup.helper.HttpConnection$Request" />
			<role name="Request()" element="org.jsoup.helper.HttpConnection::url(java.net.URL):org.jsoup.Connection" />
			<role name="Request()" element="org.jsoup.helper.HttpConnection::url(java.lang.String):org.jsoup.Connection" />
			<role name="Request()" element="org.jsoup.helper.HttpConnection::proxy(java.net.Proxy):org.jsoup.Connection" />
			<role name="Request()" element="org.jsoup.helper.HttpConnection::proxy(java.lang.String, int):org.jsoup.Connection" />
			<role name="Request()" element="org.jsoup.helper.HttpConnection::userAgent(java.lang.String):org.jsoup.Connection" />
			<role name="Request()" element="org.jsoup.helper.HttpConnection::timeout(int):org.jsoup.Connection" />
			<role name="Request()" element="org.jsoup.helper.HttpConnection::maxBodySize(int):org.jsoup.Connection" />
			<role name="Request()" element="org.jsoup.helper.HttpConnection::followRedirects(boolean):org.jsoup.Connection" />
			<role name="Request()" element="org.jsoup.helper.HttpConnection::referrer(java.lang.String):org.jsoup.Connection" />
			<role name="Request()" element="org.jsoup.helper.HttpConnection::method(org.jsoup.Connection$Method):org.jsoup.Connection" />
			<role name="Request()" element="org.jsoup.helper.HttpConnection::ignoreHttpErrors(boolean):org.jsoup.Connection" />
			<role name="Request()" element="org.jsoup.helper.HttpConnection::ignoreContentType(boolean):org.jsoup.Connection" />
			<role name="Request()" element="org.jsoup.helper.HttpConnection::data(java.lang.String, java.lang.String):org.jsoup.Connection" />
			<role name="Request()" element="org.jsoup.helper.HttpConnection::sslSocketFactory(javax.net.ssl.SSLSocketFactory):org.jsoup.Connection" />
			<role name="Request()" element="org.jsoup.helper.HttpConnection::data(java.lang.String, java.lang.String, java.io.InputStream):org.jsoup.Connection" />
			<role name="Request()" element="org.jsoup.helper.HttpConnection::data(java.lang.String, java.lang.String, java.io.InputStream, java.lang.String):org.jsoup.Connection" />
			<role name="Request()" element="org.jsoup.helper.HttpConnection::data(java.util.Map):org.jsoup.Connection" />
			<role name="Request()" element="org.jsoup.helper.HttpConnection::data(java.lang.String[]):org.jsoup.Connection" />
			<role name="Request()" element="org.jsoup.helper.HttpConnection::data(java.util.Collection):org.jsoup.Connection" />
			<role name="Request()" element="org.jsoup.helper.HttpConnection::requestBody(java.lang.String):org.jsoup.Connection" />
			<role name="Request()" element="org.jsoup.helper.HttpConnection::header(java.lang.String, java.lang.String):org.jsoup.Connection" />
			<role name="Request()" element="org.jsoup.helper.HttpConnection::headers(java.util.Map):org.jsoup.Connection" />
			<role name="Request()" element="org.jsoup.helper.HttpConnection::cookie(java.lang.String, java.lang.String):org.jsoup.Connection" />
			<role name="Request()" element="org.jsoup.helper.HttpConnection::cookies(java.util.Map):org.jsoup.Connection" />
			<role name="Request()" element="org.jsoup.helper.HttpConnection::cookieStore(java.net.CookieStore):org.jsoup.Connection" />
			<role name="Request()" element="org.jsoup.helper.HttpConnection::cookieStore():java.net.CookieStore" />
			<role name="Request()" element="org.jsoup.helper.HttpConnection::parser(org.jsoup.parser.Parser):org.jsoup.Connection" />
			<role name="Request()" element="org.jsoup.helper.HttpConnection::get():org.jsoup.nodes.Document" />
			<role name="Request()" element="org.jsoup.helper.HttpConnection::post():org.jsoup.nodes.Document" />
			<role name="Request()" element="org.jsoup.helper.HttpConnection::postDataCharset(java.lang.String):org.jsoup.Connection" />
		</instance>
		<instance>
			<role name="Adaptee" element="org.jsoup.Connection$Response" />
			<role name="Adapter" element="org.jsoup.helper.HttpConnection" />
			<role name="adaptee" element="org.jsoup.helper.HttpConnection::res:org.jsoup.Connection$Response" />
			<role name="Request()" element="org.jsoup.helper.HttpConnection::get():org.jsoup.nodes.Document" />
			<role name="Request()" element="org.jsoup.helper.HttpConnection::post():org.jsoup.nodes.Document" />
		</instance>
		<instance>
			<role name="Adaptee" element="org.jsoup.select.Evaluator" />
			<role name="Adapter" element="org.jsoup.select.Collector$FirstFinder" />
			<role name="adaptee" element="org.jsoup.select.Collector$FirstFinder::eval:org.jsoup.select.Evaluator" />
			<role name="Request()" element="org.jsoup.select.Collector$FirstFinder::head(org.jsoup.nodes.Node, int):org.jsoup.select.NodeFilter$FilterResult" />
		</instance>
		<instance>
			<role name="Adaptee" element="org.jsoup.nodes.Element" />
			<role name="Adapter" element="org.jsoup.nodes.Element$NodeList" />
			<role name="adaptee" element="org.jsoup.nodes.Element$NodeList::owner:org.jsoup.nodes.Element" />
			<role name="Request()" element="org.jsoup.nodes.Element$NodeList::onContentsChanged():void" />
		</instance>
	</pattern>
	<pattern name="Command" />
	<pattern name="Composite">
		<instance>
			<role name="Component" element="org.jsoup.select.Evaluator" />
			<role name="Composite" element="org.jsoup.select.CombiningEvaluator$Or" />
			<role name="Operation()" element="org.jsoup.select.CombiningEvaluator$Or::matches(org.jsoup.nodes.Element, org.jsoup.nodes.Element):boolean" />
		</instance>
		<instance>
			<role name="Component" element="org.jsoup.select.Evaluator" />
			<role name="Composite" element="org.jsoup.select.StructuralEvaluator$ImmediateParentRun" />
			<role name="Operation()" element="org.jsoup.select.StructuralEvaluator$ImmediateParentRun::matches(org.jsoup.nodes.Element, org.jsoup.nodes.Element):boolean" />
		</instance>
	</pattern>
	<pattern name="Decorator" />
	<pattern name="Observer" />
	<pattern name="State">
		<instance>
			<role name="Context" element="org.jsoup.parser.Tokeniser" />
			<role name="State" element="org.jsoup.parser.TokeniserState" />
			<role name="state" element="org.jsoup.parser.Tokeniser::state:org.jsoup.parser.TokeniserState" />
			<role name="Request()" element="org.jsoup.parser.Tokeniser::read():org.jsoup.parser.Token" />
		</instance>
		<instance>
			<role name="Context" element="org.jsoup.parser.HtmlTreeBuilder" />
			<role name="State" element="org.jsoup.parser.HtmlTreeBuilderState" />
			<role name="state" element="org.jsoup.parser.HtmlTreeBuilder::state:org.jsoup.parser.HtmlTreeBuilderState" />
			<role name="Request()" element="org.jsoup.parser.HtmlTreeBuilder::process(org.jsoup.parser.Token):boolean" />
		</instance>
		<instance>
			<role name="State" element="org.jsoup.parser.TreeBuilder" />
			<role name="Context" element="org.jsoup.parser.Parser" />
			<role name="state" element="org.jsoup.parser.Parser::treeBuilder:org.jsoup.parser.TreeBuilder" />
			<role name="Request()" element="org.jsoup.parser.Parser::parseFragmentInput(java.lang.String, org.jsoup.nodes.Element, java.lang.String):java.util.List" />
		</instance>
		<instance>
			<role name="Context" element="org.jsoup.helper.HttpConnection" />
			<role name="State" element="org.jsoup.Connection$Response" />
			<role name="state" element="org.jsoup.helper.HttpConnection::res:org.jsoup.Connection$Response" />
			<role name="Request()" element="org.jsoup.helper.HttpConnection::get():org.jsoup.nodes.Document" />
			<role name="Request()" element="org.jsoup.helper.HttpConnection::post():org.jsoup.nodes.Document" />
		</instance>
		<instance>
			<role name="State" element="org.jsoup.select.Evaluator" />
			<role name="Context" element="org.jsoup.select.Collector$FirstFinder" />
			<role name="state" element="org.jsoup.select.Collector$FirstFinder::eval:org.jsoup.select.Evaluator" />
			<role name="Request()" element="org.jsoup.select.Collector$FirstFinder::head(org.jsoup.nodes.Node, int):org.jsoup.select.NodeFilter$FilterResult" />
		</instance>
	</pattern>
	<pattern name="Strategy" />
	<pattern name="Bridge" />
	<pattern name="Template Method">
		<instance>
			<role name="AbstractClass" element="org.jsoup.helper.ChangeNotifyingArrayList" />
			<role name="TemplateMethod()" element="org.jsoup.helper.ChangeNotifyingArrayList::set(int, E):java.lang.Object" />
			<role name="TemplateMethod()" element="org.jsoup.helper.ChangeNotifyingArrayList::add(E):boolean" />
			<role name="TemplateMethod()" element="org.jsoup.helper.ChangeNotifyingArrayList::add(int, E):void" />
			<role name="TemplateMethod()" element="org.jsoup.helper.ChangeNotifyingArrayList::remove(int):java.lang.Object" />
			<role name="TemplateMethod()" element="org.jsoup.helper.ChangeNotifyingArrayList::remove(java.lang.Object):boolean" />
			<role name="TemplateMethod()" element="org.jsoup.helper.ChangeNotifyingArrayList::clear():void" />
			<role name="TemplateMethod()" element="org.jsoup.helper.ChangeNotifyingArrayList::addAll(java.util.Collection):boolean" />
			<role name="TemplateMethod()" element="org.jsoup.helper.ChangeNotifyingArrayList::addAll(int, java.util.Collection):boolean" />
			<role name="TemplateMethod()" element="org.jsoup.helper.ChangeNotifyingArrayList::removeRange(int, int):void" />
			<role name="TemplateMethod()" element="org.jsoup.helper.ChangeNotifyingArrayList::removeAll(java.util.Collection):boolean" />
			<role name="TemplateMethod()" element="org.jsoup.helper.ChangeNotifyingArrayList::retainAll(java.util.Collection):boolean" />
		</instance>
		<instance>
			<role name="AbstractClass" element="org.jsoup.select.Evaluator$CssNthEvaluator" />
			<role name="TemplateMethod()" element="org.jsoup.select.Evaluator$CssNthEvaluator::matches(org.jsoup.nodes.Element, org.jsoup.nodes.Element):boolean" />
			<role name="TemplateMethod()" element="org.jsoup.select.Evaluator$CssNthEvaluator::toString():java.lang.String" />
		</instance>
		<instance>
			<role name="AbstractClass" element="org.jsoup.nodes.Node" />
			<role name="TemplateMethod()" element="org.jsoup.nodes.Node::normalName():java.lang.String" />
			<role name="TemplateMethod()" element="org.jsoup.nodes.Node::attr(java.lang.String):java.lang.String" />
			<role name="TemplateMethod()" element="org.jsoup.nodes.Node::attributesSize():int" />
			<role name="TemplateMethod()" element="org.jsoup.nodes.Node::attr(java.lang.String, java.lang.String):org.jsoup.nodes.Node" />
			<role name="TemplateMethod()" element="org.jsoup.nodes.Node::hasAttr(java.lang.String):boolean" />
			<role name="TemplateMethod()" element="org.jsoup.nodes.Node::removeAttr(java.lang.String):org.jsoup.nodes.Node" />
			<role name="TemplateMethod()" element="org.jsoup.nodes.Node::clearAttributes():org.jsoup.nodes.Node" />
			<role name="TemplateMethod()" element="org.jsoup.nodes.Node::setBaseUri(java.lang.String):void" />
			<role name="TemplateMethod()" element="org.jsoup.nodes.Node::absUrl(java.lang.String):java.lang.String" />
			<role name="TemplateMethod()" element="org.jsoup.nodes.Node::childNode(int):org.jsoup.nodes.Node" />
			<role name="TemplateMethod()" element="org.jsoup.nodes.Node::childNodes():java.util.List" />
			<role name="TemplateMethod()" element="org.jsoup.nodes.Node::childNodesCopy():java.util.List" />
			<role name="TemplateMethod()" element="org.jsoup.nodes.Node::childNodesAsArray():org.jsoup.nodes.Node[]" />
			<role name="TemplateMethod()" element="org.jsoup.nodes.Node::addSiblingHtml(int, java.lang.String):void" />
			<role name="TemplateMethod()" element="org.jsoup.nodes.Node::wrap(java.lang.String):org.jsoup.nodes.Node" />
			<role name="TemplateMethod()" element="org.jsoup.nodes.Node::replaceChild(org.jsoup.nodes.Node, org.jsoup.nodes.Node):void" />
			<role name="TemplateMethod()" element="org.jsoup.nodes.Node::removeChild(org.jsoup.nodes.Node):void" />
			<role name="TemplateMethod()" element="org.jsoup.nodes.Node::addChildren(org.jsoup.nodes.Node[]):void" />
			<role name="TemplateMethod()" element="org.jsoup.nodes.Node::addChildren(int, org.jsoup.nodes.Node[]):void" />
			<role name="TemplateMethod()" element="org.jsoup.nodes.Node::reindexChildren(int):void" />
			<role name="TemplateMethod()" element="org.jsoup.nodes.Node::siblingNodes():java.util.List" />
			<role name="TemplateMethod()" element="org.jsoup.nodes.Node::nextSibling():org.jsoup.nodes.Node" />
			<role name="TemplateMethod()" element="org.jsoup.nodes.Node::previousSibling():org.jsoup.nodes.Node" />
			<role name="TemplateMethod()" element="org.jsoup.nodes.Node::firstChild():org.jsoup.nodes.Node" />
			<role name="TemplateMethod()" element="org.jsoup.nodes.Node::lastChild():org.jsoup.nodes.Node" />
			<role name="TemplateMethod()" element="org.jsoup.nodes.Node::clone():org.jsoup.nodes.Node" />
		</instance>
		<instance>
			<role name="AbstractClass" element="org.jsoup.parser.TreeBuilder" />
			<role name="TemplateMethod()" element="org.jsoup.parser.TreeBuilder::runParser():void" />
			<role name="TemplateMethod()" element="org.jsoup.parser.TreeBuilder::processStartTag(java.lang.String):boolean" />
			<role name="TemplateMethod()" element="org.jsoup.parser.TreeBuilder::processStartTag(java.lang.String, org.jsoup.nodes.Attributes):boolean" />
			<role name="TemplateMethod()" element="org.jsoup.parser.TreeBuilder::processEndTag(java.lang.String):boolean" />
		</instance>
	</pattern>
	<pattern name="Visitor" />
	<pattern name="Proxy" />
	<pattern name="Proxy2" />
	<pattern name="Chain of Responsibility">
		<instance>
			<role name="Handler" element="org.jsoup.nodes.Node" />
			<role name="successor" element="org.jsoup.nodes.Node::parentNode:org.jsoup.nodes.Node" />
		</instance>
	</pattern>
</system>

