<?xml version="1.0" encoding="UTF-8"?>
<system>
	<pattern name="Factory Method" />
	<pattern name="Prototype" />
	<pattern name="Singleton" />
	<pattern name="(Object)Adapter">
		<instance>
			<role name="Adaptee" element="com.mpatric.mp3agic.EncodedText" />
			<role name="Adapter" element="com.mpatric.mp3agic.ID3v2CommentFrameData" />
			<role name="adaptee" element="com.mpatric.mp3agic.ID3v2CommentFrameData::description:com.mpatric.mp3agic.EncodedText" />
			<role name="adaptee" element="com.mpatric.mp3agic.ID3v2CommentFrameData::comment:com.mpatric.mp3agic.EncodedText" />
			<role name="Request()" element="com.mpatric.mp3agic.ID3v2CommentFrameData::unpackFrameData(byte[]):void" />
			<role name="Request()" element="com.mpatric.mp3agic.ID3v2CommentFrameData::packFrameData():byte[]" />
			<role name="Request()" element="com.mpatric.mp3agic.ID3v2CommentFrameData::getLength():int" />
		</instance>
		<instance>
			<role name="Adaptee" element="com.mpatric.mp3agic.EncodedText" />
			<role name="Adapter" element="com.mpatric.mp3agic.ID3v2PictureFrameData" />
			<role name="adaptee" element="com.mpatric.mp3agic.ID3v2PictureFrameData::description:com.mpatric.mp3agic.EncodedText" />
			<role name="Request()" element="com.mpatric.mp3agic.ID3v2PictureFrameData::unpackFrameData(byte[]):void" />
			<role name="Request()" element="com.mpatric.mp3agic.ID3v2PictureFrameData::packFrameData():byte[]" />
			<role name="Request()" element="com.mpatric.mp3agic.ID3v2PictureFrameData::getLength():int" />
		</instance>
		<instance>
			<role name="Adaptee" element="com.mpatric.mp3agic.EncodedText" />
			<role name="Adapter" element="com.mpatric.mp3agic.ID3v2TextFrameData" />
			<role name="adaptee" element="com.mpatric.mp3agic.ID3v2TextFrameData::text:com.mpatric.mp3agic.EncodedText" />
			<role name="Request()" element="com.mpatric.mp3agic.ID3v2TextFrameData::packFrameData():byte[]" />
			<role name="Request()" element="com.mpatric.mp3agic.ID3v2TextFrameData::getLength():int" />
		</instance>
		<instance>
			<role name="Adaptee" element="com.mpatric.mp3agic.EncodedText" />
			<role name="Adapter" element="com.mpatric.mp3agic.ID3v2UrlFrameData" />
			<role name="adaptee" element="com.mpatric.mp3agic.ID3v2UrlFrameData::description:com.mpatric.mp3agic.EncodedText" />
			<role name="Request()" element="com.mpatric.mp3agic.ID3v2UrlFrameData::unpackFrameData(byte[]):void" />
			<role name="Request()" element="com.mpatric.mp3agic.ID3v2UrlFrameData::packFrameData():byte[]" />
			<role name="Request()" element="com.mpatric.mp3agic.ID3v2UrlFrameData::getLength():int" />
		</instance>
	</pattern>
	<pattern name="Command" />
	<pattern name="Composite" />
	<pattern name="Decorator" />
	<pattern name="Observer" />
	<pattern name="State">
		<instance>
			<role name="Context" element="com.mpatric.mp3agic.ID3Wrapper" />
			<role name="State" element="com.mpatric.mp3agic.ID3v2" />
			<role name="state" element="com.mpatric.mp3agic.ID3Wrapper::id3v2Tag:com.mpatric.mp3agic.ID3v2" />
			<role name="Request()" element="com.mpatric.mp3agic.ID3Wrapper::getComposer():java.lang.String" />
			<role name="Request()" element="com.mpatric.mp3agic.ID3Wrapper::setComposer(java.lang.String):void" />
			<role name="Request()" element="com.mpatric.mp3agic.ID3Wrapper::getOriginalArtist():java.lang.String" />
			<role name="Request()" element="com.mpatric.mp3agic.ID3Wrapper::setOriginalArtist(java.lang.String):void" />
			<role name="Request()" element="com.mpatric.mp3agic.ID3Wrapper::setAlbumArtist(java.lang.String):void" />
			<role name="Request()" element="com.mpatric.mp3agic.ID3Wrapper::getAlbumArtist():java.lang.String" />
			<role name="Request()" element="com.mpatric.mp3agic.ID3Wrapper::getCopyright():java.lang.String" />
			<role name="Request()" element="com.mpatric.mp3agic.ID3Wrapper::setCopyright(java.lang.String):void" />
			<role name="Request()" element="com.mpatric.mp3agic.ID3Wrapper::getUrl():java.lang.String" />
			<role name="Request()" element="com.mpatric.mp3agic.ID3Wrapper::setUrl(java.lang.String):void" />
			<role name="Request()" element="com.mpatric.mp3agic.ID3Wrapper::getEncoder():java.lang.String" />
			<role name="Request()" element="com.mpatric.mp3agic.ID3Wrapper::setEncoder(java.lang.String):void" />
			<role name="Request()" element="com.mpatric.mp3agic.ID3Wrapper::getAlbumImage():byte[]" />
			<role name="Request()" element="com.mpatric.mp3agic.ID3Wrapper::setAlbumImage(byte[], java.lang.String):void" />
			<role name="Request()" element="com.mpatric.mp3agic.ID3Wrapper::getAlbumImageMimeType():java.lang.String" />
			<role name="Request()" element="com.mpatric.mp3agic.ID3Wrapper::setLyrics(java.lang.String):void" />
			<role name="Request()" element="com.mpatric.mp3agic.ID3Wrapper::getLyrics():java.lang.String" />
			<role name="Request()" element="com.mpatric.mp3agic.ID3Wrapper::clearComment():void" />
			<role name="Request()" element="com.mpatric.mp3agic.ID3Wrapper::clearCopyright():void" />
			<role name="Request()" element="com.mpatric.mp3agic.ID3Wrapper::clearEncoder():void" />
		</instance>
		<instance>
			<role name="Context" element="com.mpatric.mp3agic.ID3Wrapper" />
			<role name="State" element="com.mpatric.mp3agic.ID3v1" />
			<role name="state" element="com.mpatric.mp3agic.ID3Wrapper::id3v1Tag:com.mpatric.mp3agic.ID3v1" />
			<role name="Request()" element="com.mpatric.mp3agic.ID3Wrapper::getTrack():java.lang.String" />
			<role name="Request()" element="com.mpatric.mp3agic.ID3Wrapper::setTrack(java.lang.String):void" />
			<role name="Request()" element="com.mpatric.mp3agic.ID3Wrapper::getArtist():java.lang.String" />
			<role name="Request()" element="com.mpatric.mp3agic.ID3Wrapper::setArtist(java.lang.String):void" />
			<role name="Request()" element="com.mpatric.mp3agic.ID3Wrapper::getTitle():java.lang.String" />
			<role name="Request()" element="com.mpatric.mp3agic.ID3Wrapper::setTitle(java.lang.String):void" />
			<role name="Request()" element="com.mpatric.mp3agic.ID3Wrapper::getAlbum():java.lang.String" />
			<role name="Request()" element="com.mpatric.mp3agic.ID3Wrapper::setAlbum(java.lang.String):void" />
			<role name="Request()" element="com.mpatric.mp3agic.ID3Wrapper::getYear():java.lang.String" />
			<role name="Request()" element="com.mpatric.mp3agic.ID3Wrapper::setYear(java.lang.String):void" />
			<role name="Request()" element="com.mpatric.mp3agic.ID3Wrapper::getGenre():int" />
			<role name="Request()" element="com.mpatric.mp3agic.ID3Wrapper::setGenre(int):void" />
			<role name="Request()" element="com.mpatric.mp3agic.ID3Wrapper::getGenreDescription():java.lang.String" />
			<role name="Request()" element="com.mpatric.mp3agic.ID3Wrapper::getComment():java.lang.String" />
			<role name="Request()" element="com.mpatric.mp3agic.ID3Wrapper::setComment(java.lang.String):void" />
			<role name="Request()" element="com.mpatric.mp3agic.ID3Wrapper::clearComment():void" />
		</instance>
		<instance>
			<role name="Context" element="com.mpatric.mp3agic.Mp3File" />
			<role name="State" element="com.mpatric.mp3agic.ID3v1" />
			<role name="state" element="com.mpatric.mp3agic.Mp3File::id3v1Tag:com.mpatric.mp3agic.ID3v1" />
			<role name="Request()" element="com.mpatric.mp3agic.Mp3File::save(java.lang.String):void" />
		</instance>
	</pattern>
	<pattern name="Strategy" />
	<pattern name="Bridge" />
	<pattern name="Template Method">
		<instance>
			<role name="AbstractClass" element="com.mpatric.mp3agic.AbstractID3v2FrameData" />
			<role name="TemplateMethod()" element="com.mpatric.mp3agic.AbstractID3v2FrameData::synchroniseAndUnpackFrameData(byte[]):void" />
			<role name="TemplateMethod()" element="com.mpatric.mp3agic.AbstractID3v2FrameData::packAndUnsynchroniseFrameData():byte[]" />
		</instance>
		<instance>
			<role name="AbstractClass" element="com.mpatric.mp3agic.AbstractID3v2Tag" />
			<role name="TemplateMethod()" element="com.mpatric.mp3agic.AbstractID3v2Tag::unpackHeader(byte[]):int" />
			<role name="TemplateMethod()" element="com.mpatric.mp3agic.AbstractID3v2Tag::packHeader(byte[], int):int" />
			<role name="TemplateMethod()" element="com.mpatric.mp3agic.AbstractID3v2Tag::packFooter(byte[], int):int" />
		</instance>
	</pattern>
	<pattern name="Visitor" />
	<pattern name="Proxy" />
	<pattern name="Proxy2" />
	<pattern name="Chain of Responsibility" />
</system>

