<?xml version="1.0" encoding="UTF-8"?>
<system>
	<pattern name="Factory Method">
		<instance>
			<role name="Creator" element="loci.formats.services.OMEXMLService" />
			<role name="FactoryMethod()" element="loci.formats.services.OMEXMLService::createOMEXMLMetadata(java.lang.String, java.lang.String):loci.formats.ome.OMEXMLMetadata" />
		</instance>
	</pattern>
	<pattern name="Prototype" />
	<pattern name="Singleton" />
	<pattern name="(Object)Adapter">
		<instance>
			<role name="Adapter" element="loci.formats.in.SPEReader" />
			<role name="Adaptee" element="loci.formats.in.SPEReader$SpeHeader" />
			<role name="adaptee" element="loci.formats.in.SPEReader::header:loci.formats.in.SPEReader$SpeHeader" />
			<role name="Request()" element="loci.formats.in.SPEReader::openBytes(int, byte[], int, int, int, int):byte[]" />
		</instance>
		<instance>
			<role name="Adapter" element="loci.formats.in.SlideBook7Reader" />
			<role name="Adaptee" element="loci.formats.in.SlideBook7Reader$DataLoader" />
			<role name="adaptee" element="loci.formats.in.SlideBook7Reader::mDataLoader:loci.formats.in.SlideBook7Reader$DataLoader" />
			<role name="Request()" element="loci.formats.in.SlideBook7Reader::openBytes(int, byte[], int, int, int, int):byte[]" />
		</instance>
		<instance>
			<role name="Adapter" element="loci.formats.FormatWriter" />
			<role name="Adaptee" element="loci.formats.meta.MetadataRetrieve" />
			<role name="adaptee" element="loci.formats.FormatWriter::metadataRetrieve:loci.formats.meta.MetadataRetrieve" />
			<role name="Request()" element="loci.formats.FormatWriter::setSeries(int):void" />
		</instance>
		<instance>
			<role name="Adaptee" element="loci.formats.FilePattern" />
			<role name="Adapter" element="loci.plugins.in.FilePatternDialog" />
			<role name="adaptee" element="loci.plugins.in.FilePatternDialog::fp:loci.formats.FilePattern" />
			<role name="Request()" element="loci.plugins.in.FilePatternDialog::constructDialog():ij.gui.GenericDialog" />
			<role name="Request()" element="loci.plugins.in.FilePatternDialog::harvestResults(ij.gui.GenericDialog):boolean" />
		</instance>
		<instance>
			<role name="Adaptee" element="loci.formats.services.POIService" />
			<role name="Adapter" element="loci.formats.in.IPWReader" />
			<role name="adaptee" element="loci.formats.in.IPWReader::poi:loci.formats.services.POIService" />
			<role name="Request()" element="loci.formats.in.IPWReader::openBytes(int, byte[], int, int, int, int):byte[]" />
		</instance>
		<instance>
			<role name="Adaptee" element="loci.formats.services.POIService" />
			<role name="Adapter" element="loci.formats.in.PCIReader" />
			<role name="adaptee" element="loci.formats.in.PCIReader::poi:loci.formats.services.POIService" />
			<role name="Request()" element="loci.formats.in.PCIReader::openBytes(int, byte[], int, int, int, int):byte[]" />
		</instance>
		<instance>
			<role name="Adaptee" element="loci.formats.in.AmiraReader$PlaneReader" />
			<role name="Adapter" element="loci.formats.in.AmiraReader" />
			<role name="adaptee" element="loci.formats.in.AmiraReader::planeReader:loci.formats.in.AmiraReader$PlaneReader" />
			<role name="Request()" element="loci.formats.in.AmiraReader::openBytes(int, byte[], int, int, int, int):byte[]" />
		</instance>
		<instance>
			<role name="Adaptee" element="loci.formats.gui.BufferedImageReader" />
			<role name="Adapter" element="loci.plugins.in.SeriesDialog" />
			<role name="adaptee" element="loci.plugins.in.SeriesDialog::thumbReader:loci.formats.gui.BufferedImageReader" />
			<role name="Request()" element="loci.plugins.in.SeriesDialog::constructDialog():ij.gui.GenericDialog" />
		</instance>
		<instance>
			<role name="Adaptee" element="loci.formats.services.JPEGTurboService" />
			<role name="Adapter" element="loci.formats.in.HamamatsuVMSReader" />
			<role name="adaptee" element="loci.formats.in.HamamatsuVMSReader::service:loci.formats.services.JPEGTurboService" />
			<role name="Request()" element="loci.formats.in.HamamatsuVMSReader::openBytes(int, byte[], int, int, int, int):byte[]" />
		</instance>
		<instance>
			<role name="Adaptee" element="loci.formats.services.JPEGTurboService" />
			<role name="Adapter" element="loci.formats.in.TileJPEGReader" />
			<role name="adaptee" element="loci.formats.in.TileJPEGReader::service:loci.formats.services.JPEGTurboService" />
			<role name="Request()" element="loci.formats.in.TileJPEGReader::openBytes(int, byte[], int, int, int, int):byte[]" />
		</instance>
		<instance>
			<role name="Adaptee" element="loci.formats.cache.Cache" />
			<role name="Adapter" element="loci.formats.gui.CacheComponent" />
			<role name="adaptee" element="loci.formats.gui.CacheComponent::cache:loci.formats.cache.Cache" />
			<role name="Request()" element="loci.formats.gui.CacheComponent::cacheUpdated(loci.formats.cache.CacheEvent):void" />
		</instance>
		<instance>
			<role name="Adaptee" element="loci.formats.IFormatReader" />
			<role name="Adapter" element="loci.formats.cache.CacheSource" />
			<role name="adaptee" element="loci.formats.cache.CacheSource::reader:loci.formats.IFormatReader" />
			<role name="Request()" element="loci.formats.cache.CacheSource::getObjectCount():int" />
		</instance>
		<instance>
			<role name="Adaptee" element="loci.formats.gui.BufferedImageReader" />
			<role name="Adapter" element="loci.formats.gui.BufferedImageSource" />
			<role name="adaptee" element="loci.formats.gui.BufferedImageSource::reader:loci.formats.gui.BufferedImageReader" />
			<role name="Request()" element="loci.formats.gui.BufferedImageSource::getObjectCount():int" />
			<role name="Request()" element="loci.formats.gui.BufferedImageSource::getObject(int):java.lang.Object" />
		</instance>
		<instance>
			<role name="Adaptee" element="loci.plugins.util.ImageProcessorReader" />
			<role name="Adapter" element="loci.plugins.util.ImageProcessorSource" />
			<role name="adaptee" element="loci.plugins.util.ImageProcessorSource::reader:loci.plugins.util.ImageProcessorReader" />
			<role name="Request()" element="loci.plugins.util.ImageProcessorSource::getObjectCount():int" />
			<role name="Request()" element="loci.plugins.util.ImageProcessorSource::getObject(int):java.lang.Object" />
		</instance>
		<instance>
			<role name="Adaptee" element="loci.formats.cache.ICacheStrategy" />
			<role name="Adapter" element="loci.formats.cache.Cache" />
			<role name="adaptee" element="loci.formats.cache.Cache::strategy:loci.formats.cache.ICacheStrategy" />
			<role name="Request()" element="loci.formats.cache.Cache::addCacheListener(loci.formats.cache.CacheListener):void" />
			<role name="Request()" element="loci.formats.cache.Cache::removeCacheListener(loci.formats.cache.CacheListener):void" />
		</instance>
	</pattern>
	<pattern name="Command" />
	<pattern name="Composite" />
	<pattern name="Decorator">
		<instance>
			<role name="Component" element="loci.formats.IFormatReader" />
			<role name="Decorator" element="loci.formats.DelegateReader" />
			<role name="component" element="loci.formats.DelegateReader::nativeReader:loci.formats.IFormatReader" />
			<role name="component" element="loci.formats.DelegateReader::legacyReader:loci.formats.IFormatReader" />
			<role name="Operation()" element="loci.formats.DelegateReader::isThisType(java.lang.String, boolean):boolean" />
			<role name="Operation()" element="loci.formats.DelegateReader::isThisType(loci.common.RandomAccessInputStream):boolean" />
			<role name="Operation()" element="loci.formats.DelegateReader::setSeries(int):void" />
			<role name="Operation()" element="loci.formats.DelegateReader::setCoreIndex(int):void" />
			<role name="Operation()" element="loci.formats.DelegateReader::setNormalized(boolean):void" />
			<role name="Operation()" element="loci.formats.DelegateReader::setOriginalMetadataPopulated(boolean):void" />
			<role name="Operation()" element="loci.formats.DelegateReader::setGroupFiles(boolean):void" />
			<role name="Operation()" element="loci.formats.DelegateReader::setFlattenedResolutions(boolean):void" />
			<role name="Operation()" element="loci.formats.DelegateReader::setMetadataFiltered(boolean):void" />
			<role name="Operation()" element="loci.formats.DelegateReader::setMetadataStore(loci.formats.meta.MetadataStore):void" />
			<role name="Operation()" element="loci.formats.DelegateReader::get8BitLookupTable():byte[][]" />
			<role name="Operation()" element="loci.formats.DelegateReader::get16BitLookupTable():short[][]" />
			<role name="Operation()" element="loci.formats.DelegateReader::getSeriesUsedFiles(boolean):java.lang.String[]" />
			<role name="Operation()" element="loci.formats.DelegateReader::openBytes(int, byte[], int, int, int, int):byte[]" />
			<role name="Operation()" element="loci.formats.DelegateReader::close(boolean):void" />
			<role name="Operation()" element="loci.formats.DelegateReader::getOptimalTileWidth():int" />
			<role name="Operation()" element="loci.formats.DelegateReader::getOptimalTileHeight():int" />
			<role name="Operation()" element="loci.formats.DelegateReader::reopenFile():void" />
		</instance>
		<instance>
			<role name="Component" element="loci.formats.IFormatReader" />
			<role name="Decorator" element="loci.formats.ReaderWrapper" />
			<role name="component" element="loci.formats.ReaderWrapper::reader:loci.formats.IFormatReader" />
			<role name="Operation()" element="loci.formats.ReaderWrapper::isThisType(java.lang.String, boolean):boolean" />
			<role name="Operation()" element="loci.formats.ReaderWrapper::isThisType(byte[]):boolean" />
			<role name="Operation()" element="loci.formats.ReaderWrapper::isThisType(loci.common.RandomAccessInputStream):boolean" />
			<role name="Operation()" element="loci.formats.ReaderWrapper::getImageCount():int" />
			<role name="Operation()" element="loci.formats.ReaderWrapper::isRGB():boolean" />
			<role name="Operation()" element="loci.formats.ReaderWrapper::getSizeX():int" />
			<role name="Operation()" element="loci.formats.ReaderWrapper::getSizeY():int" />
			<role name="Operation()" element="loci.formats.ReaderWrapper::getSizeZ():int" />
			<role name="Operation()" element="loci.formats.ReaderWrapper::getSizeC():int" />
			<role name="Operation()" element="loci.formats.ReaderWrapper::getSizeT():int" />
			<role name="Operation()" element="loci.formats.ReaderWrapper::getPixelType():int" />
			<role name="Operation()" element="loci.formats.ReaderWrapper::getBitsPerPixel():int" />
			<role name="Operation()" element="loci.formats.ReaderWrapper::isIndexed():boolean" />
			<role name="Operation()" element="loci.formats.ReaderWrapper::isFalseColor():boolean" />
			<role name="Operation()" element="loci.formats.ReaderWrapper::get8BitLookupTable():byte[][]" />
			<role name="Operation()" element="loci.formats.ReaderWrapper::get16BitLookupTable():short[][]" />
			<role name="Operation()" element="loci.formats.ReaderWrapper::getModuloZ():loci.formats.Modulo" />
			<role name="Operation()" element="loci.formats.ReaderWrapper::getModuloC():loci.formats.Modulo" />
			<role name="Operation()" element="loci.formats.ReaderWrapper::getModuloT():loci.formats.Modulo" />
			<role name="Operation()" element="loci.formats.ReaderWrapper::getThumbSizeX():int" />
			<role name="Operation()" element="loci.formats.ReaderWrapper::getThumbSizeY():int" />
			<role name="Operation()" element="loci.formats.ReaderWrapper::isLittleEndian():boolean" />
			<role name="Operation()" element="loci.formats.ReaderWrapper::getDimensionOrder():java.lang.String" />
			<role name="Operation()" element="loci.formats.ReaderWrapper::isOrderCertain():boolean" />
			<role name="Operation()" element="loci.formats.ReaderWrapper::isThumbnailSeries():boolean" />
			<role name="Operation()" element="loci.formats.ReaderWrapper::isInterleaved():boolean" />
			<role name="Operation()" element="loci.formats.ReaderWrapper::isInterleaved(int):boolean" />
			<role name="Operation()" element="loci.formats.ReaderWrapper::openBytes(int):byte[]" />
			<role name="Operation()" element="loci.formats.ReaderWrapper::openBytes(int, int, int, int, int):byte[]" />
			<role name="Operation()" element="loci.formats.ReaderWrapper::openBytes(int, byte[]):byte[]" />
			<role name="Operation()" element="loci.formats.ReaderWrapper::openBytes(int, byte[], int, int, int, int):byte[]" />
			<role name="Operation()" element="loci.formats.ReaderWrapper::openPlane(int, int, int, int, int):java.lang.Object" />
			<role name="Operation()" element="loci.formats.ReaderWrapper::openThumbBytes(int):byte[]" />
			<role name="Operation()" element="loci.formats.ReaderWrapper::close(boolean):void" />
			<role name="Operation()" element="loci.formats.ReaderWrapper::getSeriesCount():int" />
			<role name="Operation()" element="loci.formats.ReaderWrapper::setSeries(int):void" />
			<role name="Operation()" element="loci.formats.ReaderWrapper::getSeries():int" />
			<role name="Operation()" element="loci.formats.ReaderWrapper::setGroupFiles(boolean):void" />
			<role name="Operation()" element="loci.formats.ReaderWrapper::isGroupFiles():boolean" />
			<role name="Operation()" element="loci.formats.ReaderWrapper::fileGroupOption(java.lang.String):int" />
			<role name="Operation()" element="loci.formats.ReaderWrapper::isMetadataComplete():boolean" />
			<role name="Operation()" element="loci.formats.ReaderWrapper::setNormalized(boolean):void" />
			<role name="Operation()" element="loci.formats.ReaderWrapper::isNormalized():boolean" />
			<role name="Operation()" element="loci.formats.ReaderWrapper::setOriginalMetadataPopulated(boolean):void" />
			<role name="Operation()" element="loci.formats.ReaderWrapper::isOriginalMetadataPopulated():boolean" />
			<role name="Operation()" element="loci.formats.ReaderWrapper::getUsedFiles():java.lang.String[]" />
			<role name="Operation()" element="loci.formats.ReaderWrapper::getUsedFiles(boolean):java.lang.String[]" />
			<role name="Operation()" element="loci.formats.ReaderWrapper::getSeriesUsedFiles():java.lang.String[]" />
			<role name="Operation()" element="loci.formats.ReaderWrapper::getSeriesUsedFiles(boolean):java.lang.String[]" />
			<role name="Operation()" element="loci.formats.ReaderWrapper::getAdvancedUsedFiles(boolean):loci.formats.FileInfo[]" />
			<role name="Operation()" element="loci.formats.ReaderWrapper::getAdvancedSeriesUsedFiles(boolean):loci.formats.FileInfo[]" />
			<role name="Operation()" element="loci.formats.ReaderWrapper::getCurrentFile():java.lang.String" />
			<role name="Operation()" element="loci.formats.ReaderWrapper::getIndex(int, int, int):int" />
			<role name="Operation()" element="loci.formats.ReaderWrapper::getIndex(int, int, int, int, int, int):int" />
			<role name="Operation()" element="loci.formats.ReaderWrapper::getZCTCoords(int):int[]" />
			<role name="Operation()" element="loci.formats.ReaderWrapper::getZCTModuloCoords(int):int[]" />
			<role name="Operation()" element="loci.formats.ReaderWrapper::getMetadataValue(java.lang.String):java.lang.Object" />
			<role name="Operation()" element="loci.formats.ReaderWrapper::getSeriesMetadataValue(java.lang.String):java.lang.Object" />
			<role name="Operation()" element="loci.formats.ReaderWrapper::getGlobalMetadata():java.util.Hashtable" />
			<role name="Operation()" element="loci.formats.ReaderWrapper::getSeriesMetadata():java.util.Hashtable" />
			<role name="Operation()" element="loci.formats.ReaderWrapper::getCoreMetadataList():java.util.List" />
			<role name="Operation()" element="loci.formats.ReaderWrapper::setMetadataFiltered(boolean):void" />
			<role name="Operation()" element="loci.formats.ReaderWrapper::isMetadataFiltered():boolean" />
			<role name="Operation()" element="loci.formats.ReaderWrapper::setMetadataStore(loci.formats.meta.MetadataStore):void" />
			<role name="Operation()" element="loci.formats.ReaderWrapper::getMetadataStore():loci.formats.meta.MetadataStore" />
			<role name="Operation()" element="loci.formats.ReaderWrapper::getMetadataStoreRoot():java.lang.Object" />
			<role name="Operation()" element="loci.formats.ReaderWrapper::isSingleFile(java.lang.String):boolean" />
			<role name="Operation()" element="loci.formats.ReaderWrapper::getRequiredDirectories(java.lang.String[]):int" />
			<role name="Operation()" element="loci.formats.ReaderWrapper::getDatasetStructureDescription():java.lang.String" />
			<role name="Operation()" element="loci.formats.ReaderWrapper::hasCompanionFiles():boolean" />
			<role name="Operation()" element="loci.formats.ReaderWrapper::getPossibleDomains(java.lang.String):java.lang.String[]" />
			<role name="Operation()" element="loci.formats.ReaderWrapper::getDomains():java.lang.String[]" />
			<role name="Operation()" element="loci.formats.ReaderWrapper::getOptimalTileWidth():int" />
			<role name="Operation()" element="loci.formats.ReaderWrapper::getOptimalTileHeight():int" />
			<role name="Operation()" element="loci.formats.ReaderWrapper::getCoreIndex():int" />
			<role name="Operation()" element="loci.formats.ReaderWrapper::setCoreIndex(int):void" />
			<role name="Operation()" element="loci.formats.ReaderWrapper::seriesToCoreIndex(int):int" />
			<role name="Operation()" element="loci.formats.ReaderWrapper::coreIndexToSeries(int):int" />
			<role name="Operation()" element="loci.formats.ReaderWrapper::hasFlattenedResolutions():boolean" />
			<role name="Operation()" element="loci.formats.ReaderWrapper::setFlattenedResolutions(boolean):void" />
			<role name="Operation()" element="loci.formats.ReaderWrapper::reopenFile():void" />
		</instance>
		<instance>
			<role name="Component" element="loci.formats.IFormatReader" />
			<role name="Decorator" element="loci.formats.in.CellWorxReader" />
			<role name="component" element="loci.formats.in.CellWorxReader::lastReader:loci.formats.IFormatReader" />
			<role name="Operation()" element="loci.formats.in.CellWorxReader::openBytes(int, byte[], int, int, int, int):byte[]" />
		</instance>
		<instance>
			<role name="Component" element="loci.formats.IFormatReader" />
			<role name="Decorator" element="loci.formats.in.OlympusTileReader" />
			<role name="component" element="loci.formats.in.OlympusTileReader::helperReader:loci.formats.IFormatReader" />
			<role name="Operation()" element="loci.formats.in.OlympusTileReader::getOptimalTileWidth():int" />
			<role name="Operation()" element="loci.formats.in.OlympusTileReader::getOptimalTileHeight():int" />
			<role name="Operation()" element="loci.formats.in.OlympusTileReader::close(boolean):void" />
		</instance>
		<instance>
			<role name="Component" element="loci.formats.IFormatWriter" />
			<role name="Decorator" element="loci.formats.WriterWrapper" />
			<role name="component" element="loci.formats.WriterWrapper::writer:loci.formats.IFormatWriter" />
			<role name="Operation()" element="loci.formats.WriterWrapper::changeOutputFile(java.lang.String):void" />
			<role name="Operation()" element="loci.formats.WriterWrapper::saveBytes(int, byte[]):void" />
			<role name="Operation()" element="loci.formats.WriterWrapper::saveBytes(int, byte[], int, int, int, int):void" />
			<role name="Operation()" element="loci.formats.WriterWrapper::saveBytes(int, byte[], loci.common.Region):void" />
			<role name="Operation()" element="loci.formats.WriterWrapper::savePlane(int, java.lang.Object):void" />
			<role name="Operation()" element="loci.formats.WriterWrapper::savePlane(int, java.lang.Object, int, int, int, int):void" />
			<role name="Operation()" element="loci.formats.WriterWrapper::savePlane(int, java.lang.Object, loci.common.Region):void" />
			<role name="Operation()" element="loci.formats.WriterWrapper::setSeries(int):void" />
			<role name="Operation()" element="loci.formats.WriterWrapper::getSeries():int" />
			<role name="Operation()" element="loci.formats.WriterWrapper::setInterleaved(boolean):void" />
			<role name="Operation()" element="loci.formats.WriterWrapper::isInterleaved():boolean" />
			<role name="Operation()" element="loci.formats.WriterWrapper::setValidBitsPerPixel(int):void" />
			<role name="Operation()" element="loci.formats.WriterWrapper::canDoStacks():boolean" />
			<role name="Operation()" element="loci.formats.WriterWrapper::setMetadataRetrieve(loci.formats.meta.MetadataRetrieve):void" />
			<role name="Operation()" element="loci.formats.WriterWrapper::getMetadataRetrieve():loci.formats.meta.MetadataRetrieve" />
			<role name="Operation()" element="loci.formats.WriterWrapper::setColorModel(java.awt.image.ColorModel):void" />
			<role name="Operation()" element="loci.formats.WriterWrapper::getColorModel():java.awt.image.ColorModel" />
			<role name="Operation()" element="loci.formats.WriterWrapper::setFramesPerSecond(int):void" />
			<role name="Operation()" element="loci.formats.WriterWrapper::getFramesPerSecond():int" />
			<role name="Operation()" element="loci.formats.WriterWrapper::getCompressionTypes():java.lang.String[]" />
			<role name="Operation()" element="loci.formats.WriterWrapper::getPixelTypes():int[]" />
			<role name="Operation()" element="loci.formats.WriterWrapper::getPixelTypes(java.lang.String):int[]" />
			<role name="Operation()" element="loci.formats.WriterWrapper::isSupportedType(int):boolean" />
			<role name="Operation()" element="loci.formats.WriterWrapper::setCompression(java.lang.String):void" />
			<role name="Operation()" element="loci.formats.WriterWrapper::setCodecOptions(loci.formats.codec.CodecOptions):void" />
			<role name="Operation()" element="loci.formats.WriterWrapper::getCompression():java.lang.String" />
			<role name="Operation()" element="loci.formats.WriterWrapper::setWriteSequentially(boolean):void" />
			<role name="Operation()" element="loci.formats.WriterWrapper::getTileSizeX():int" />
			<role name="Operation()" element="loci.formats.WriterWrapper::setTileSizeX(int):int" />
			<role name="Operation()" element="loci.formats.WriterWrapper::getTileSizeY():int" />
			<role name="Operation()" element="loci.formats.WriterWrapper::setTileSizeY(int):int" />
			<role name="Operation()" element="loci.formats.WriterWrapper::setResolutions(java.util.List):void" />
			<role name="Operation()" element="loci.formats.WriterWrapper::getResolutions():java.util.List" />
		</instance>
	</pattern>
	<pattern name="Observer">
		<instance>
			<role name="Observer" element="loci.formats.cache.CacheListener" />
			<role name="Subject" element="loci.formats.cache.CacheStrategy" />
			<role name="Notify()" element="loci.formats.cache.CacheStrategy::notifyListeners(loci.formats.cache.CacheEvent):void" />
		</instance>
		<instance>
			<role name="Observer" element="loci.formats.cache.CacheListener" />
			<role name="Subject" element="loci.formats.cache.Cache" />
			<role name="Notify()" element="loci.formats.cache.Cache::notifyListeners(loci.formats.cache.CacheEvent):void" />
		</instance>
	</pattern>
	<pattern name="State">
		<instance>
			<role name="Context" element="loci.plugins.in.ImportProcess" />
			<role name="State" element="loci.formats.IFormatReader" />
			<role name="state" element="loci.plugins.in.ImportProcess::baseReader:loci.formats.IFormatReader" />
			<role name="Request()" element="loci.plugins.in.ImportProcess::initializeFile():void" />
			<role name="Request()" element="loci.plugins.in.ImportProcess::initializeStack():void" />
			<role name="Request()" element="loci.plugins.in.ImportProcess::createBaseReader():void" />
		</instance>
		<instance>
			<role name="Context" element="loci.formats.tools.ImageInfo" />
			<role name="State" element="loci.formats.IFormatReader" />
			<role name="state" element="loci.formats.tools.ImageInfo::reader:loci.formats.IFormatReader" />
			<role name="state" element="loci.formats.tools.ImageInfo::baseReader:loci.formats.IFormatReader" />
			<role name="Request()" element="loci.formats.tools.ImageInfo::mapLocation():void" />
			<role name="Request()" element="loci.formats.tools.ImageInfo::configureReaderPreInit():void" />
			<role name="Request()" element="loci.formats.tools.ImageInfo::checkWarnings():void" />
			<role name="Request()" element="loci.formats.tools.ImageInfo::readCoreMetadata():void" />
			<role name="Request()" element="loci.formats.tools.ImageInfo::initPreMinMaxValues():void" />
			<role name="Request()" element="loci.formats.tools.ImageInfo::printMinMaxValues():void" />
			<role name="Request()" element="loci.formats.tools.ImageInfo::readPixels():void" />
			<role name="Request()" element="loci.formats.tools.ImageInfo::printGlobalMetadata():void" />
			<role name="Request()" element="loci.formats.tools.ImageInfo::printOriginalMetadata():void" />
			<role name="Request()" element="loci.formats.tools.ImageInfo::printOMEXML():void" />
			<role name="Request()" element="loci.formats.tools.ImageInfo::testRead(java.lang.String[]):boolean" />
		</instance>
		<instance>
			<role name="Context" element="loci.formats.tools.ImageConverter" />
			<role name="State" element="loci.formats.IFormatReader" />
			<role name="state" element="loci.formats.tools.ImageConverter::reader:loci.formats.IFormatReader" />
			<role name="Request()" element="loci.formats.tools.ImageConverter::testConvert(loci.formats.IFormatWriter, java.lang.String[]):boolean" />
			<role name="Request()" element="loci.formats.tools.ImageConverter::convertTilePlane(loci.formats.IFormatWriter, int, int, java.lang.String):long" />
			<role name="Request()" element="loci.formats.tools.ImageConverter::getTileRows(java.lang.String):int" />
			<role name="Request()" element="loci.formats.tools.ImageConverter::getTileColumns(java.lang.String):int" />
			<role name="Request()" element="loci.formats.tools.ImageConverter::autoscalePlane(byte[], int):void" />
			<role name="Request()" element="loci.formats.tools.ImageConverter::applyLUT(loci.formats.IFormatWriter):void" />
			<role name="Request()" element="loci.formats.tools.ImageConverter::doTileConversion(loci.formats.IFormatWriter, java.lang.String):boolean" />
		</instance>
		<instance>
			<role name="Context" element="loci.formats.gui.ImageViewer" />
			<role name="State" element="loci.formats.IFormatReader" />
			<role name="state" element="loci.formats.gui.ImageViewer::in:loci.formats.IFormatReader" />
			<role name="Request()" element="loci.formats.gui.ImageViewer::save(java.lang.String):void" />
			<role name="Request()" element="loci.formats.gui.ImageViewer::setImages(loci.formats.IFormatReader, java.awt.image.BufferedImage[]):void" />
			<role name="Request()" element="loci.formats.gui.ImageViewer::stateChanged(javax.swing.event.ChangeEvent):void" />
		</instance>
		<instance>
			<role name="Context" element="loci.formats.gui.FormatFileFilter" />
			<role name="State" element="loci.formats.IFormatReader" />
			<role name="state" element="loci.formats.gui.FormatFileFilter::reader:loci.formats.IFormatReader" />
			<role name="Request()" element="loci.formats.gui.FormatFileFilter::accept(java.io.File):boolean" />
		</instance>
		<instance>
			<role name="Context" element="loci.tests.testng.EquivalentPixelsTest" />
			<role name="State" element="loci.formats.IFormatReader" />
			<role name="state" element="loci.tests.testng.EquivalentPixelsTest::srcReader:loci.formats.IFormatReader" />
			<role name="state" element="loci.tests.testng.EquivalentPixelsTest::checkReader:loci.formats.IFormatReader" />
			<role name="Request()" element="loci.tests.testng.EquivalentPixelsTest::setId():void" />
			<role name="Request()" element="loci.tests.testng.EquivalentPixelsTest::testEquivalent():void" />
		</instance>
		<instance>
			<role name="Context" element="loci.tests.testng.OpenBytesPerformanceTest" />
			<role name="State" element="loci.formats.IFormatReader" />
			<role name="state" element="loci.tests.testng.OpenBytesPerformanceTest::reader:loci.formats.IFormatReader" />
			<role name="Request()" element="loci.tests.testng.OpenBytesPerformanceTest::assertBlock(int, int, int, int, int):void" />
			<role name="Request()" element="loci.tests.testng.OpenBytesPerformanceTest::assertRows(int):void" />
			<role name="Request()" element="loci.tests.testng.OpenBytesPerformanceTest::assertSeries(int):void" />
			<role name="Request()" element="loci.tests.testng.OpenBytesPerformanceTest::setId():void" />
			<role name="Request()" element="loci.tests.testng.OpenBytesPerformanceTest::testOpenBytesAllTilesNewBuffer():void" />
			<role name="Request()" element="loci.tests.testng.OpenBytesPerformanceTest::testOpenBytesAllTilesPreAllocatedBuffer():void" />
			<role name="Request()" element="loci.tests.testng.OpenBytesPerformanceTest::testOpenBytesPlane():void" />
			<role name="Request()" element="loci.tests.testng.OpenBytesPerformanceTest::testOpenBytesHalfPlane():void" />
		</instance>
		<instance>
			<role name="Context" element="loci.tests.testng.SubResolutionTest" />
			<role name="State" element="loci.formats.IFormatReader" />
			<role name="state" element="loci.tests.testng.SubResolutionTest::reader:loci.formats.IFormatReader" />
			<role name="Request()" element="loci.tests.testng.SubResolutionTest::init(java.lang.String):void" />
			<role name="Request()" element="loci.tests.testng.SubResolutionTest::testSubResolutionCount():void" />
		</instance>
		<instance>
			<role name="Context" element="loci.tests.testng.TiffWriterTest" />
			<role name="State" element="loci.formats.IFormatReader" />
			<role name="state" element="loci.tests.testng.TiffWriterTest::reader:loci.formats.IFormatReader" />
			<role name="Request()" element="loci.tests.testng.TiffWriterTest::assertTiles(java.lang.String, java.lang.String, int, int, boolean):void" />
			<role name="Request()" element="loci.tests.testng.TiffWriterTest::assertUnevenTiles(java.lang.String, java.lang.String, int, int, boolean):void" />
			<role name="Request()" element="loci.tests.testng.TiffWriterTest::parse(java.lang.String):void" />
		</instance>
		<instance>
			<role name="Context" element="loci.formats.MinMaxCalculator" />
			<role name="State" element="loci.formats.meta.IMinMaxStore" />
			<role name="state" element="loci.formats.MinMaxCalculator::minMaxStore:loci.formats.meta.IMinMaxStore" />
			<role name="Request()" element="loci.formats.MinMaxCalculator::updateMinMax(int, byte[], int):void" />
		</instance>
		<instance>
			<role name="Context" element="loci.formats.in.LeicaMicrosystemsMetadata.LMSMetadataExtractor" />
			<role name="State" element="loci.formats.in.LeicaMicrosystemsMetadata.LMSFileReader" />
			<role name="state" element="loci.formats.in.LeicaMicrosystemsMetadata.LMSMetadataExtractor::r:loci.formats.in.LeicaMicrosystemsMetadata.LMSFileReader" />
			<role name="Request()" element="loci.formats.in.LeicaMicrosystemsMetadata.LMSMetadataExtractor::translateDimensionDescriptions(org.w3c.dom.Element, int):void" />
		</instance>
		<instance>
			<role name="Context" element="loci.formats.in.ND2Reader" />
			<role name="State" element="loci.formats.codec.Codec" />
			<role name="state" element="loci.formats.in.ND2Reader::codec:loci.formats.codec.Codec" />
			<role name="Request()" element="loci.formats.in.ND2Reader::openBytes(int, byte[], int, int, int, int):byte[]" />
			<role name="Request()" element="loci.formats.in.ND2Reader::initFile(java.lang.String):void" />
		</instance>
		<instance>
			<role name="State" element="loci.formats.services.OMEXMLService" />
			<role name="Context" element="loci.tests.testng.FormatReaderTest" />
			<role name="state" element="loci.tests.testng.FormatReaderTest::omexmlService:loci.formats.services.OMEXMLService" />
			<role name="Request()" element="loci.tests.testng.FormatReaderTest::testOMEXML():void" />
			<role name="Request()" element="loci.tests.testng.FormatReaderTest::testEqualOMEXML():void" />
			<role name="Request()" element="loci.tests.testng.FormatReaderTest::testValidXML():void" />
			<role name="Request()" element="loci.tests.testng.FormatReaderTest::writeXML():void" />
			<role name="Request()" element="loci.tests.testng.FormatReaderTest::setupReader(boolean, boolean):loci.formats.IFormatReader" />
			<role name="Request()" element="loci.tests.testng.FormatReaderTest::checkOMEXML(loci.formats.IFormatReader):java.lang.String" />
		</instance>
		<instance>
			<role name="State" element="loci.formats.services.OMEXMLService" />
			<role name="Context" element="loci.formats.gui.ImageViewer" />
			<role name="state" element="loci.formats.gui.ImageViewer::omexmlService:loci.formats.services.OMEXMLService" />
			<role name="Request()" element="loci.formats.gui.ImageViewer::open(java.lang.String):void" />
			<role name="Request()" element="loci.formats.gui.ImageViewer::save(java.lang.String):void" />
			<role name="Request()" element="loci.formats.gui.ImageViewer::setImages(loci.formats.IFormatReader, java.awt.image.BufferedImage[]):void" />
			<role name="Request()" element="loci.formats.gui.ImageViewer::actionPerformed(java.awt.event.ActionEvent):void" />
		</instance>
		<instance>
			<role name="State" element="loci.formats.services.OMEXMLService" />
			<role name="Context" element="loci.tests.testng.TiffWriterTest" />
			<role name="state" element="loci.tests.testng.TiffWriterTest::service:loci.formats.services.OMEXMLService" />
			<role name="Request()" element="loci.tests.testng.TiffWriterTest::initializeWriter(java.lang.String, java.lang.String, boolean):loci.formats.out.TiffWriter" />
			<role name="Request()" element="loci.tests.testng.TiffWriterTest::parse(java.lang.String):void" />
		</instance>
		<instance>
			<role name="Context" element="loci.formats.in.CellWorxReader" />
			<role name="State" element="loci.formats.services.OMEXMLService" />
			<role name="state" element="loci.formats.in.CellWorxReader::service:loci.formats.services.OMEXMLService" />
			<role name="Request()" element="loci.formats.in.CellWorxReader::populateMetadata():void" />
			<role name="Request()" element="loci.formats.in.CellWorxReader::initReader(loci.formats.IFormatReader, java.lang.String, boolean):void" />
		</instance>
		<instance>
			<role name="Context" element="loci.formats.in.OMETiffReader" />
			<role name="State" element="loci.formats.services.OMEXMLService" />
			<role name="state" element="loci.formats.in.OMETiffReader::service:loci.formats.services.OMEXMLService" />
			<role name="Request()" element="loci.formats.in.OMETiffReader::isSingleFile(java.lang.String):boolean" />
			<role name="Request()" element="loci.formats.in.OMETiffReader::isThisType(java.lang.String, boolean):boolean" />
			<role name="Request()" element="loci.formats.in.OMETiffReader::isThisType(loci.common.RandomAccessInputStream):boolean" />
			<role name="Request()" element="loci.formats.in.OMETiffReader::initFile(java.lang.String):void" />
		</instance>
		<instance>
			<role name="Context" element="loci.formats.out.OMETiffWriter" />
			<role name="State" element="loci.formats.services.OMEXMLService" />
			<role name="state" element="loci.formats.out.OMETiffWriter::service:loci.formats.services.OMEXMLService" />
			<role name="Request()" element="loci.formats.out.OMETiffWriter::close():void" />
			<role name="Request()" element="loci.formats.out.OMETiffWriter::setupServiceAndMetadata():void" />
			<role name="Request()" element="loci.formats.out.OMETiffWriter::getOMEXML(java.lang.String):java.lang.String" />
		</instance>
		<instance>
			<role name="Context" element="loci.formats.out.OMEXMLWriter" />
			<role name="State" element="loci.formats.services.OMEXMLService" />
			<role name="state" element="loci.formats.out.OMEXMLWriter::service:loci.formats.services.OMEXMLService" />
			<role name="Request()" element="loci.formats.out.OMEXMLWriter::setId(java.lang.String):void" />
			<role name="Request()" element="loci.formats.out.OMEXMLWriter::close():void" />
			<role name="Request()" element="loci.formats.out.OMEXMLWriter::saveBytes(int, byte[], int, int, int, int):void" />
		</instance>
		<instance>
			<role name="Context" element="loci.formats.in.FV1000Reader" />
			<role name="State" element="loci.formats.services.POIService" />
			<role name="state" element="loci.formats.in.FV1000Reader::poi:loci.formats.services.POIService" />
			<role name="Request()" element="loci.formats.in.FV1000Reader::close(boolean):void" />
			<role name="Request()" element="loci.formats.in.FV1000Reader::mapOIBFiles():java.lang.String" />
			<role name="Request()" element="loci.formats.in.FV1000Reader::initPOIService():void" />
			<role name="Request()" element="loci.formats.in.FV1000Reader::getFile(java.lang.String):loci.common.RandomAccessInputStream" />
		</instance>
		<instance>
			<role name="Context" element="loci.formats.in.IPWReader" />
			<role name="State" element="loci.formats.services.POIService" />
			<role name="state" element="loci.formats.in.IPWReader::poi:loci.formats.services.POIService" />
			<role name="Request()" element="loci.formats.in.IPWReader::get8BitLookupTable():byte[][]" />
			<role name="Request()" element="loci.formats.in.IPWReader::getOptimalTileWidth():int" />
			<role name="Request()" element="loci.formats.in.IPWReader::getOptimalTileHeight():int" />
			<role name="Request()" element="loci.formats.in.IPWReader::openBytes(int, byte[], int, int, int, int):byte[]" />
			<role name="Request()" element="loci.formats.in.IPWReader::close(boolean):void" />
			<role name="Request()" element="loci.formats.in.IPWReader::initFile(java.lang.String):void" />
			<role name="Request()" element="loci.formats.in.IPWReader::initPOIService():void" />
		</instance>
		<instance>
			<role name="Context" element="loci.formats.in.PCIReader" />
			<role name="State" element="loci.formats.services.POIService" />
			<role name="state" element="loci.formats.in.PCIReader::poi:loci.formats.services.POIService" />
			<role name="Request()" element="loci.formats.in.PCIReader::getOptimalTileWidth():int" />
			<role name="Request()" element="loci.formats.in.PCIReader::getOptimalTileHeight():int" />
			<role name="Request()" element="loci.formats.in.PCIReader::openBytes(int, byte[], int, int, int, int):byte[]" />
			<role name="Request()" element="loci.formats.in.PCIReader::close(boolean):void" />
			<role name="Request()" element="loci.formats.in.PCIReader::initFile(java.lang.String):void" />
			<role name="Request()" element="loci.formats.in.PCIReader::initPOIService():void" />
		</instance>
		<instance>
			<role name="Context" element="loci.formats.in.ZeissZVIReader" />
			<role name="State" element="loci.formats.services.POIService" />
			<role name="state" element="loci.formats.in.ZeissZVIReader::poi:loci.formats.services.POIService" />
			<role name="Request()" element="loci.formats.in.ZeissZVIReader::openBytes(int, byte[], int, int, int, int):byte[]" />
			<role name="Request()" element="loci.formats.in.ZeissZVIReader::close(boolean):void" />
			<role name="Request()" element="loci.formats.in.ZeissZVIReader::initPOIService():void" />
			<role name="Request()" element="loci.formats.in.ZeissZVIReader::fillMetadataPass1(loci.formats.meta.MetadataStore):void" />
			<role name="Request()" element="loci.formats.in.ZeissZVIReader::countImages():void" />
			<role name="Request()" element="loci.formats.in.ZeissZVIReader::parseTags(int, java.lang.String, loci.formats.meta.MetadataStore):void" />
		</instance>
		<instance>
			<role name="Context" element="loci.formats.in.BDVReader" />
			<role name="State" element="loci.formats.services.JHDFService" />
			<role name="state" element="loci.formats.in.BDVReader::jhdf:loci.formats.services.JHDFService" />
			<role name="Request()" element="loci.formats.in.BDVReader::close(boolean):void" />
			<role name="Request()" element="loci.formats.in.BDVReader::initializeJHDFService(java.lang.String):void" />
			<role name="Request()" element="loci.formats.in.BDVReader::getImageData(int, int, int, int, int):java.lang.Object" />
			<role name="Request()" element="loci.formats.in.BDVReader::parseStructure():void" />
			<role name="Request()" element="loci.formats.in.BDVReader::getChannelIndexOfCellObjectName(java.lang.String):int" />
			<role name="Request()" element="loci.formats.in.BDVReader::parseROIs(int):void" />
		</instance>
		<instance>
			<role name="Context" element="loci.formats.in.CellH5Reader" />
			<role name="State" element="loci.formats.services.JHDFService" />
			<role name="state" element="loci.formats.in.CellH5Reader::jhdf:loci.formats.services.JHDFService" />
			<role name="Request()" element="loci.formats.in.CellH5Reader::close(boolean):void" />
			<role name="Request()" element="loci.formats.in.CellH5Reader::initializeJHDFService(java.lang.String):void" />
			<role name="Request()" element="loci.formats.in.CellH5Reader::getImageData(int, int, int):java.lang.Object" />
			<role name="Request()" element="loci.formats.in.CellH5Reader::parseStructure():void" />
			<role name="Request()" element="loci.formats.in.CellH5Reader::parseCellObjects():void" />
			<role name="Request()" element="loci.formats.in.CellH5Reader::getChannelIndexOfCellObjectName(java.lang.String):int" />
			<role name="Request()" element="loci.formats.in.CellH5Reader::parseROIs(int):void" />
		</instance>
		<instance>
			<role name="Context" element="loci.formats.out.CellH5Writer" />
			<role name="State" element="loci.formats.services.JHDFService" />
			<role name="state" element="loci.formats.out.CellH5Writer::jhdf:loci.formats.services.JHDFService" />
			<role name="Request()" element="loci.formats.out.CellH5Writer::setId(java.lang.String):void" />
			<role name="Request()" element="loci.formats.out.CellH5Writer::saveBytes(int, byte[]):void" />
			<role name="Request()" element="loci.formats.out.CellH5Writer::close():void" />
		</instance>
		<instance>
			<role name="Context" element="loci.formats.in.AmiraReader" />
			<role name="State" element="loci.formats.in.AmiraReader$PlaneReader" />
			<role name="state" element="loci.formats.in.AmiraReader::planeReader:loci.formats.in.AmiraReader$PlaneReader" />
			<role name="Request()" element="loci.formats.in.AmiraReader::openBytes(int, byte[], int, int, int, int):byte[]" />
		</instance>
		<instance>
			<role name="Context" element="loci.formats.in.ImarisHDFReader" />
			<role name="State" element="loci.formats.services.NetCDFService" />
			<role name="state" element="loci.formats.in.ImarisHDFReader::netcdf:loci.formats.services.NetCDFService" />
			<role name="Request()" element="loci.formats.in.ImarisHDFReader::close(boolean):void" />
			<role name="Request()" element="loci.formats.in.ImarisHDFReader::initFile(java.lang.String):void" />
			<role name="Request()" element="loci.formats.in.ImarisHDFReader::getImageData(int, int, int, int, int):java.lang.Object" />
			<role name="Request()" element="loci.formats.in.ImarisHDFReader::parseAttributes():void" />
		</instance>
		<instance>
			<role name="Context" element="loci.formats.in.MINCReader" />
			<role name="State" element="loci.formats.services.NetCDFService" />
			<role name="state" element="loci.formats.in.MINCReader::netcdf:loci.formats.services.NetCDFService" />
			<role name="Request()" element="loci.formats.in.MINCReader::close(boolean):void" />
			<role name="Request()" element="loci.formats.in.MINCReader::initFile(java.lang.String):void" />
		</instance>
		<instance>
			<role name="Context" element="loci.formats.in.VeecoReader" />
			<role name="State" element="loci.formats.services.NetCDFService" />
			<role name="state" element="loci.formats.in.VeecoReader::netcdf:loci.formats.services.NetCDFService" />
			<role name="Request()" element="loci.formats.in.VeecoReader::close(boolean):void" />
			<role name="Request()" element="loci.formats.in.VeecoReader::initFile(java.lang.String):void" />
		</instance>
		<instance>
			<role name="Context" element="loci.formats.in.HamamatsuVMSReader" />
			<role name="State" element="loci.formats.services.JPEGTurboService" />
			<role name="state" element="loci.formats.in.HamamatsuVMSReader::service:loci.formats.services.JPEGTurboService" />
			<role name="Request()" element="loci.formats.in.HamamatsuVMSReader::openBytes(int, byte[], int, int, int, int):byte[]" />
			<role name="Request()" element="loci.formats.in.HamamatsuVMSReader::close(boolean):void" />
		</instance>
		<instance>
			<role name="Context" element="loci.formats.in.NDPIReader" />
			<role name="State" element="loci.formats.services.JPEGTurboService" />
			<role name="state" element="loci.formats.in.NDPIReader::service:loci.formats.services.JPEGTurboService" />
			<role name="Request()" element="loci.formats.in.NDPIReader::openBytes(int, byte[], int, int, int, int):byte[]" />
			<role name="Request()" element="loci.formats.in.NDPIReader::close(boolean):void" />
		</instance>
		<instance>
			<role name="Context" element="loci.formats.in.TileJPEGReader" />
			<role name="State" element="loci.formats.services.JPEGTurboService" />
			<role name="state" element="loci.formats.in.TileJPEGReader::service:loci.formats.services.JPEGTurboService" />
			<role name="Request()" element="loci.formats.in.TileJPEGReader::openBytes(int, byte[], int, int, int, int):byte[]" />
			<role name="Request()" element="loci.formats.in.TileJPEGReader::close(boolean):void" />
			<role name="Request()" element="loci.formats.in.TileJPEGReader::reopenFile():void" />
		</instance>
		<instance>
			<role name="Context" element="loci.formats.Memoizer" />
			<role name="State" element="loci.formats.Memoizer$Deser" />
			<role name="state" element="loci.formats.Memoizer::ser:loci.formats.Memoizer$Deser" />
			<role name="Request()" element="loci.formats.Memoizer::versionMismatch():boolean" />
			<role name="Request()" element="loci.formats.Memoizer::cleanup():void" />
		</instance>
		<instance>
			<role name="Context" element="loci.formats.tiff.TiffCompression" />
			<role name="State" element="loci.formats.codec.Codec" />
			<role name="state" element="loci.formats.tiff.TiffCompression::codec:loci.formats.codec.Codec" />
			<role name="Request()" element="loci.formats.tiff.TiffCompression::decompress(byte[], loci.formats.codec.CodecOptions):byte[]" />
			<role name="Request()" element="loci.formats.tiff.TiffCompression::compress(byte[], loci.formats.codec.CodecOptions):byte[]" />
		</instance>
		<instance>
			<role name="Context" element="loci.formats.cache.Cache" />
			<role name="State" element="loci.formats.cache.ICacheSource" />
			<role name="state" element="loci.formats.cache.Cache::source:loci.formats.cache.ICacheSource" />
			<role name="Request()" element="loci.formats.cache.Cache::reset():void" />
			<role name="Request()" element="loci.formats.cache.Cache::recache(int):void" />
		</instance>
		<instance>
			<role name="Context" element="loci.formats.codec.JPEGXRCodec" />
			<role name="State" element="loci.formats.services.JPEGXRService" />
			<role name="state" element="loci.formats.codec.JPEGXRCodec::service:loci.formats.services.JPEGXRService" />
			<role name="Request()" element="loci.formats.codec.JPEGXRCodec::decompress(byte[], loci.formats.codec.CodecOptions):byte[]" />
		</instance>
	</pattern>
	<pattern name="Strategy">
		<instance>
			<role name="Context" element="loci.formats.cache.Cache" />
			<role name="Strategy" element="loci.formats.cache.ICacheStrategy" />
			<role name="strategy" element="loci.formats.cache.Cache::strategy:loci.formats.cache.ICacheStrategy" />
			<role name="ContextInterface()" element="loci.formats.cache.Cache::getObject(int[]):java.lang.Object" />
			<role name="ContextInterface()" element="loci.formats.cache.Cache::isInCache(int[]):boolean" />
			<role name="ContextInterface()" element="loci.formats.cache.Cache::reset():void" />
			<role name="ContextInterface()" element="loci.formats.cache.Cache::setCurrentPos(int[]):void" />
			<role name="ContextInterface()" element="loci.formats.cache.Cache::recache(int):void" />
			<role name="ContextInterface()" element="loci.formats.cache.Cache::recache():void" />
		</instance>
	</pattern>
	<pattern name="Bridge">
		<instance>
			<role name="Abstraction" element="loci.formats.FormatReader" />
			<role name="Implementor" element="loci.formats.services.OMEXMLService" />
			<role name="implementor" element="loci.formats.FormatReader::service:loci.formats.services.OMEXMLService" />
			<role name="Operation()" element="loci.formats.FormatReader::setId(java.lang.String):void" />
		</instance>
		<instance>
			<role name="Abstraction" element="loci.formats.cache.CacheSource" />
			<role name="Implementor" element="loci.formats.IFormatReader" />
			<role name="implementor" element="loci.formats.cache.CacheSource::reader:loci.formats.IFormatReader" />
			<role name="Operation()" element="loci.formats.cache.CacheSource::getObjectCount():int" />
		</instance>
	</pattern>
	<pattern name="Template Method">
		<instance>
			<role name="AbstractClass" element="loci.formats.codec.BaseCodec" />
			<role name="TemplateMethod()" element="loci.formats.codec.BaseCodec::decompress(byte[], loci.formats.codec.CodecOptions):byte[]" />
		</instance>
		<instance>
			<role name="AbstractClass" element="loci.formats.FormatReader" />
			<role name="TemplateMethod()" element="loci.formats.FormatReader::openBytes(int, byte[]):byte[]" />
			<role name="TemplateMethod()" element="loci.formats.FormatReader::openBytes(int, int, int, int, int):byte[]" />
		</instance>
		<instance>
			<role name="AbstractClass" element="loci.plugins.in.ImporterDialog" />
			<role name="TemplateMethod()" element="loci.plugins.in.ImporterDialog::showDialog():int" />
		</instance>
		<instance>
			<role name="AbstractClass" element="loci.formats.Memoizer$RandomAccessDeser" />
			<role name="TemplateMethod()" element="loci.formats.Memoizer$RandomAccessDeser::loadReader():loci.formats.IFormatReader" />
			<role name="TemplateMethod()" element="loci.formats.Memoizer$RandomAccessDeser::saveReader(loci.formats.IFormatReader):void" />
		</instance>
		<instance>
			<role name="AbstractClass" element="loci.formats.WrappedReader" />
			<role name="TemplateMethod()" element="loci.formats.WrappedReader::reopenFile():void" />
			<role name="TemplateMethod()" element="loci.formats.WrappedReader::getImageCount():int" />
			<role name="TemplateMethod()" element="loci.formats.WrappedReader::isRGB():boolean" />
			<role name="TemplateMethod()" element="loci.formats.WrappedReader::getSizeX():int" />
			<role name="TemplateMethod()" element="loci.formats.WrappedReader::getSizeY():int" />
			<role name="TemplateMethod()" element="loci.formats.WrappedReader::getSizeZ():int" />
			<role name="TemplateMethod()" element="loci.formats.WrappedReader::getSizeC():int" />
			<role name="TemplateMethod()" element="loci.formats.WrappedReader::getSizeT():int" />
			<role name="TemplateMethod()" element="loci.formats.WrappedReader::getPixelType():int" />
			<role name="TemplateMethod()" element="loci.formats.WrappedReader::getBitsPerPixel():int" />
			<role name="TemplateMethod()" element="loci.formats.WrappedReader::getEffectiveSizeC():int" />
			<role name="TemplateMethod()" element="loci.formats.WrappedReader::getRGBChannelCount():int" />
			<role name="TemplateMethod()" element="loci.formats.WrappedReader::isIndexed():boolean" />
			<role name="TemplateMethod()" element="loci.formats.WrappedReader::isFalseColor():boolean" />
			<role name="TemplateMethod()" element="loci.formats.WrappedReader::get8BitLookupTable():byte[][]" />
			<role name="TemplateMethod()" element="loci.formats.WrappedReader::get16BitLookupTable():short[][]" />
			<role name="TemplateMethod()" element="loci.formats.WrappedReader::getModuloZ():loci.formats.Modulo" />
			<role name="TemplateMethod()" element="loci.formats.WrappedReader::getModuloC():loci.formats.Modulo" />
			<role name="TemplateMethod()" element="loci.formats.WrappedReader::getModuloT():loci.formats.Modulo" />
			<role name="TemplateMethod()" element="loci.formats.WrappedReader::getThumbSizeX():int" />
			<role name="TemplateMethod()" element="loci.formats.WrappedReader::getThumbSizeY():int" />
			<role name="TemplateMethod()" element="loci.formats.WrappedReader::isLittleEndian():boolean" />
			<role name="TemplateMethod()" element="loci.formats.WrappedReader::getDimensionOrder():java.lang.String" />
			<role name="TemplateMethod()" element="loci.formats.WrappedReader::isOrderCertain():boolean" />
			<role name="TemplateMethod()" element="loci.formats.WrappedReader::isThumbnailSeries():boolean" />
			<role name="TemplateMethod()" element="loci.formats.WrappedReader::isInterleaved():boolean" />
			<role name="TemplateMethod()" element="loci.formats.WrappedReader::isInterleaved(int):boolean" />
			<role name="TemplateMethod()" element="loci.formats.WrappedReader::openBytes(int):byte[]" />
			<role name="TemplateMethod()" element="loci.formats.WrappedReader::openBytes(int, int, int, int, int):byte[]" />
			<role name="TemplateMethod()" element="loci.formats.WrappedReader::openBytes(int, byte[]):byte[]" />
			<role name="TemplateMethod()" element="loci.formats.WrappedReader::openBytes(int, byte[], int, int, int, int):byte[]" />
			<role name="TemplateMethod()" element="loci.formats.WrappedReader::openPlane(int, int, int, int, int):java.lang.Object" />
			<role name="TemplateMethod()" element="loci.formats.WrappedReader::openThumbBytes(int):byte[]" />
			<role name="TemplateMethod()" element="loci.formats.WrappedReader::close(boolean):void" />
			<role name="TemplateMethod()" element="loci.formats.WrappedReader::getSeriesCount():int" />
			<role name="TemplateMethod()" element="loci.formats.WrappedReader::setSeries(int):void" />
			<role name="TemplateMethod()" element="loci.formats.WrappedReader::getSeries():int" />
			<role name="TemplateMethod()" element="loci.formats.WrappedReader::isMetadataComplete():boolean" />
			<role name="TemplateMethod()" element="loci.formats.WrappedReader::getSeriesUsedFiles(boolean):java.lang.String[]" />
			<role name="TemplateMethod()" element="loci.formats.WrappedReader::getUsedFiles(boolean):java.lang.String[]" />
			<role name="TemplateMethod()" element="loci.formats.WrappedReader::getIndex(int, int, int):int" />
			<role name="TemplateMethod()" element="loci.formats.WrappedReader::getZCTCoords(int):int[]" />
			<role name="TemplateMethod()" element="loci.formats.WrappedReader::getMetadataValue(java.lang.String):java.lang.Object" />
			<role name="TemplateMethod()" element="loci.formats.WrappedReader::getSeriesMetadataValue(java.lang.String):java.lang.Object" />
			<role name="TemplateMethod()" element="loci.formats.WrappedReader::getGlobalMetadata():java.util.Hashtable" />
			<role name="TemplateMethod()" element="loci.formats.WrappedReader::getSeriesMetadata():java.util.Hashtable" />
			<role name="TemplateMethod()" element="loci.formats.WrappedReader::getCoreMetadataList():java.util.List" />
			<role name="TemplateMethod()" element="loci.formats.WrappedReader::getMetadataStoreRoot():java.lang.Object" />
			<role name="TemplateMethod()" element="loci.formats.WrappedReader::getUnderlyingReaders():loci.formats.IFormatReader[]" />
			<role name="TemplateMethod()" element="loci.formats.WrappedReader::isSingleFile(java.lang.String):boolean" />
			<role name="TemplateMethod()" element="loci.formats.WrappedReader::getDatasetStructureDescription():java.lang.String" />
			<role name="TemplateMethod()" element="loci.formats.WrappedReader::hasCompanionFiles():boolean" />
			<role name="TemplateMethod()" element="loci.formats.WrappedReader::getPossibleDomains(java.lang.String):java.lang.String[]" />
			<role name="TemplateMethod()" element="loci.formats.WrappedReader::getDomains():java.lang.String[]" />
			<role name="TemplateMethod()" element="loci.formats.WrappedReader::getOptimalTileWidth():int" />
			<role name="TemplateMethod()" element="loci.formats.WrappedReader::getOptimalTileHeight():int" />
			<role name="TemplateMethod()" element="loci.formats.WrappedReader::getCoreIndex():int" />
			<role name="TemplateMethod()" element="loci.formats.WrappedReader::setCoreIndex(int):void" />
			<role name="TemplateMethod()" element="loci.formats.WrappedReader::seriesToCoreIndex(int):int" />
			<role name="TemplateMethod()" element="loci.formats.WrappedReader::coreIndexToSeries(int):int" />
			<role name="TemplateMethod()" element="loci.formats.WrappedReader::getResolutionCount():int" />
			<role name="TemplateMethod()" element="loci.formats.WrappedReader::setResolution(int):void" />
			<role name="TemplateMethod()" element="loci.formats.WrappedReader::getResolution():int" />
			<role name="TemplateMethod()" element="loci.formats.WrappedReader::getNativeDataType():java.lang.Class" />
			<role name="TemplateMethod()" element="loci.formats.WrappedReader::close():void" />
		</instance>
	</pattern>
	<pattern name="Visitor" />
	<pattern name="Proxy">
		<instance>
			<role name="Proxy" element="loci.formats.in.BDReader" />
			<role name="RealSubject" element="loci.formats.in.MinimalTiffReader" />
			<role name="Request()" element="loci.formats.in.BDReader::openBytes(int, byte[], int, int, int, int):byte[]" />
			<role name="Request()" element="loci.formats.in.BDReader::getOptimalTileWidth():int" />
			<role name="Request()" element="loci.formats.in.BDReader::getOptimalTileHeight():int" />
		</instance>
		<instance>
			<role name="Proxy" element="loci.formats.in.CV7000Reader" />
			<role name="RealSubject" element="loci.formats.in.MinimalTiffReader" />
			<role name="Request()" element="loci.formats.in.CV7000Reader::openBytes(int, byte[], int, int, int, int):byte[]" />
		</instance>
		<instance>
			<role name="Proxy" element="loci.formats.in.ColumbusReader" />
			<role name="RealSubject" element="loci.formats.in.MinimalTiffReader" />
			<role name="Request()" element="loci.formats.in.ColumbusReader::openBytes(int, byte[], int, int, int, int):byte[]" />
		</instance>
		<instance>
			<role name="Proxy" element="loci.formats.in.InCellReader" />
			<role name="RealSubject" element="loci.formats.in.MinimalTiffReader" />
			<role name="Request()" element="loci.formats.in.InCellReader::get8BitLookupTable():byte[][]" />
			<role name="Request()" element="loci.formats.in.InCellReader::get16BitLookupTable():short[][]" />
			<role name="Request()" element="loci.formats.in.InCellReader::openBytes(int, byte[], int, int, int, int):byte[]" />
			<role name="Request()" element="loci.formats.in.InCellReader::close(boolean):void" />
			<role name="Request()" element="loci.formats.in.InCellReader::getOptimalTileWidth():int" />
			<role name="Request()" element="loci.formats.in.InCellReader::getOptimalTileHeight():int" />
		</instance>
		<instance>
			<role name="Proxy" element="loci.formats.in.L2DReader" />
			<role name="RealSubject" element="loci.formats.in.MinimalTiffReader" />
			<role name="Request()" element="loci.formats.in.L2DReader::openBytes(int, byte[], int, int, int, int):byte[]" />
			<role name="Request()" element="loci.formats.in.L2DReader::close(boolean):void" />
		</instance>
		<instance>
			<role name="Proxy" element="loci.formats.in.LeicaReader" />
			<role name="RealSubject" element="loci.formats.in.MinimalTiffReader" />
			<role name="Request()" element="loci.formats.in.LeicaReader::get8BitLookupTable():byte[][]" />
			<role name="Request()" element="loci.formats.in.LeicaReader::get16BitLookupTable():short[][]" />
			<role name="Request()" element="loci.formats.in.LeicaReader::openBytes(int, byte[], int, int, int, int):byte[]" />
			<role name="Request()" element="loci.formats.in.LeicaReader::close(boolean):void" />
		</instance>
		<instance>
			<role name="Proxy" element="loci.formats.in.MicromanagerReader" />
			<role name="RealSubject" element="loci.formats.in.MinimalTiffReader" />
			<role name="Request()" element="loci.formats.in.MicromanagerReader::isThisType(loci.common.RandomAccessInputStream):boolean" />
			<role name="Request()" element="loci.formats.in.MicromanagerReader::openBytes(int, byte[], int, int, int, int):byte[]" />
			<role name="Request()" element="loci.formats.in.MicromanagerReader::close(boolean):void" />
			<role name="Request()" element="loci.formats.in.MicromanagerReader::getOptimalTileWidth():int" />
			<role name="Request()" element="loci.formats.in.MicromanagerReader::getOptimalTileHeight():int" />
		</instance>
		<instance>
			<role name="Proxy" element="loci.formats.in.OperettaReader" />
			<role name="RealSubject" element="loci.formats.in.MinimalTiffReader" />
			<role name="Request()" element="loci.formats.in.OperettaReader::openBytes(int, byte[], int, int, int, int):byte[]" />
		</instance>
		<instance>
			<role name="Proxy" element="loci.formats.in.PerkinElmerReader" />
			<role name="RealSubject" element="loci.formats.in.MinimalTiffReader" />
			<role name="Request()" element="loci.formats.in.PerkinElmerReader::get8BitLookupTable():byte[][]" />
			<role name="Request()" element="loci.formats.in.PerkinElmerReader::get16BitLookupTable():short[][]" />
			<role name="Request()" element="loci.formats.in.PerkinElmerReader::openBytes(int, byte[], int, int, int, int):byte[]" />
			<role name="Request()" element="loci.formats.in.PerkinElmerReader::close(boolean):void" />
			<role name="Request()" element="loci.formats.in.PerkinElmerReader::getOptimalTileWidth():int" />
			<role name="Request()" element="loci.formats.in.PerkinElmerReader::getOptimalTileHeight():int" />
		</instance>
		<instance>
			<role name="Proxy" element="loci.formats.in.ScanrReader" />
			<role name="RealSubject" element="loci.formats.in.MinimalTiffReader" />
			<role name="Request()" element="loci.formats.in.ScanrReader::openBytes(int, byte[], int, int, int, int):byte[]" />
		</instance>
		<instance>
			<role name="Proxy" element="loci.formats.in.TecanReader" />
			<role name="RealSubject" element="loci.formats.in.MinimalTiffReader" />
			<role name="Request()" element="loci.formats.in.TecanReader::close(boolean):void" />
			<role name="Request()" element="loci.formats.in.TecanReader::openBytes(int, byte[], int, int, int, int):byte[]" />
		</instance>
		<instance>
			<role name="Proxy" element="loci.formats.in.ZeissTIFFReader" />
			<role name="RealSubject" element="loci.formats.in.MinimalTiffReader" />
			<role name="Request()" element="loci.formats.in.ZeissTIFFReader::openBytes(int, byte[], int, int, int, int):byte[]" />
			<role name="Request()" element="loci.formats.in.ZeissTIFFReader::close(boolean):void" />
		</instance>
		<instance>
			<role name="Proxy" element="loci.formats.in.PCORAWReader" />
			<role name="RealSubject" element="loci.formats.in.TiffReader" />
			<role name="Request()" element="loci.formats.in.PCORAWReader::close(boolean):void" />
		</instance>
		<instance>
			<role name="Proxy" element="loci.formats.in.PrairieReader" />
			<role name="RealSubject" element="loci.formats.in.TiffReader" />
			<role name="Request()" element="loci.formats.in.PrairieReader::getSeriesUsedFiles(boolean):java.lang.String[]" />
			<role name="Request()" element="loci.formats.in.PrairieReader::close(boolean):void" />
		</instance>
		<instance>
			<role name="Proxy" element="loci.formats.in.FV1000Reader" />
			<role name="RealSubject" element="loci.formats.in.BMPReader" />
			<role name="Request()" element="loci.formats.in.FV1000Reader::close(boolean):void" />
		</instance>
		<instance>
			<role name="Proxy" element="loci.formats.in.OpenlabReader" />
			<role name="RealSubject" element="loci.formats.in.PictReader" />
			<role name="Request()" element="loci.formats.in.OpenlabReader::close(boolean):void" />
		</instance>
		<instance>
			<role name="Proxy" element="loci.formats.in.HitachiReader" />
			<role name="RealSubject" element="loci.formats.ImageReader" />
			<role name="Request()" element="loci.formats.in.HitachiReader::openBytes(int, byte[], int, int, int, int):byte[]" />
			<role name="Request()" element="loci.formats.in.HitachiReader::reopenFile():void" />
		</instance>
		<instance>
			<role name="Proxy" element="loci.formats.in.NRRDReader" />
			<role name="RealSubject" element="loci.formats.ImageReader" />
			<role name="Request()" element="loci.formats.in.NRRDReader::openBytes(int, byte[], int, int, int, int):byte[]" />
			<role name="Request()" element="loci.formats.in.NRRDReader::close(boolean):void" />
		</instance>
		<instance>
			<role name="Proxy" element="loci.formats.in.ZipReader" />
			<role name="RealSubject" element="loci.formats.ImageReader" />
			<role name="Request()" element="loci.formats.in.ZipReader::get8BitLookupTable():byte[][]" />
			<role name="Request()" element="loci.formats.in.ZipReader::get16BitLookupTable():short[][]" />
			<role name="Request()" element="loci.formats.in.ZipReader::setGroupFiles(boolean):void" />
			<role name="Request()" element="loci.formats.in.ZipReader::openBytes(int, byte[], int, int, int, int):byte[]" />
			<role name="Request()" element="loci.formats.in.ZipReader::close(boolean):void" />
		</instance>
		<instance>
			<role name="Proxy" element="loci.formats.in.FilePatternReader" />
			<role name="RealSubject" element="loci.formats.FileStitcher" />
			<role name="Request()" element="loci.formats.in.FilePatternReader::get8BitLookupTable():byte[][]" />
			<role name="Request()" element="loci.formats.in.FilePatternReader::get16BitLookupTable():short[][]" />
			<role name="Request()" element="loci.formats.in.FilePatternReader::getSeriesUsedFiles(boolean):java.lang.String[]" />
			<role name="Request()" element="loci.formats.in.FilePatternReader::getUsedFiles(boolean):java.lang.String[]" />
			<role name="Request()" element="loci.formats.in.FilePatternReader::getCoreMetadataList():java.util.List" />
		</instance>
		<instance>
			<role name="Proxy" element="loci.formats.in.AFIReader" />
			<role name="RealSubject" element="loci.formats.ChannelSeparator" />
			<role name="Request()" element="loci.formats.in.AFIReader::openThumbBytes(int):byte[]" />
			<role name="Request()" element="loci.formats.in.AFIReader::openBytes(int, byte[], int, int, int, int):byte[]" />
		</instance>
		<instance>
			<role name="Proxy" element="loci.formats.in.NDPISReader" />
			<role name="RealSubject" element="loci.formats.ChannelSeparator" />
			<role name="Request()" element="loci.formats.in.NDPISReader::openBytes(int, byte[], int, int, int, int):byte[]" />
		</instance>
	</pattern>
	<pattern name="Proxy2" />
	<pattern name="Chain of Responsibility" />
</system>

