<?xml version="1.0" encoding="UTF-8"?>
<system>
	<pattern name="Factory Method">
		<instance>
			<role name="Creator" element="org.github.jamm.MemoryMeterListener$Factory" />
			<role name="FactoryMethod()" element="org.github.jamm.MemoryMeterListener$Factory::newInstance():org.github.jamm.MemoryMeterListener" />
		</instance>
	</pattern>
	<pattern name="Prototype" />
	<pattern name="Singleton">
		<instance>
			<role name="Singleton" element="org.github.jamm.strategies.MemoryMeterStrategies" />
			<role name="uniqueInstance" element="org.github.jamm.strategies.MemoryMeterStrategies::instance:org.github.jamm.strategies.MemoryMeterStrategies" />
		</instance>
	</pattern>
	<pattern name="(Object)Adapter" />
	<pattern name="Command" />
	<pattern name="Composite" />
	<pattern name="Decorator">
		<instance>
			<role name="Component" element="org.github.jamm.strategies.MemoryLayoutBasedStrategy" />
			<role name="Decorator" element="org.github.jamm.strategies.PreJava15UnsafeStrategy" />
			<role name="component" element="org.github.jamm.strategies.PreJava15UnsafeStrategy::recordsStrategy:org.github.jamm.strategies.MemoryLayoutBasedStrategy" />
			<role name="Operation()" element="org.github.jamm.strategies.PreJava15UnsafeStrategy::measureInstance(java.lang.Object, java.lang.Class):long" />
		</instance>
		<instance>
			<role name="Component" element="org.github.jamm.strategies.MemoryLayoutBasedStrategy" />
			<role name="Decorator" element="org.github.jamm.strategies.UnsafeStrategy" />
			<role name="component" element="org.github.jamm.strategies.UnsafeStrategy::hiddenClassesOrRecordsStrategy:org.github.jamm.strategies.MemoryLayoutBasedStrategy" />
			<role name="Operation()" element="org.github.jamm.strategies.UnsafeStrategy::measureInstance(java.lang.Object, java.lang.Class):long" />
		</instance>
	</pattern>
	<pattern name="Observer" />
	<pattern name="State">
		<instance>
			<role name="Context" element="org.github.jamm.MeasurementStack" />
			<role name="State" element="org.github.jamm.MemoryMeterListener" />
			<role name="state" element="org.github.jamm.MeasurementStack::listener:org.github.jamm.MemoryMeterListener" />
			<role name="Request()" element="org.github.jamm.MeasurementStack::pushObject(java.lang.Object, java.lang.String, java.lang.Object):void" />
			<role name="Request()" element="org.github.jamm.MeasurementStack::pushRoot(java.lang.Object):void" />
			<role name="Request()" element="org.github.jamm.MeasurementStack::pushArrayElement(java.lang.Object[], int):void" />
		</instance>
		<instance>
			<role name="Context" element="org.github.jamm.MemoryMeter" />
			<role name="State" element="org.github.jamm.accessors.FieldAccessor" />
			<role name="state" element="org.github.jamm.MemoryMeter::ACCESSOR:org.github.jamm.accessors.FieldAccessor" />
			<role name="Request()" element="org.github.jamm.MemoryMeter::getFieldValue(java.lang.Object, java.lang.reflect.Field, org.github.jamm.MemoryMeterListener):java.lang.Object" />
		</instance>
		<instance>
			<role name="Context" element="org.github.jamm.MemoryMeter" />
			<role name="State" element="org.github.jamm.FieldAndClassFilter" />
			<role name="state" element="org.github.jamm.MemoryMeter::classFilter:org.github.jamm.FieldAndClassFilter" />
			<role name="Request()" element="org.github.jamm.MemoryMeter::measureDeep(java.lang.Object, org.github.jamm.MemoryMeter$ByteBufferMode):long" />
			<role name="Request()" element="org.github.jamm.MemoryMeter::addField(java.lang.Object, java.lang.reflect.Field, org.github.jamm.MeasurementStack):void" />
		</instance>
		<instance>
			<role name="Context" element="org.github.jamm.MemoryMeter" />
			<role name="State" element="org.github.jamm.FieldFilter" />
			<role name="state" element="org.github.jamm.MemoryMeter::fieldFilter:org.github.jamm.FieldFilter" />
			<role name="Request()" element="org.github.jamm.MemoryMeter::addDeclaredFields(java.lang.Object, java.lang.Class, org.github.jamm.MeasurementStack):void" />
		</instance>
		<instance>
			<role name="Context" element="org.github.jamm.Filters" />
			<role name="State" element="org.github.jamm.FieldFilter" />
			<role name="state" element="org.github.jamm.Filters::IGNORE_STATIC_AND_PRIMITIVE_FIELDS:org.github.jamm.FieldFilter" />
			<role name="state" element="org.github.jamm.Filters::IGNORE_CLEANER_FIELDS:org.github.jamm.FieldFilter" />
			<role name="state" element="org.github.jamm.Filters::IGNORE_THREAD_FIELDS:org.github.jamm.FieldFilter" />
			<role name="state" element="org.github.jamm.Filters::IGNORE_NON_STRONG_REFERENCES:org.github.jamm.FieldFilter" />
			<role name="state" element="org.github.jamm.Filters::IGNORE_OUTER_CLASS_REFERENCES:org.github.jamm.FieldFilter" />
			<role name="Request()" element="org.github.jamm.Filters::lambda$getFieldFilters$9(boolean, java.lang.Class, java.lang.reflect.Field):boolean" />
			<role name="Request()" element="org.github.jamm.Filters::lambda$getFieldFilters$8(boolean, java.lang.Class, java.lang.reflect.Field):boolean" />
			<role name="Request()" element="org.github.jamm.Filters::lambda$getFieldFilters$7(boolean, java.lang.Class, java.lang.reflect.Field):boolean" />
			<role name="Request()" element="org.github.jamm.Filters::lambda$getFieldFilters$6(boolean, java.lang.Class, java.lang.reflect.Field):boolean" />
		</instance>
		<instance>
			<role name="Context" element="org.github.jamm.MeasurementStack" />
			<role name="State" element="org.github.jamm.FieldAndClassFilter" />
			<role name="state" element="org.github.jamm.MeasurementStack::classFilter:org.github.jamm.FieldAndClassFilter" />
			<role name="Request()" element="org.github.jamm.MeasurementStack::pushArrayElement(java.lang.Object[], int):void" />
		</instance>
		<instance>
			<role name="Context" element="org.github.jamm.MemoryMeter" />
			<role name="State" element="org.github.jamm.MemoryMeterListener$Factory" />
			<role name="state" element="org.github.jamm.MemoryMeter::listenerFactory:org.github.jamm.MemoryMeterListener$Factory" />
			<role name="Request()" element="org.github.jamm.MemoryMeter::measureDeep(java.lang.Object, org.github.jamm.MemoryMeter$ByteBufferMode):long" />
		</instance>
	</pattern>
	<pattern name="Strategy">
		<instance>
			<role name="Context" element="org.github.jamm.MemoryMeter" />
			<role name="Strategy" element="org.github.jamm.MemoryMeterStrategy" />
			<role name="strategy" element="org.github.jamm.MemoryMeter::strategy:org.github.jamm.MemoryMeterStrategy" />
			<role name="ContextInterface()" element="org.github.jamm.MemoryMeter::measure(java.lang.Object):long" />
			<role name="ContextInterface()" element="org.github.jamm.MemoryMeter::measureDeep(java.lang.Object, org.github.jamm.MemoryMeter$ByteBufferMode):long" />
		</instance>
	</pattern>
	<pattern name="Bridge" />
	<pattern name="Template Method">
		<instance>
			<role name="AbstractClass" element="org.github.jamm.strategies.MemoryLayoutBasedStrategy" />
			<role name="TemplateMethod()" element="org.github.jamm.strategies.MemoryLayoutBasedStrategy::measure(java.lang.Object):long" />
		</instance>
		<instance>
			<role name="AbstractClass" element="org.github.jamm.string.StringMeter" />
			<role name="TemplateMethod()" element="org.github.jamm.string.StringMeter::measureDeep(org.github.jamm.MemoryMeterStrategy, java.lang.String):long" />
		</instance>
	</pattern>
	<pattern name="Visitor" />
	<pattern name="Proxy" />
	<pattern name="Proxy2" />
	<pattern name="Chain of Responsibility" />
</system>

