<?xml version="1.0" encoding="UTF-8"?>
<system>
	<pattern name="Factory Method" />
	<pattern name="Prototype" />
	<pattern name="Singleton">
		<instance>
			<role name="Singleton" element="com.github.sarxos.webcam.WebcamExceptionHandler" />
			<role name="uniqueInstance" element="com.github.sarxos.webcam.WebcamExceptionHandler::INSTANCE:com.github.sarxos.webcam.WebcamExceptionHandler" />
		</instance>
		<instance>
			<role name="Singleton" element="com.github.sarxos.webcam.WebcamProcessor" />
			<role name="uniqueInstance" element="com.github.sarxos.webcam.WebcamProcessor::INSTANCE:com.github.sarxos.webcam.WebcamProcessor" />
		</instance>
	</pattern>
	<pattern name="(Object)Adapter">
		<instance>
			<role name="Adaptee" element="com.github.sarxos.webcam.Webcam" />
			<role name="Adapter" element="com.github.sarxos.webcam.WebcamPanel" />
			<role name="adaptee" element="com.github.sarxos.webcam.WebcamPanel::webcam:com.github.sarxos.webcam.Webcam" />
			<role name="Request()" element="com.github.sarxos.webcam.WebcamPanel::webcamOpen(com.github.sarxos.webcam.WebcamEvent):void" />
		</instance>
		<instance>
			<role name="Adaptee" element="com.github.sarxos.webcam.ds.buildin.natives.Device" />
			<role name="Adapter" element="com.github.sarxos.webcam.ds.buildin.WebcamDefaultDevice" />
			<role name="adaptee" element="com.github.sarxos.webcam.ds.buildin.WebcamDefaultDevice::device:com.github.sarxos.webcam.ds.buildin.natives.Device" />
			<role name="Request()" element="com.github.sarxos.webcam.ds.buildin.WebcamDefaultDevice::open():void" />
		</instance>
		<instance>
			<role name="Adaptee" element="com.github.sarxos.webcam.ds.buildin.natives.OpenIMAJGrabber" />
			<role name="Adapter" element="com.github.sarxos.webcam.ds.buildin.WebcamDefaultDevice" />
			<role name="adaptee" element="com.github.sarxos.webcam.ds.buildin.WebcamDefaultDevice::grabber:com.github.sarxos.webcam.ds.buildin.natives.OpenIMAJGrabber" />
			<role name="Request()" element="com.github.sarxos.webcam.ds.buildin.WebcamDefaultDevice::open():void" />
			<role name="Request()" element="com.github.sarxos.webcam.ds.buildin.WebcamDefaultDevice::close():void" />
			<role name="Request()" element="com.github.sarxos.webcam.ds.buildin.WebcamDefaultDevice::getImageBytes():java.nio.ByteBuffer" />
			<role name="Request()" element="com.github.sarxos.webcam.ds.buildin.WebcamDefaultDevice::getImageBytes(java.nio.ByteBuffer):void" />
		</instance>
		<instance>
			<role name="Adaptee" element="com.github.sarxos.webcam.ds.jmf.JmfDevice$PlayerStarter" />
			<role name="Adapter" element="com.github.sarxos.webcam.ds.jmf.JmfDevice" />
			<role name="adaptee" element="com.github.sarxos.webcam.ds.jmf.JmfDevice::starter:com.github.sarxos.webcam.ds.jmf.JmfDevice$PlayerStarter" />
			<role name="Request()" element="com.github.sarxos.webcam.ds.jmf.JmfDevice::open():void" />
		</instance>
		<instance>
			<role name="Adaptee" element="com.github.sarxos.webcam.util.MjpegInputStream" />
			<role name="Adapter" element="com.github.sarxos.webcam.ds.mjpeg.MjpegCaptureDevice" />
			<role name="adaptee" element="com.github.sarxos.webcam.ds.mjpeg.MjpegCaptureDevice::stream:com.github.sarxos.webcam.util.MjpegInputStream" />
			<role name="Request()" element="com.github.sarxos.webcam.ds.mjpeg.MjpegCaptureDevice::getImage():java.awt.image.BufferedImage" />
			<role name="Request()" element="com.github.sarxos.webcam.ds.mjpeg.MjpegCaptureDevice::close():void" />
		</instance>
		<instance>
			<role name="Adaptee" element="com.github.sarxos.webcam.util.WebcamInitializer" />
			<role name="Adapter" element="com.github.sarxos.webcam.ds.gst1.Gst1Device" />
			<role name="adaptee" element="com.github.sarxos.webcam.ds.gst1.Gst1Device::initializer:com.github.sarxos.webcam.util.WebcamInitializer" />
			<role name="Request()" element="com.github.sarxos.webcam.ds.gst1.Gst1Device::open():void" />
			<role name="Request()" element="com.github.sarxos.webcam.ds.gst1.Gst1Device::getImage():java.awt.image.BufferedImage" />
			<role name="Request()" element="com.github.sarxos.webcam.ds.gst1.Gst1Device::close():void" />
			<role name="Request()" element="com.github.sarxos.webcam.ds.gst1.Gst1Device::dispose():void" />
		</instance>
		<instance>
			<role name="Adaptee" element="com.github.sarxos.webcam.ds.buildin.natives.OpenIMAJGrabber" />
			<role name="Adapter" element="com.github.sarxos.webcam.ds.buildin.WebcamDefaultDriver$GetDevicesTask" />
			<role name="adaptee" element="com.github.sarxos.webcam.ds.buildin.WebcamDefaultDriver$GetDevicesTask::grabber:com.github.sarxos.webcam.ds.buildin.natives.OpenIMAJGrabber" />
			<role name="Request()" element="com.github.sarxos.webcam.ds.buildin.WebcamDefaultDriver$GetDevicesTask::handle():void" />
		</instance>
		<instance>
			<role name="Adaptee" element="com.github.sarxos.webcam.ds.fswebcam.impl.VideoDeviceFilenameFilter" />
			<role name="Adapter" element="com.github.sarxos.webcam.ds.fswebcam.FsWebcamDriver" />
			<role name="adaptee" element="com.github.sarxos.webcam.ds.fswebcam.FsWebcamDriver::VFFILTER:com.github.sarxos.webcam.ds.fswebcam.impl.VideoDeviceFilenameFilter" />
			<role name="Request()" element="com.github.sarxos.webcam.ds.fswebcam.FsWebcamDriver::getDevices():java.util.List" />
		</instance>
		<instance>
			<role name="Adaptee" element="com.github.sarxos.webcam.util.jh.JHBlurFilter" />
			<role name="Adapter" element="com.github.sarxos.webcam.WebcamMotionDetectorDefaultAlgorithm" />
			<role name="adaptee" element="com.github.sarxos.webcam.WebcamMotionDetectorDefaultAlgorithm::blur:com.github.sarxos.webcam.util.jh.JHBlurFilter" />
			<role name="Request()" element="com.github.sarxos.webcam.WebcamMotionDetectorDefaultAlgorithm::filter(java.awt.image.BufferedImage):java.awt.image.BufferedImage" />
		</instance>
		<instance>
			<role name="Adaptee" element="com.github.sarxos.webcam.util.jh.JHGrayFilter" />
			<role name="Adapter" element="com.github.sarxos.webcam.WebcamMotionDetectorDefaultAlgorithm" />
			<role name="adaptee" element="com.github.sarxos.webcam.WebcamMotionDetectorDefaultAlgorithm::gray:com.github.sarxos.webcam.util.jh.JHGrayFilter" />
			<role name="Request()" element="com.github.sarxos.webcam.WebcamMotionDetectorDefaultAlgorithm::filter(java.awt.image.BufferedImage):java.awt.image.BufferedImage" />
		</instance>
		<instance>
			<role name="Adaptee" element="com.github.sarxos.webcam.Webcam" />
			<role name="Adapter" element="com.github.sarxos.webcam.WebcamPanel$DefaultImageSupplier" />
			<role name="adaptee" element="com.github.sarxos.webcam.WebcamPanel$DefaultImageSupplier::webcam:com.github.sarxos.webcam.Webcam" />
			<role name="Request()" element="com.github.sarxos.webcam.WebcamPanel$DefaultImageSupplier::get():java.awt.image.BufferedImage" />
		</instance>
	</pattern>
	<pattern name="Command" />
	<pattern name="Composite">
		<instance>
			<role name="Component" element="com.github.sarxos.webcam.WebcamDriver" />
			<role name="Composite" element="com.github.sarxos.webcam.WebcamCompositeDriver" />
			<role name="Operation()" element="com.github.sarxos.webcam.WebcamCompositeDriver::getDevices():java.util.List" />
			<role name="Operation()" element="com.github.sarxos.webcam.WebcamCompositeDriver::isThreadSafe():boolean" />
		</instance>
	</pattern>
	<pattern name="Decorator" />
	<pattern name="Observer">
		<instance>
			<role name="Observer" element="com.github.sarxos.webcam.WebcamListener" />
			<role name="Subject" element="com.github.sarxos.webcam.Webcam" />
			<role name="Notify()" element="com.github.sarxos.webcam.Webcam::open(boolean, com.github.sarxos.webcam.WebcamUpdater$DelayCalculator):boolean" />
			<role name="Notify()" element="com.github.sarxos.webcam.Webcam::close():boolean" />
			<role name="Notify()" element="com.github.sarxos.webcam.Webcam::dispose():void" />
		</instance>
		<instance>
			<role name="Observer" element="com.github.sarxos.webcam.WebcamMotionListener" />
			<role name="Subject" element="com.github.sarxos.webcam.WebcamMotionDetector" />
			<role name="Notify()" element="com.github.sarxos.webcam.WebcamMotionDetector::notifyMotionListeners(java.awt.image.BufferedImage):void" />
		</instance>
	</pattern>
	<pattern name="State">
		<instance>
			<role name="Context" element="com.github.sarxos.webcam.Webcam" />
			<role name="State" element="com.github.sarxos.webcam.WebcamDevice" />
			<role name="state" element="com.github.sarxos.webcam.Webcam::device:com.github.sarxos.webcam.WebcamDevice" />
			<role name="Request()" element="com.github.sarxos.webcam.Webcam::getViewSize():java.awt.Dimension" />
			<role name="Request()" element="com.github.sarxos.webcam.Webcam::getViewSizes():java.awt.Dimension[]" />
			<role name="Request()" element="com.github.sarxos.webcam.Webcam::setViewSize(java.awt.Dimension):void" />
			<role name="Request()" element="com.github.sarxos.webcam.Webcam::getName():java.lang.String" />
		</instance>
		<instance>
			<role name="State" element="com.github.sarxos.webcam.WebcamDriver" />
			<role name="Context" element="com.github.sarxos.webcam.WebcamDiscoveryService" />
			<role name="state" element="com.github.sarxos.webcam.WebcamDiscoveryService::driver:com.github.sarxos.webcam.WebcamDriver" />
			<role name="Request()" element="com.github.sarxos.webcam.WebcamDiscoveryService::scan():void" />
		</instance>
		<instance>
			<role name="State" element="com.github.sarxos.webcam.WebcamDriver" />
			<role name="Context" element="com.github.sarxos.webcam.WebcamDiscoveryService$WebcamsDiscovery" />
			<role name="state" element="com.github.sarxos.webcam.WebcamDiscoveryService$WebcamsDiscovery::driver:com.github.sarxos.webcam.WebcamDriver" />
			<role name="Request()" element="com.github.sarxos.webcam.WebcamDiscoveryService$WebcamsDiscovery::call():java.util.List" />
		</instance>
		<instance>
			<role name="Context" element="com.github.sarxos.webcam.WebcamPanel" />
			<role name="State" element="com.github.sarxos.webcam.WebcamPanel$Painter" />
			<role name="state" element="com.github.sarxos.webcam.WebcamPanel::painter:com.github.sarxos.webcam.WebcamPanel$Painter" />
			<role name="Request()" element="com.github.sarxos.webcam.WebcamPanel::paintComponent(java.awt.Graphics):void" />
		</instance>
		<instance>
			<role name="Context" element="com.github.sarxos.webcam.WebcamMotionDetector" />
			<role name="State" element="com.github.sarxos.webcam.WebcamMotionDetectorAlgorithm" />
			<role name="state" element="com.github.sarxos.webcam.WebcamMotionDetector::algorithm:com.github.sarxos.webcam.WebcamMotionDetectorAlgorithm" />
			<role name="Request()" element="com.github.sarxos.webcam.WebcamMotionDetector::detect():void" />
			<role name="Request()" element="com.github.sarxos.webcam.WebcamMotionDetector::notifyMotionListeners(java.awt.image.BufferedImage):void" />
			<role name="Request()" element="com.github.sarxos.webcam.WebcamMotionDetector::getMotionArea():double" />
			<role name="Request()" element="com.github.sarxos.webcam.WebcamMotionDetector::getMotionCog():java.awt.Point" />
			<role name="Request()" element="com.github.sarxos.webcam.WebcamMotionDetector::setMaxMotionPoints(int):void" />
			<role name="Request()" element="com.github.sarxos.webcam.WebcamMotionDetector::getMaxMotionPoints():int" />
			<role name="Request()" element="com.github.sarxos.webcam.WebcamMotionDetector::setPointRange(int):void" />
			<role name="Request()" element="com.github.sarxos.webcam.WebcamMotionDetector::getPointRange():int" />
		</instance>
		<instance>
			<role name="Context" element="com.github.sarxos.webcam.WebcamDiscoveryService" />
			<role name="State" element="com.github.sarxos.webcam.WebcamDiscoverySupport" />
			<role name="state" element="com.github.sarxos.webcam.WebcamDiscoveryService::support:com.github.sarxos.webcam.WebcamDiscoverySupport" />
			<role name="Request()" element="com.github.sarxos.webcam.WebcamDiscoveryService::run():void" />
		</instance>
		<instance>
			<role name="Context" element="com.github.sarxos.webcam.util.WebcamInitializer" />
			<role name="State" element="com.github.sarxos.webcam.util.Initializable" />
			<role name="state" element="com.github.sarxos.webcam.util.WebcamInitializer::initializable:com.github.sarxos.webcam.util.Initializable" />
			<role name="Request()" element="com.github.sarxos.webcam.util.WebcamInitializer::initialize():void" />
			<role name="Request()" element="com.github.sarxos.webcam.util.WebcamInitializer::teardown():void" />
		</instance>
		<instance>
			<role name="Context" element="com.github.sarxos.webcam.WebcamUpdater" />
			<role name="State" element="com.github.sarxos.webcam.WebcamUpdater$DelayCalculator" />
			<role name="state" element="com.github.sarxos.webcam.WebcamUpdater::delayCalculator:com.github.sarxos.webcam.WebcamUpdater$DelayCalculator" />
			<role name="Request()" element="com.github.sarxos.webcam.WebcamUpdater::tick():void" />
		</instance>
	</pattern>
	<pattern name="Strategy" />
	<pattern name="Bridge" />
	<pattern name="Template Method">
		<instance>
			<role name="AbstractClass" element="com.github.sarxos.webcam.WebcamTask" />
			<role name="TemplateMethod()" element="com.github.sarxos.webcam.WebcamTask::process():void" />
		</instance>
	</pattern>
	<pattern name="Visitor" />
	<pattern name="Proxy" />
	<pattern name="Proxy2" />
	<pattern name="Chain of Responsibility" />
</system>

