<?xml version="1.0" encoding="UTF-8"?>
<system>
	<pattern name="Factory Method" />
	<pattern name="Prototype" />
	<pattern name="Singleton">
		<instance>
			<role name="Singleton" element="io.restassured.path.xml.config.XmlParserType" />
			<role name="uniqueInstance" element="io.restassured.path.xml.config.XmlParserType::JAXB:io.restassured.path.xml.config.XmlParserType" />
		</instance>
	</pattern>
	<pattern name="(Object)Adapter">
		<instance>
			<role name="Adaptee" element="io.restassured.path.json.mapper.factory.GsonObjectMapperFactory" />
			<role name="Adapter" element="io.restassured.internal.path.json.mapping.JsonPathGsonObjectDeserializer" />
			<role name="adaptee" element="io.restassured.internal.path.json.mapping.JsonPathGsonObjectDeserializer::factory:io.restassured.path.json.mapper.factory.GsonObjectMapperFactory" />
			<role name="Request()" element="io.restassured.internal.path.json.mapping.JsonPathGsonObjectDeserializer::deserialize():java.lang.Object" />
		</instance>
		<instance>
			<role name="Adaptee" element="io.restassured.path.json.mapper.factory.JohnzonObjectMapperFactory" />
			<role name="Adapter" element="io.restassured.internal.path.json.mapping.JsonPathJohnzonObjectDeserializer" />
			<role name="adaptee" element="io.restassured.internal.path.json.mapping.JsonPathJohnzonObjectDeserializer::factory:io.restassured.path.json.mapper.factory.JohnzonObjectMapperFactory" />
			<role name="Request()" element="io.restassured.internal.path.json.mapping.JsonPathJohnzonObjectDeserializer::deserialize():java.lang.Object" />
		</instance>
		<instance>
			<role name="Adaptee" element="io.restassured.path.json.mapper.factory.JsonbObjectMapperFactory" />
			<role name="Adapter" element="io.restassured.internal.path.json.mapping.JsonPathJsonbObjectDeserializer" />
			<role name="adaptee" element="io.restassured.internal.path.json.mapping.JsonPathJsonbObjectDeserializer::factory:io.restassured.path.json.mapper.factory.JsonbObjectMapperFactory" />
			<role name="Request()" element="io.restassured.internal.path.json.mapping.JsonPathJsonbObjectDeserializer::deserialize():java.lang.Object" />
		</instance>
	</pattern>
	<pattern name="Command" />
	<pattern name="Composite" />
	<pattern name="Decorator" />
	<pattern name="Observer" />
	<pattern name="State" />
	<pattern name="Strategy" />
	<pattern name="Bridge" />
	<pattern name="Template Method">
		<instance>
			<role name="AbstractClass" element="io.restassured.path.json.JsonPath$ExceptionCatcher" />
			<role name="TemplateMethod()" element="io.restassured.path.json.JsonPath$ExceptionCatcher::invoke():java.lang.Object" />
		</instance>
		<instance>
			<role name="AbstractClass" element="io.restassured.path.json.JsonPath$JsonParser" />
			<role name="TemplateMethod()" element="io.restassured.path.json.JsonPath$JsonParser::parseWith(io.restassured.internal.path.json.ConfigurableJsonSlurper):java.lang.Object" />
		</instance>
		<instance>
			<role name="AbstractClass" element="io.restassured.module.jsv.JsonSchemaValidator$JsonSchemaValidatorFactory" />
			<role name="TemplateMethod()" element="io.restassured.module.jsv.JsonSchemaValidator$JsonSchemaValidatorFactory::create(T):io.restassured.module.jsv.JsonSchemaValidator" />
		</instance>
		<instance>
			<role name="AbstractClass" element="io.restassured.path.xml.XmlPath$LazyXmlParser" />
			<role name="TemplateMethod()" element="io.restassured.path.xml.XmlPath$LazyXmlParser::invoke():groovy.xml.slurpersupport.GPathResult" />
		</instance>
	</pattern>
	<pattern name="Visitor" />
	<pattern name="Proxy" />
	<pattern name="Proxy2" />
	<pattern name="Chain of Responsibility" />
</system>

