<?xml version="1.0" encoding="UTF-8"?>
<system>
	<pattern name="Factory Method">
		<instance>
			<role name="Creator" element="org.jacoco.report.internal.AbstractGroupVisitor" />
			<role name="FactoryMethod()" element="org.jacoco.report.internal.AbstractGroupVisitor::handleGroup(java.lang.String):org.jacoco.report.internal.AbstractGroupVisitor" />
		</instance>
		<instance>
			<role name="Creator" element="org.jacoco.core.internal.flow.ClassProbesVisitor" />
			<role name="FactoryMethod()" element="org.jacoco.core.internal.flow.ClassProbesVisitor::visitMethod(int, java.lang.String, java.lang.String, java.lang.String, java.lang.String[]):org.jacoco.core.internal.flow.MethodProbesVisitor" />
		</instance>
		<instance>
			<role name="Creator" element="org.jacoco.core.analysis.ICoverageNode" />
			<role name="FactoryMethod()" element="org.jacoco.core.analysis.ICoverageNode::getPlainCopy():org.jacoco.core.analysis.ICoverageNode" />
		</instance>
		<instance>
			<role name="Creator" element="org.jacoco.report.IReportGroupVisitor" />
			<role name="FactoryMethod()" element="org.jacoco.report.IReportGroupVisitor::visitGroup(java.lang.String):org.jacoco.report.IReportGroupVisitor" />
		</instance>
	</pattern>
	<pattern name="Prototype" />
	<pattern name="Singleton">
		<instance>
			<role name="Singleton" element="org.jacoco.agent.rt.internal.Agent" />
			<role name="uniqueInstance" element="org.jacoco.agent.rt.internal.Agent::singleton:org.jacoco.agent.rt.internal.Agent" />
		</instance>
		<instance>
			<role name="Singleton" element="org.jacoco.core.internal.flow.FrameSnapshot" />
			<role name="uniqueInstance" element="org.jacoco.core.internal.flow.FrameSnapshot::NOP:org.jacoco.core.internal.flow.FrameSnapshot" />
		</instance>
		<instance>
			<role name="Singleton" element="org.jacoco.agent.rt.internal.IExceptionLogger" />
			<role name="uniqueInstance" element="org.jacoco.agent.rt.internal.IExceptionLogger::SYSTEM_ERR:org.jacoco.agent.rt.internal.IExceptionLogger" />
		</instance>
		<instance>
			<role name="Singleton" element="org.jacoco.core.internal.analysis.LineImpl" />
			<role name="uniqueInstance" element="org.jacoco.core.internal.analysis.LineImpl::EMPTY:org.jacoco.core.internal.analysis.LineImpl" />
		</instance>
	</pattern>
	<pattern name="(Object)Adapter">
		<instance>
			<role name="Adaptee" element="org.jacoco.core.internal.data.CompactDataOutput" />
			<role name="Adapter" element="org.jacoco.core.data.ExecutionDataWriter" />
			<role name="adaptee" element="org.jacoco.core.data.ExecutionDataWriter::out:org.jacoco.core.internal.data.CompactDataOutput" />
			<role name="Request()" element="org.jacoco.core.data.ExecutionDataWriter::visitSessionInfo(org.jacoco.core.data.SessionInfo):void" />
			<role name="Request()" element="org.jacoco.core.data.ExecutionDataWriter::visitClassExecution(org.jacoco.core.data.ExecutionData):void" />
		</instance>
		<instance>
			<role name="Adaptee" element="org.jacoco.core.runtime.RuntimeData" />
			<role name="Adapter" element="org.jacoco.agent.rt.internal.Agent" />
			<role name="adaptee" element="org.jacoco.agent.rt.internal.Agent::data:org.jacoco.core.runtime.RuntimeData" />
			<role name="Request()" element="org.jacoco.agent.rt.internal.Agent::getSessionId():java.lang.String" />
			<role name="Request()" element="org.jacoco.agent.rt.internal.Agent::setSessionId(java.lang.String):void" />
			<role name="Request()" element="org.jacoco.agent.rt.internal.Agent::reset():void" />
			<role name="Request()" element="org.jacoco.agent.rt.internal.Agent::getExecutionData(boolean):byte[]" />
		</instance>
		<instance>
			<role name="Adaptee" element="org.jacoco.core.runtime.RuntimeData" />
			<role name="Adapter" element="org.jacoco.agent.rt.internal.output.FileOutput" />
			<role name="adaptee" element="org.jacoco.agent.rt.internal.output.FileOutput::data:org.jacoco.core.runtime.RuntimeData" />
			<role name="Request()" element="org.jacoco.agent.rt.internal.output.FileOutput::writeExecutionData(boolean):void" />
		</instance>
		<instance>
			<role name="Adaptee" element="org.jacoco.core.internal.analysis.CounterImpl" />
			<role name="Adapter" element="org.jacoco.core.analysis.CoverageNodeImpl" />
			<role name="adaptee" element="org.jacoco.core.analysis.CoverageNodeImpl::instructionCounter:org.jacoco.core.internal.analysis.CounterImpl" />
			<role name="adaptee" element="org.jacoco.core.analysis.CoverageNodeImpl::branchCounter:org.jacoco.core.internal.analysis.CounterImpl" />
			<role name="adaptee" element="org.jacoco.core.analysis.CoverageNodeImpl::lineCounter:org.jacoco.core.internal.analysis.CounterImpl" />
			<role name="adaptee" element="org.jacoco.core.analysis.CoverageNodeImpl::complexityCounter:org.jacoco.core.internal.analysis.CounterImpl" />
			<role name="adaptee" element="org.jacoco.core.analysis.CoverageNodeImpl::methodCounter:org.jacoco.core.internal.analysis.CounterImpl" />
			<role name="adaptee" element="org.jacoco.core.analysis.CoverageNodeImpl::classCounter:org.jacoco.core.internal.analysis.CounterImpl" />
			<role name="Request()" element="org.jacoco.core.analysis.CoverageNodeImpl::getPlainCopy():org.jacoco.core.analysis.ICoverageNode" />
		</instance>
		<instance>
			<role name="Adaptee" element="org.jacoco.report.internal.ReportOutputFolder" />
			<role name="Adapter" element="org.jacoco.report.internal.html.page.ReportPage" />
			<role name="adaptee" element="org.jacoco.report.internal.html.page.ReportPage::folder:org.jacoco.report.internal.ReportOutputFolder" />
			<role name="Request()" element="org.jacoco.report.internal.html.page.ReportPage::getLink(org.jacoco.report.internal.ReportOutputFolder):java.lang.String" />
		</instance>
		<instance>
			<role name="Adaptee" element="org.jacoco.report.internal.ReportOutputFolder" />
			<role name="Adapter" element="org.jacoco.report.internal.html.HTMLGroupVisitor" />
			<role name="adaptee" element="org.jacoco.report.internal.html.HTMLGroupVisitor::folder:org.jacoco.report.internal.ReportOutputFolder" />
			<role name="Request()" element="org.jacoco.report.internal.html.HTMLGroupVisitor::handleBundle(org.jacoco.core.analysis.IBundleCoverage, org.jacoco.report.ISourceFileLocator):void" />
			<role name="Request()" element="org.jacoco.report.internal.html.HTMLGroupVisitor::handleGroup(java.lang.String):org.jacoco.report.internal.AbstractGroupVisitor" />
		</instance>
		<instance>
			<role name="Adaptee" element="org.jacoco.report.csv.ClassRowWriter" />
			<role name="Adapter" element="org.jacoco.report.csv.CSVGroupHandler" />
			<role name="adaptee" element="org.jacoco.report.csv.CSVGroupHandler::writer:org.jacoco.report.csv.ClassRowWriter" />
			<role name="Request()" element="org.jacoco.report.csv.CSVGroupHandler::visitBundle(org.jacoco.core.analysis.IBundleCoverage, org.jacoco.report.ISourceFileLocator):void" />
		</instance>
		<instance>
			<role name="Adaptee" element="org.jacoco.report.internal.html.HTMLGroupVisitor" />
			<role name="Adapter" element="org.jacoco.report.html.HTMLFormatter$1" />
			<role name="adaptee" element="org.jacoco.report.html.HTMLFormatter$1::groupHandler:org.jacoco.report.internal.html.HTMLGroupVisitor" />
			<role name="Request()" element="org.jacoco.report.html.HTMLFormatter$1::visitEnd():void" />
		</instance>
		<instance>
			<role name="Adaptee" element="org.jacoco.report.internal.xml.XMLGroupVisitor" />
			<role name="Adapter" element="org.jacoco.report.xml.XMLFormatter$1RootVisitor" />
			<role name="adaptee" element="org.jacoco.report.xml.XMLFormatter$1RootVisitor::groupVisitor:org.jacoco.report.internal.xml.XMLGroupVisitor" />
			<role name="Request()" element="org.jacoco.report.xml.XMLFormatter$1RootVisitor::visitEnd():void" />
		</instance>
		<instance>
			<role name="Adaptee" element="org.jacoco.core.internal.analysis.ClassCoverageImpl" />
			<role name="Adapter" element="org.jacoco.core.internal.analysis.ClassAnalyzer" />
			<role name="adaptee" element="org.jacoco.core.internal.analysis.ClassAnalyzer::coverage:org.jacoco.core.internal.analysis.ClassCoverageImpl" />
			<role name="Request()" element="org.jacoco.core.internal.analysis.ClassAnalyzer::getClassName():java.lang.String" />
			<role name="Request()" element="org.jacoco.core.internal.analysis.ClassAnalyzer::getSuperClassName():java.lang.String" />
			<role name="Request()" element="org.jacoco.core.internal.analysis.ClassAnalyzer::getSourceFileName():java.lang.String" />
			<role name="Request()" element="org.jacoco.core.internal.analysis.ClassAnalyzer::visitMethod(int, java.lang.String, java.lang.String, java.lang.String, java.lang.String[]):org.jacoco.core.internal.flow.MethodProbesVisitor" />
		</instance>
		<instance>
			<role name="Adaptee" element="org.jacoco.core.runtime.RuntimeData" />
			<role name="Adapter" element="org.jacoco.agent.rt.internal.output.TcpConnection" />
			<role name="adaptee" element="org.jacoco.agent.rt.internal.output.TcpConnection::data:org.jacoco.core.runtime.RuntimeData" />
			<role name="Request()" element="org.jacoco.agent.rt.internal.output.TcpConnection::visitDumpCommand(boolean, boolean):void" />
		</instance>
		<instance>
			<role name="Adaptee" element="org.jacoco.core.internal.analysis.CounterImpl" />
			<role name="Adapter" element="org.jacoco.core.internal.analysis.LineImpl" />
			<role name="adaptee" element="org.jacoco.core.internal.analysis.LineImpl::instructions:org.jacoco.core.internal.analysis.CounterImpl" />
			<role name="adaptee" element="org.jacoco.core.internal.analysis.LineImpl::branches:org.jacoco.core.internal.analysis.CounterImpl" />
			<role name="Request()" element="org.jacoco.core.internal.analysis.LineImpl::getStatus():int" />
		</instance>
		<instance>
			<role name="Adaptee" element="org.jacoco.agent.rt.internal.output.IAgentOutput" />
			<role name="Adapter" element="org.jacoco.agent.rt.internal.Agent" />
			<role name="adaptee" element="org.jacoco.agent.rt.internal.Agent::output:org.jacoco.agent.rt.internal.output.IAgentOutput" />
			<role name="Request()" element="org.jacoco.agent.rt.internal.Agent::dump(boolean):void" />
		</instance>
		<instance>
			<role name="Adaptee" element="org.jacoco.agent.rt.internal.output.TcpConnection" />
			<role name="Adapter" element="org.jacoco.agent.rt.internal.output.TcpClientOutput" />
			<role name="adaptee" element="org.jacoco.agent.rt.internal.output.TcpClientOutput::connection:org.jacoco.agent.rt.internal.output.TcpConnection" />
			<role name="Request()" element="org.jacoco.agent.rt.internal.output.TcpClientOutput::startup(org.jacoco.core.runtime.AgentOptions, org.jacoco.core.runtime.RuntimeData):void" />
			<role name="Request()" element="org.jacoco.agent.rt.internal.output.TcpClientOutput::shutdown():void" />
			<role name="Request()" element="org.jacoco.agent.rt.internal.output.TcpClientOutput::writeExecutionData(boolean):void" />
		</instance>
		<instance>
			<role name="Adaptee" element="org.jacoco.agent.rt.internal.output.TcpConnection" />
			<role name="Adapter" element="org.jacoco.agent.rt.internal.output.TcpServerOutput" />
			<role name="adaptee" element="org.jacoco.agent.rt.internal.output.TcpServerOutput::connection:org.jacoco.agent.rt.internal.output.TcpConnection" />
			<role name="Request()" element="org.jacoco.agent.rt.internal.output.TcpServerOutput::shutdown():void" />
			<role name="Request()" element="org.jacoco.agent.rt.internal.output.TcpServerOutput::writeExecutionData(boolean):void" />
		</instance>
		<instance>
			<role name="Adaptee" element="org.jacoco.report.internal.html.page.GroupPage" />
			<role name="Adapter" element="org.jacoco.report.internal.html.HTMLGroupVisitor" />
			<role name="adaptee" element="org.jacoco.report.internal.html.HTMLGroupVisitor::page:org.jacoco.report.internal.html.page.GroupPage" />
			<role name="Request()" element="org.jacoco.report.internal.html.HTMLGroupVisitor::handleBundle(org.jacoco.core.analysis.IBundleCoverage, org.jacoco.report.ISourceFileLocator):void" />
			<role name="Request()" element="org.jacoco.report.internal.html.HTMLGroupVisitor::handleGroup(java.lang.String):org.jacoco.report.internal.AbstractGroupVisitor" />
			<role name="Request()" element="org.jacoco.report.internal.html.HTMLGroupVisitor::handleEnd():void" />
		</instance>
		<instance>
			<role name="Adaptee" element="org.jacoco.core.runtime.IExecutionDataAccessorGenerator" />
			<role name="Adapter" element="org.jacoco.core.internal.instr.CondyProbeArrayStrategy" />
			<role name="adaptee" element="org.jacoco.core.internal.instr.CondyProbeArrayStrategy::accessorGenerator:org.jacoco.core.runtime.IExecutionDataAccessorGenerator" />
			<role name="Request()" element="org.jacoco.core.internal.instr.CondyProbeArrayStrategy::addMembers(org.objectweb.asm.ClassVisitor, int):void" />
		</instance>
		<instance>
			<role name="Adaptee" element="org.jacoco.core.runtime.IExecutionDataAccessorGenerator" />
			<role name="Adapter" element="org.jacoco.core.internal.instr.InterfaceFieldProbeArrayStrategy" />
			<role name="adaptee" element="org.jacoco.core.internal.instr.InterfaceFieldProbeArrayStrategy::accessorGenerator:org.jacoco.core.runtime.IExecutionDataAccessorGenerator" />
			<role name="Request()" element="org.jacoco.core.internal.instr.InterfaceFieldProbeArrayStrategy::storeInstance(org.objectweb.asm.MethodVisitor, boolean, int):int" />
		</instance>
		<instance>
			<role name="Adaptee" element="org.jacoco.core.runtime.IExecutionDataAccessorGenerator" />
			<role name="Adapter" element="org.jacoco.core.internal.instr.LocalProbeArrayStrategy" />
			<role name="adaptee" element="org.jacoco.core.internal.instr.LocalProbeArrayStrategy::accessorGenerator:org.jacoco.core.runtime.IExecutionDataAccessorGenerator" />
			<role name="Request()" element="org.jacoco.core.internal.instr.LocalProbeArrayStrategy::storeInstance(org.objectweb.asm.MethodVisitor, boolean, int):int" />
		</instance>
		<instance>
			<role name="Adaptee" element="org.jacoco.report.internal.xml.ReportElement" />
			<role name="Adapter" element="org.jacoco.report.xml.XMLFormatter$1RootVisitor" />
			<role name="adaptee" element="org.jacoco.report.xml.XMLFormatter$1RootVisitor::report:org.jacoco.report.internal.xml.ReportElement" />
			<role name="Request()" element="org.jacoco.report.xml.XMLFormatter$1RootVisitor::visitEnd():void" />
		</instance>
		<instance>
			<role name="Adaptee" element="org.jacoco.core.analysis.CoverageNodeImpl" />
			<role name="Adapter" element="org.jacoco.report.internal.AbstractGroupVisitor" />
			<role name="adaptee" element="org.jacoco.report.internal.AbstractGroupVisitor::total:org.jacoco.core.analysis.CoverageNodeImpl" />
			<role name="Request()" element="org.jacoco.report.internal.AbstractGroupVisitor::visitBundle(org.jacoco.core.analysis.IBundleCoverage, org.jacoco.report.ISourceFileLocator):void" />
		</instance>
		<instance>
			<role name="Adaptee" element="org.jacoco.core.internal.instr.IProbeArrayStrategy" />
			<role name="Adapter" element="org.jacoco.core.internal.instr.ClassInstrumenter" />
			<role name="adaptee" element="org.jacoco.core.internal.instr.ClassInstrumenter::probeArrayStrategy:org.jacoco.core.internal.instr.IProbeArrayStrategy" />
			<role name="Request()" element="org.jacoco.core.internal.instr.ClassInstrumenter::visitTotalProbeCount(int):void" />
		</instance>
		<instance>
			<role name="Adaptee" element="org.jacoco.report.internal.xml.ReportElement" />
			<role name="Adapter" element="org.jacoco.report.internal.xml.XMLGroupVisitor" />
			<role name="adaptee" element="org.jacoco.report.internal.xml.XMLGroupVisitor::element:org.jacoco.report.internal.xml.ReportElement" />
			<role name="Request()" element="org.jacoco.report.internal.xml.XMLGroupVisitor::handleBundle(org.jacoco.core.analysis.IBundleCoverage, org.jacoco.report.ISourceFileLocator):void" />
			<role name="Request()" element="org.jacoco.report.internal.xml.XMLGroupVisitor::handleGroup(java.lang.String):org.jacoco.report.internal.AbstractGroupVisitor" />
		</instance>
	</pattern>
	<pattern name="Command" />
	<pattern name="Composite">
		<instance>
			<role name="Component" element="org.jacoco.report.ISourceFileLocator" />
			<role name="Composite" element="org.jacoco.report.MultiSourceFileLocator" />
			<role name="Operation()" element="org.jacoco.report.MultiSourceFileLocator::getSourceFile(java.lang.String, java.lang.String):java.io.Reader" />
		</instance>
	</pattern>
	<pattern name="Decorator">
		<instance>
			<role name="Component" element="org.jacoco.cli.internal.Command" />
			<role name="Decorator" element="org.jacoco.cli.internal.Main" />
			<role name="component" element="org.jacoco.cli.internal.Main::command:org.jacoco.cli.internal.Command" />
			<role name="Operation()" element="org.jacoco.cli.internal.Main::execute(java.io.PrintWriter, java.io.PrintWriter):int" />
		</instance>
	</pattern>
	<pattern name="Observer" />
	<pattern name="State">
		<instance>
			<role name="State" element="org.jacoco.report.internal.html.ILinkable" />
			<role name="Context" element="org.jacoco.report.internal.html.page.MethodItem" />
			<role name="state" element="org.jacoco.report.internal.html.page.MethodItem::sourcePage:org.jacoco.report.internal.html.ILinkable" />
			<role name="Request()" element="org.jacoco.report.internal.html.page.MethodItem::getLink(org.jacoco.report.internal.ReportOutputFolder):java.lang.String" />
		</instance>
		<instance>
			<role name="Context" element="org.jacoco.core.internal.analysis.filter.TryWithResourcesEcjFilter$Matcher" />
			<role name="State" element="org.jacoco.core.internal.analysis.filter.IFilterOutput" />
			<role name="state" element="org.jacoco.core.internal.analysis.filter.TryWithResourcesEcjFilter$Matcher::output:org.jacoco.core.internal.analysis.filter.IFilterOutput" />
			<role name="Request()" element="org.jacoco.core.internal.analysis.filter.TryWithResourcesEcjFilter$Matcher::matchEcj():boolean" />
			<role name="Request()" element="org.jacoco.core.internal.analysis.filter.TryWithResourcesEcjFilter$Matcher::matchEcjNoFlowOut():boolean" />
		</instance>
		<instance>
			<role name="Context" element="org.jacoco.core.internal.analysis.filter.TryWithResourcesJavacFilter$Matcher" />
			<role name="State" element="org.jacoco.core.internal.analysis.filter.IFilterOutput" />
			<role name="state" element="org.jacoco.core.internal.analysis.filter.TryWithResourcesJavacFilter$Matcher::output:org.jacoco.core.internal.analysis.filter.IFilterOutput" />
			<role name="Request()" element="org.jacoco.core.internal.analysis.filter.TryWithResourcesJavacFilter$Matcher::matchJavac(org.jacoco.core.internal.analysis.filter.TryWithResourcesJavacFilter$Matcher$JavacPattern):boolean" />
		</instance>
		<instance>
			<role name="Context" element="org.jacoco.core.internal.analysis.ClassAnalyzer" />
			<role name="State" element="org.jacoco.core.internal.analysis.filter.IFilter" />
			<role name="state" element="org.jacoco.core.internal.analysis.ClassAnalyzer::filter:org.jacoco.core.internal.analysis.filter.IFilter" />
			<role name="Request()" element="org.jacoco.core.internal.analysis.ClassAnalyzer::addMethodCoverage(java.lang.String, java.lang.String, java.lang.String, org.jacoco.core.internal.analysis.InstructionsBuilder, org.objectweb.asm.tree.MethodNode):void" />
		</instance>
		<instance>
			<role name="Context" element="org.jacoco.report.check.BundleChecker" />
			<role name="State" element="org.jacoco.report.check.IViolationsOutput" />
			<role name="state" element="org.jacoco.report.check.BundleChecker::output:org.jacoco.report.check.IViolationsOutput" />
			<role name="Request()" element="org.jacoco.report.check.BundleChecker::checkLimit(org.jacoco.core.analysis.ICoverageNode, java.lang.String, java.lang.String, org.jacoco.report.check.Rule, org.jacoco.report.check.Limit):void" />
		</instance>
		<instance>
			<role name="Context" element="org.jacoco.report.internal.html.table.Table$Column" />
			<role name="State" element="org.jacoco.report.internal.html.table.IColumnRenderer" />
			<role name="state" element="org.jacoco.report.internal.html.table.Table$Column::renderer:org.jacoco.report.internal.html.table.IColumnRenderer" />
			<role name="Request()" element="org.jacoco.report.internal.html.table.Table$Column::init(org.jacoco.report.internal.html.HTMLElement, java.util.List, org.jacoco.core.analysis.ICoverageNode):void" />
			<role name="Request()" element="org.jacoco.report.internal.html.table.Table$Column::footer(org.jacoco.report.internal.html.HTMLElement, org.jacoco.core.analysis.ICoverageNode, org.jacoco.report.internal.html.resources.Resources, org.jacoco.report.internal.ReportOutputFolder):void" />
			<role name="Request()" element="org.jacoco.report.internal.html.table.Table$Column::body(org.jacoco.report.internal.html.HTMLElement, int, org.jacoco.report.internal.html.table.ITableItem, org.jacoco.report.internal.html.resources.Resources, org.jacoco.report.internal.ReportOutputFolder):void" />
		</instance>
		<instance>
			<role name="Context" element="org.jacoco.report.csv.ClassRowWriter" />
			<role name="State" element="org.jacoco.report.ILanguageNames" />
			<role name="state" element="org.jacoco.report.csv.ClassRowWriter::languageNames:org.jacoco.report.ILanguageNames" />
			<role name="Request()" element="org.jacoco.report.csv.ClassRowWriter::writeRow(java.lang.String, java.lang.String, org.jacoco.core.analysis.IClassCoverage):void" />
		</instance>
		<instance>
			<role name="Context" element="org.jacoco.report.check.BundleChecker" />
			<role name="State" element="org.jacoco.report.ILanguageNames" />
			<role name="state" element="org.jacoco.report.check.BundleChecker::names:org.jacoco.report.ILanguageNames" />
			<role name="Request()" element="org.jacoco.report.check.BundleChecker::check(org.jacoco.core.analysis.IPackageCoverage):void" />
			<role name="Request()" element="org.jacoco.report.check.BundleChecker::check(org.jacoco.core.analysis.IClassCoverage):void" />
			<role name="Request()" element="org.jacoco.report.check.BundleChecker::check(org.jacoco.core.analysis.IMethodCoverage, java.lang.String):void" />
		</instance>
		<instance>
			<role name="Context" element="org.jacoco.agent.rt.internal.Agent" />
			<role name="State" element="org.jacoco.agent.rt.internal.output.IAgentOutput" />
			<role name="state" element="org.jacoco.agent.rt.internal.Agent::output:org.jacoco.agent.rt.internal.output.IAgentOutput" />
			<role name="Request()" element="org.jacoco.agent.rt.internal.Agent::startup():void" />
			<role name="Request()" element="org.jacoco.agent.rt.internal.Agent::shutdown():void" />
			<role name="Request()" element="org.jacoco.agent.rt.internal.Agent::dump(boolean):void" />
		</instance>
		<instance>
			<role name="Context" element="org.jacoco.core.data.ExecutionDataReader" />
			<role name="State" element="org.jacoco.core.data.IExecutionDataVisitor" />
			<role name="state" element="org.jacoco.core.data.ExecutionDataReader::executionDataVisitor:org.jacoco.core.data.IExecutionDataVisitor" />
			<role name="Request()" element="org.jacoco.core.data.ExecutionDataReader::readExecutionData():void" />
		</instance>
		<instance>
			<role name="Context" element="org.jacoco.core.data.ExecutionDataReader" />
			<role name="State" element="org.jacoco.core.data.ISessionInfoVisitor" />
			<role name="state" element="org.jacoco.core.data.ExecutionDataReader::sessionInfoVisitor:org.jacoco.core.data.ISessionInfoVisitor" />
			<role name="Request()" element="org.jacoco.core.data.ExecutionDataReader::readSessionInfo():void" />
		</instance>
		<instance>
			<role name="Context" element="org.jacoco.core.internal.analysis.SourceNodeImpl" />
			<role name="State" element="org.jacoco.core.internal.analysis.LineImpl" />
			<role name="state" element="org.jacoco.core.internal.analysis.SourceNodeImpl::lines:org.jacoco.core.internal.analysis.LineImpl[]" />
			<role name="Request()" element="org.jacoco.core.internal.analysis.SourceNodeImpl::incrementLine(org.jacoco.core.analysis.ICounter, org.jacoco.core.analysis.ICounter, int):void" />
		</instance>
		<instance>
			<role name="Context" element="org.jacoco.core.runtime.RemoteControlReader" />
			<role name="State" element="org.jacoco.core.runtime.IRemoteCommandVisitor" />
			<role name="state" element="org.jacoco.core.runtime.RemoteControlReader::remoteCommandVisitor:org.jacoco.core.runtime.IRemoteCommandVisitor" />
			<role name="Request()" element="org.jacoco.core.runtime.RemoteControlReader::readDumpCommand():void" />
		</instance>
		<instance>
			<role name="Context" element="org.jacoco.core.internal.flow.MethodProbesAdapter" />
			<role name="State" element="org.jacoco.core.internal.flow.IProbeIdGenerator" />
			<role name="state" element="org.jacoco.core.internal.flow.MethodProbesAdapter::idGenerator:org.jacoco.core.internal.flow.IProbeIdGenerator" />
			<role name="Request()" element="org.jacoco.core.internal.flow.MethodProbesAdapter::visitLabel(org.objectweb.asm.Label):void" />
			<role name="Request()" element="org.jacoco.core.internal.flow.MethodProbesAdapter::visitInsn(int):void" />
			<role name="Request()" element="org.jacoco.core.internal.flow.MethodProbesAdapter::visitJumpInsn(int, org.objectweb.asm.Label):void" />
			<role name="Request()" element="org.jacoco.core.internal.flow.MethodProbesAdapter::markLabels(org.objectweb.asm.Label, org.objectweb.asm.Label[]):boolean" />
		</instance>
		<instance>
			<role name="Context" element="org.jacoco.core.internal.instr.ClassFieldProbeArrayStrategy" />
			<role name="State" element="org.jacoco.core.runtime.IExecutionDataAccessorGenerator" />
			<role name="state" element="org.jacoco.core.internal.instr.ClassFieldProbeArrayStrategy::accessorGenerator:org.jacoco.core.runtime.IExecutionDataAccessorGenerator" />
			<role name="Request()" element="org.jacoco.core.internal.instr.ClassFieldProbeArrayStrategy::genInitializeDataField(org.objectweb.asm.MethodVisitor, int):int" />
		</instance>
		<instance>
			<role name="Context" element="org.jacoco.core.internal.instr.CondyProbeArrayStrategy" />
			<role name="State" element="org.jacoco.core.runtime.IExecutionDataAccessorGenerator" />
			<role name="state" element="org.jacoco.core.internal.instr.CondyProbeArrayStrategy::accessorGenerator:org.jacoco.core.runtime.IExecutionDataAccessorGenerator" />
			<role name="Request()" element="org.jacoco.core.internal.instr.CondyProbeArrayStrategy::addMembers(org.objectweb.asm.ClassVisitor, int):void" />
		</instance>
		<instance>
			<role name="Context" element="org.jacoco.core.internal.instr.InterfaceFieldProbeArrayStrategy" />
			<role name="State" element="org.jacoco.core.runtime.IExecutionDataAccessorGenerator" />
			<role name="state" element="org.jacoco.core.internal.instr.InterfaceFieldProbeArrayStrategy::accessorGenerator:org.jacoco.core.runtime.IExecutionDataAccessorGenerator" />
			<role name="Request()" element="org.jacoco.core.internal.instr.InterfaceFieldProbeArrayStrategy::storeInstance(org.objectweb.asm.MethodVisitor, boolean, int):int" />
			<role name="Request()" element="org.jacoco.core.internal.instr.InterfaceFieldProbeArrayStrategy::createInitMethod(org.objectweb.asm.ClassVisitor, int):void" />
			<role name="Request()" element="org.jacoco.core.internal.instr.InterfaceFieldProbeArrayStrategy::createClinitMethod(org.objectweb.asm.ClassVisitor, int):void" />
		</instance>
		<instance>
			<role name="Context" element="org.jacoco.core.internal.instr.LocalProbeArrayStrategy" />
			<role name="State" element="org.jacoco.core.runtime.IExecutionDataAccessorGenerator" />
			<role name="state" element="org.jacoco.core.internal.instr.LocalProbeArrayStrategy::accessorGenerator:org.jacoco.core.runtime.IExecutionDataAccessorGenerator" />
			<role name="Request()" element="org.jacoco.core.internal.instr.LocalProbeArrayStrategy::storeInstance(org.objectweb.asm.MethodVisitor, boolean, int):int" />
		</instance>
		<instance>
			<role name="Context" element="org.jacoco.report.internal.ReportOutputFolder" />
			<role name="State" element="org.jacoco.report.IMultiReportOutput" />
			<role name="state" element="org.jacoco.report.internal.ReportOutputFolder::output:org.jacoco.report.IMultiReportOutput" />
			<role name="Request()" element="org.jacoco.report.internal.ReportOutputFolder::createFile(java.lang.String):java.io.OutputStream" />
		</instance>
		<instance>
			<role name="Context" element="org.jacoco.agent.rt.internal.CoverageTransformer" />
			<role name="State" element="org.jacoco.agent.rt.internal.IExceptionLogger" />
			<role name="state" element="org.jacoco.agent.rt.internal.CoverageTransformer::logger:org.jacoco.agent.rt.internal.IExceptionLogger" />
			<role name="Request()" element="org.jacoco.agent.rt.internal.CoverageTransformer::transform(java.lang.ClassLoader, java.lang.String, java.lang.Class, java.security.ProtectionDomain, byte[]):byte[]" />
		</instance>
		<instance>
			<role name="Context" element="org.jacoco.report.internal.html.page.BundlePage" />
			<role name="State" element="org.jacoco.core.analysis.IBundleCoverage" />
			<role name="state" element="org.jacoco.report.internal.html.page.BundlePage::bundle:org.jacoco.core.analysis.IBundleCoverage" />
			<role name="Request()" element="org.jacoco.report.internal.html.page.BundlePage::renderPackages():void" />
			<role name="Request()" element="org.jacoco.report.internal.html.page.BundlePage::content(org.jacoco.report.internal.html.HTMLElement):void" />
		</instance>
		<instance>
			<role name="Context" element="org.jacoco.report.internal.html.page.SourceFileItem" />
			<role name="State" element="org.jacoco.core.analysis.ICoverageNode" />
			<role name="state" element="org.jacoco.report.internal.html.page.SourceFileItem::node:org.jacoco.core.analysis.ICoverageNode" />
			<role name="Request()" element="org.jacoco.report.internal.html.page.SourceFileItem::getLinkLabel():java.lang.String" />
		</instance>
		<instance>
			<role name="Context" element="org.jacoco.core.internal.flow.ClassProbesAdapter" />
			<role name="State" element="org.jacoco.core.internal.flow.ClassProbesVisitor" />
			<role name="state" element="org.jacoco.core.internal.flow.ClassProbesAdapter::cv:org.jacoco.core.internal.flow.ClassProbesVisitor" />
			<role name="Request()" element="org.jacoco.core.internal.flow.ClassProbesAdapter::visitMethod(int, java.lang.String, java.lang.String, java.lang.String, java.lang.String[]):org.objectweb.asm.MethodVisitor" />
			<role name="Request()" element="org.jacoco.core.internal.flow.ClassProbesAdapter::visitEnd():void" />
		</instance>
		<instance>
			<role name="Context" element="org.jacoco.report.internal.html.page.PackageSourcePage" />
			<role name="State" element="org.jacoco.report.ISourceFileLocator" />
			<role name="state" element="org.jacoco.report.internal.html.page.PackageSourcePage::locator:org.jacoco.report.ISourceFileLocator" />
			<role name="Request()" element="org.jacoco.report.internal.html.page.PackageSourcePage::renderSourceFilePages():void" />
		</instance>
		<instance>
			<role name="Context" element="org.jacoco.agent.rt.internal.Agent" />
			<role name="State" element="org.jacoco.agent.rt.internal.IExceptionLogger" />
			<role name="state" element="org.jacoco.agent.rt.internal.Agent::logger:org.jacoco.agent.rt.internal.IExceptionLogger" />
			<role name="Request()" element="org.jacoco.agent.rt.internal.Agent::startup():void" />
			<role name="Request()" element="org.jacoco.agent.rt.internal.Agent::shutdown():void" />
		</instance>
		<instance>
			<role name="Context" element="org.jacoco.core.internal.instr.MethodInstrumenter" />
			<role name="State" element="org.jacoco.core.internal.instr.IProbeInserter" />
			<role name="state" element="org.jacoco.core.internal.instr.MethodInstrumenter::probeInserter:org.jacoco.core.internal.instr.IProbeInserter" />
			<role name="Request()" element="org.jacoco.core.internal.instr.MethodInstrumenter::visitProbe(int):void" />
			<role name="Request()" element="org.jacoco.core.internal.instr.MethodInstrumenter::visitInsnWithProbe(int, int):void" />
			<role name="Request()" element="org.jacoco.core.internal.instr.MethodInstrumenter::visitJumpInsnWithProbe(int, org.objectweb.asm.Label, int, org.jacoco.core.internal.flow.IFrame):void" />
			<role name="Request()" element="org.jacoco.core.internal.instr.MethodInstrumenter::insertIntermediateProbe(org.objectweb.asm.Label, org.jacoco.core.internal.flow.IFrame):void" />
		</instance>
	</pattern>
	<pattern name="Strategy">
		<instance>
			<role name="Context" element="org.jacoco.core.internal.instr.ClassInstrumenter" />
			<role name="Strategy" element="org.jacoco.core.internal.instr.IProbeArrayStrategy" />
			<role name="strategy" element="org.jacoco.core.internal.instr.ClassInstrumenter::probeArrayStrategy:org.jacoco.core.internal.instr.IProbeArrayStrategy" />
			<role name="ContextInterface()" element="org.jacoco.core.internal.instr.ClassInstrumenter::visitTotalProbeCount(int):void" />
		</instance>
		<instance>
			<role name="Context" element="org.jacoco.core.internal.instr.ProbeInserter" />
			<role name="Strategy" element="org.jacoco.core.internal.instr.IProbeArrayStrategy" />
			<role name="strategy" element="org.jacoco.core.internal.instr.ProbeInserter::arrayStrategy:org.jacoco.core.internal.instr.IProbeArrayStrategy" />
			<role name="ContextInterface()" element="org.jacoco.core.internal.instr.ProbeInserter::visitCode():void" />
		</instance>
	</pattern>
	<pattern name="Bridge">
		<instance>
			<role name="Abstraction" element="org.jacoco.report.internal.html.page.ReportPage" />
			<role name="Implementor" element="org.jacoco.report.internal.html.IHTMLReportContext" />
			<role name="implementor" element="org.jacoco.report.internal.html.page.ReportPage::context:org.jacoco.report.internal.html.IHTMLReportContext" />
			<role name="Operation()" element="org.jacoco.report.internal.html.page.ReportPage::render():void" />
			<role name="Operation()" element="org.jacoco.report.internal.html.page.ReportPage::head(org.jacoco.report.internal.html.HTMLElement):void" />
			<role name="Operation()" element="org.jacoco.report.internal.html.page.ReportPage::infoLinks(org.jacoco.report.internal.html.HTMLElement):void" />
			<role name="Operation()" element="org.jacoco.report.internal.html.page.ReportPage::footer(org.jacoco.report.internal.html.HTMLElement):void" />
		</instance>
		<instance>
			<role name="Abstraction" element="org.jacoco.report.internal.html.page.NodePage" />
			<role name="Implementor" element="org.jacoco.core.analysis.ICoverageNode" />
			<role name="implementor" element="org.jacoco.report.internal.html.page.NodePage::node:org.jacoco.core.analysis.ICoverageNode" />
			<role name="Operation()" element="org.jacoco.report.internal.html.page.NodePage::getLinkStyle():java.lang.String" />
			<role name="Operation()" element="org.jacoco.report.internal.html.page.NodePage::getLinkLabel():java.lang.String" />
		</instance>
	</pattern>
	<pattern name="Template Method">
		<instance>
			<role name="AbstractClass" element="org.jacoco.maven.AbstractAgentMojo" />
			<role name="TemplateMethod()" element="org.jacoco.maven.AbstractAgentMojo::createAgentOptions():org.jacoco.core.runtime.AgentOptions" />
		</instance>
		<instance>
			<role name="AbstractClass" element="org.jacoco.report.internal.AbstractGroupVisitor" />
			<role name="TemplateMethod()" element="org.jacoco.report.internal.AbstractGroupVisitor::visitBundle(org.jacoco.core.analysis.IBundleCoverage, org.jacoco.report.ISourceFileLocator):void" />
			<role name="TemplateMethod()" element="org.jacoco.report.internal.AbstractGroupVisitor::visitGroup(java.lang.String):org.jacoco.report.IReportGroupVisitor" />
			<role name="TemplateMethod()" element="org.jacoco.report.internal.AbstractGroupVisitor::visitEnd():void" />
		</instance>
		<instance>
			<role name="AbstractClass" element="org.jacoco.maven.AbstractJacocoMojo" />
			<role name="TemplateMethod()" element="org.jacoco.maven.AbstractJacocoMojo::execute():void" />
		</instance>
		<instance>
			<role name="AbstractClass" element="org.jacoco.maven.AbstractReportMojo" />
			<role name="TemplateMethod()" element="org.jacoco.maven.AbstractReportMojo::canGenerateReport():boolean" />
			<role name="TemplateMethod()" element="org.jacoco.maven.AbstractReportMojo::executeReport(java.util.Locale):void" />
			<role name="TemplateMethod()" element="org.jacoco.maven.AbstractReportMojo::addFormatters(org.jacoco.maven.ReportSupport, java.util.Locale):void" />
		</instance>
		<instance>
			<role name="AbstractClass" element="org.jacoco.core.internal.flow.ClassProbesVisitor" />
			<role name="TemplateMethod()" element="org.jacoco.core.internal.flow.ClassProbesVisitor::visitMethod(int, java.lang.String, java.lang.String, java.lang.String, java.lang.String[]):org.objectweb.asm.MethodVisitor" />
		</instance>
		<instance>
			<role name="AbstractClass" element="org.jacoco.cli.internal.Command" />
			<role name="TemplateMethod()" element="org.jacoco.cli.internal.Command::printHelp(java.io.PrintWriter):void" />
		</instance>
		<instance>
			<role name="AbstractClass" element="org.jacoco.report.internal.html.table.CounterColumn" />
			<role name="TemplateMethod()" element="org.jacoco.report.internal.html.table.CounterColumn::cell(org.jacoco.report.internal.html.HTMLElement, org.jacoco.core.analysis.ICoverageNode):void" />
		</instance>
		<instance>
			<role name="AbstractClass" element="org.jacoco.core.internal.analysis.CounterImpl" />
			<role name="TemplateMethod()" element="org.jacoco.core.internal.analysis.CounterImpl::increment(org.jacoco.core.analysis.ICounter):org.jacoco.core.internal.analysis.CounterImpl" />
		</instance>
		<instance>
			<role name="AbstractClass" element="org.jacoco.report.InputStreamSourceFileLocator" />
			<role name="TemplateMethod()" element="org.jacoco.report.InputStreamSourceFileLocator::getSourceFile(java.lang.String, java.lang.String):java.io.Reader" />
		</instance>
		<instance>
			<role name="AbstractClass" element="org.jacoco.report.internal.html.page.ReportPage" />
			<role name="TemplateMethod()" element="org.jacoco.report.internal.html.page.ReportPage::render():void" />
			<role name="TemplateMethod()" element="org.jacoco.report.internal.html.page.ReportPage::body(org.jacoco.report.internal.html.HTMLElement):void" />
			<role name="TemplateMethod()" element="org.jacoco.report.internal.html.page.ReportPage::getLink(org.jacoco.report.internal.ReportOutputFolder):java.lang.String" />
		</instance>
	</pattern>
	<pattern name="Visitor" />
	<pattern name="Proxy">
		<instance>
			<role name="Proxy" element="org.jacoco.examples.ExecutionDataServer$Handler" />
			<role name="RealSubject" element="org.jacoco.core.data.ExecutionDataWriter" />
			<role name="Request()" element="org.jacoco.examples.ExecutionDataServer$Handler::visitSessionInfo(org.jacoco.core.data.SessionInfo):void" />
			<role name="Request()" element="org.jacoco.examples.ExecutionDataServer$Handler::visitClassExecution(org.jacoco.core.data.ExecutionData):void" />
		</instance>
	</pattern>
	<pattern name="Proxy2" />
	<pattern name="Chain of Responsibility">
		<instance>
			<role name="Handler" element="org.jacoco.report.internal.AbstractGroupVisitor" />
			<role name="successor" element="org.jacoco.report.internal.AbstractGroupVisitor::lastChild:org.jacoco.report.internal.AbstractGroupVisitor" />
		</instance>
		<instance>
			<role name="Handler" element="org.jacoco.report.internal.html.page.ReportPage" />
			<role name="successor" element="org.jacoco.report.internal.html.page.ReportPage::parent:org.jacoco.report.internal.html.page.ReportPage" />
		</instance>
	</pattern>
</system>

