<?xml version="1.0" encoding="UTF-8"?>
<system>
	<pattern name="Factory Method" />
	<pattern name="Prototype" />
	<pattern name="Singleton">
		<instance>
			<role name="Singleton" element="javax.enterprise.inject.Default$Literal" />
			<role name="uniqueInstance" element="javax.enterprise.inject.Default$Literal::INSTANCE:javax.enterprise.inject.Default$Literal" />
		</instance>
	</pattern>
	<pattern name="(Object)Adapter" />
	<pattern name="Command" />
	<pattern name="Composite" />
	<pattern name="Decorator" />
	<pattern name="Observer" />
	<pattern name="State">
		<instance>
			<role name="Context" element="org.jboss.errai.security.keycloak.extension.WrappedServiceProducer" />
			<role name="State" element="javax.enterprise.inject.Instance" />
			<role name="state" element="org.jboss.errai.security.keycloak.extension.WrappedServiceProducer::authService:javax.enterprise.inject.Instance" />
			<role name="Request()" element="org.jboss.errai.security.keycloak.extension.WrappedServiceProducer::init():void" />
		</instance>
		<instance>
			<role name="Context" element="org.jboss.errai.cdi.demo.tagcloud.server.TagCloudService" />
			<role name="State" element="javax.enterprise.event.Event" />
			<role name="state" element="org.jboss.errai.cdi.demo.tagcloud.server.TagCloudService::tagCloudEvent:javax.enterprise.event.Event" />
			<role name="state" element="org.jboss.errai.cdi.demo.tagcloud.server.TagCloudService::newTagEvent:javax.enterprise.event.Event" />
			<role name="state" element="org.jboss.errai.cdi.demo.tagcloud.server.TagCloudService::updatedTagEvent:javax.enterprise.event.Event" />
			<role name="Request()" element="org.jboss.errai.cdi.demo.tagcloud.server.TagCloudService::handleNewSubscription(org.jboss.errai.cdi.demo.tagcloud.client.shared.TagCloudSubscription):void" />
			<role name="Request()" element="org.jboss.errai.cdi.demo.tagcloud.server.TagCloudService::createRandomChange():void" />
		</instance>
	</pattern>
	<pattern name="Strategy" />
	<pattern name="Bridge" />
	<pattern name="Template Method" />
	<pattern name="Visitor" />
	<pattern name="Proxy" />
	<pattern name="Proxy2" />
	<pattern name="Chain of Responsibility" />
</system>

