<?xml version="1.0" encoding="UTF-8"?>
<system>
	<pattern name="Factory Method">
		<instance>
			<role name="Creator" element="net.engio.mbassy.common.AbstractConcurrentSet" />
			<role name="FactoryMethod()" element="net.engio.mbassy.common.AbstractConcurrentSet::createEntry(T, net.engio.mbassy.common.AbstractConcurrentSet$Entry):net.engio.mbassy.common.AbstractConcurrentSet$Entry" />
		</instance>
	</pattern>
	<pattern name="Prototype" />
	<pattern name="Singleton" />
	<pattern name="(Object)Adapter">
		<instance>
			<role name="Adapter" element="net.engio.mbassy.bus.AbstractPubSubSupport" />
			<role name="Adaptee" element="net.engio.mbassy.subscription.SubscriptionManager" />
			<role name="adaptee" element="net.engio.mbassy.bus.AbstractPubSubSupport::subscriptionManager:net.engio.mbassy.subscription.SubscriptionManager" />
			<role name="Request()" element="net.engio.mbassy.bus.AbstractPubSubSupport::unsubscribe(java.lang.Object):boolean" />
			<role name="Request()" element="net.engio.mbassy.bus.AbstractPubSubSupport::subscribe(java.lang.Object):void" />
		</instance>
		<instance>
			<role name="Adaptee" element="net.engio.mbassy.bus.BusRuntime" />
			<role name="Adapter" element="net.engio.mbassy.bus.MessagePublication" />
			<role name="adaptee" element="net.engio.mbassy.bus.MessagePublication::runtime:net.engio.mbassy.bus.BusRuntime" />
			<role name="Request()" element="net.engio.mbassy.bus.MessagePublication::execute():void" />
		</instance>
		<instance>
			<role name="Adaptee" element="net.engio.mbassy.bus.MessagePublication$State" />
			<role name="Adapter" element="net.engio.mbassy.bus.MessagePublication" />
			<role name="adaptee" element="net.engio.mbassy.bus.MessagePublication::state:net.engio.mbassy.bus.MessagePublication$State" />
			<role name="Request()" element="net.engio.mbassy.bus.MessagePublication::isFinished():boolean" />
			<role name="Request()" element="net.engio.mbassy.bus.MessagePublication::isRunning():boolean" />
			<role name="Request()" element="net.engio.mbassy.bus.MessagePublication::isScheduled():boolean" />
		</instance>
	</pattern>
	<pattern name="Command">
		<instance>
			<role name="Receiver" element="net.engio.mbassy.bus.MBassador" />
			<role name="ConcreteCommand" element="net.engio.mbassy.bus.publication.SyncAsyncPostCommand" />
			<role name="receiver" element="net.engio.mbassy.bus.publication.SyncAsyncPostCommand::mBassador:net.engio.mbassy.bus.MBassador" />
			<role name="Execute()" element="net.engio.mbassy.bus.publication.SyncAsyncPostCommand::asynchronously():net.engio.mbassy.bus.IMessagePublication" />
			<role name="Execute()" element="net.engio.mbassy.bus.publication.SyncAsyncPostCommand::asynchronously(long, java.util.concurrent.TimeUnit):net.engio.mbassy.bus.IMessagePublication" />
		</instance>
	</pattern>
	<pattern name="Composite" />
	<pattern name="Decorator">
		<instance>
			<role name="Component" element="net.engio.mbassy.dispatch.IMessageDispatcher" />
			<role name="Decorator" element="net.engio.mbassy.dispatch.DelegatingMessageDispatcher" />
			<role name="component" element="net.engio.mbassy.dispatch.DelegatingMessageDispatcher::delegate:net.engio.mbassy.dispatch.IMessageDispatcher" />
			<role name="Operation()" element="net.engio.mbassy.dispatch.DelegatingMessageDispatcher::getInvocation():net.engio.mbassy.dispatch.IHandlerInvocation" />
		</instance>
	</pattern>
	<pattern name="Observer" />
	<pattern name="State">
		<instance>
			<role name="Context" element="net.engio.mbassy.common.StrongConcurrentSet$1" />
			<role name="State" element="net.engio.mbassy.common.ISetEntry" />
			<role name="state" element="net.engio.mbassy.common.StrongConcurrentSet$1::current:net.engio.mbassy.common.ISetEntry" />
			<role name="Request()" element="net.engio.mbassy.common.StrongConcurrentSet$1::next():java.lang.Object" />
			<role name="Request()" element="net.engio.mbassy.common.StrongConcurrentSet$1::remove():void" />
		</instance>
		<instance>
			<role name="Context" element="net.engio.mbassy.common.WeakConcurrentSet$1" />
			<role name="State" element="net.engio.mbassy.common.ISetEntry" />
			<role name="state" element="net.engio.mbassy.common.WeakConcurrentSet$1::current:net.engio.mbassy.common.ISetEntry" />
			<role name="Request()" element="net.engio.mbassy.common.WeakConcurrentSet$1::removeOrphans():void" />
			<role name="Request()" element="net.engio.mbassy.common.WeakConcurrentSet$1::hasNext():boolean" />
			<role name="Request()" element="net.engio.mbassy.common.WeakConcurrentSet$1::next():java.lang.Object" />
			<role name="Request()" element="net.engio.mbassy.common.WeakConcurrentSet$1::remove():void" />
		</instance>
		<instance>
			<role name="Context" element="net.engio.mbassy.listener.MessageListener" />
			<role name="State" element="net.engio.mbassy.listener.Listener" />
			<role name="state" element="net.engio.mbassy.listener.MessageListener::listenerAnnotation:net.engio.mbassy.listener.Listener" />
			<role name="Request()" element="net.engio.mbassy.listener.MessageListener::useStrongReferences():boolean" />
		</instance>
		<instance>
			<role name="Context" element="net.engio.mbassy.subscription.Subscription" />
			<role name="State" element="net.engio.mbassy.dispatch.IMessageDispatcher" />
			<role name="state" element="net.engio.mbassy.subscription.Subscription::dispatcher:net.engio.mbassy.dispatch.IMessageDispatcher" />
			<role name="Request()" element="net.engio.mbassy.subscription.Subscription::publish(net.engio.mbassy.bus.MessagePublication, java.lang.Object):void" />
		</instance>
		<instance>
			<role name="Context" element="net.engio.mbassy.dispatch.FilteredMessageDispatcher" />
			<role name="State" element="net.engio.mbassy.listener.IMessageFilter" />
			<role name="state" element="net.engio.mbassy.dispatch.FilteredMessageDispatcher::filter:net.engio.mbassy.listener.IMessageFilter[]" />
			<role name="Request()" element="net.engio.mbassy.dispatch.FilteredMessageDispatcher::passesFilter(java.lang.Object):boolean" />
		</instance>
	</pattern>
	<pattern name="Strategy" />
	<pattern name="Bridge" />
	<pattern name="Template Method">
		<instance>
			<role name="AbstractClass" element="net.engio.mbassy.common.AbstractConcurrentSet" />
			<role name="TemplateMethod()" element="net.engio.mbassy.common.AbstractConcurrentSet::insert(T):boolean" />
		</instance>
	</pattern>
	<pattern name="Visitor" />
	<pattern name="Proxy" />
	<pattern name="Proxy2" />
	<pattern name="Chain of Responsibility">
		<instance>
			<role name="Handler" element="net.engio.mbassy.common.AbstractConcurrentSet$Entry" />
			<role name="successor" element="net.engio.mbassy.common.AbstractConcurrentSet$Entry::next:net.engio.mbassy.common.AbstractConcurrentSet$Entry" />
			<role name="successor" element="net.engio.mbassy.common.AbstractConcurrentSet$Entry::predecessor:net.engio.mbassy.common.AbstractConcurrentSet$Entry" />
		</instance>
	</pattern>
</system>

