<?xml version="1.0" encoding="UTF-8"?>
<system>
	<pattern name="Factory Method" />
	<pattern name="Prototype" />
	<pattern name="Singleton" />
	<pattern name="(Object)Adapter">
		<instance>
			<role name="Adaptee" element="redis.util.BytesKeyObjectMap" />
			<role name="Adapter" element="redis.server.netty.SimpleRedisServer" />
			<role name="adaptee" element="redis.server.netty.SimpleRedisServer::data:redis.util.BytesKeyObjectMap" />
			<role name="adaptee" element="redis.server.netty.SimpleRedisServer::expires:redis.util.BytesKeyObjectMap" />
			<role name="Request()" element="redis.server.netty.SimpleRedisServer::getset(byte[], byte[]):redis.netty4.BulkReply" />
			<role name="Request()" element="redis.server.netty.SimpleRedisServer::dbsize():redis.netty4.IntegerReply" />
			<role name="Request()" element="redis.server.netty.SimpleRedisServer::flushall():redis.netty4.StatusReply" />
			<role name="Request()" element="redis.server.netty.SimpleRedisServer::flushdb():redis.netty4.StatusReply" />
			<role name="Request()" element="redis.server.netty.SimpleRedisServer::info(byte[]):redis.netty4.BulkReply" />
			<role name="Request()" element="redis.server.netty.SimpleRedisServer::ltrim(byte[], byte[], byte[]):redis.netty4.StatusReply" />
			<role name="Request()" element="redis.server.netty.SimpleRedisServer::del(byte[][]):redis.netty4.IntegerReply" />
			<role name="Request()" element="redis.server.netty.SimpleRedisServer::expire(byte[], byte[]):redis.netty4.IntegerReply" />
			<role name="Request()" element="redis.server.netty.SimpleRedisServer::expireat(byte[], byte[]):redis.netty4.IntegerReply" />
			<role name="Request()" element="redis.server.netty.SimpleRedisServer::keys(byte[]):redis.netty4.MultiBulkReply" />
			<role name="Request()" element="redis.server.netty.SimpleRedisServer::persist(byte[]):redis.netty4.IntegerReply" />
			<role name="Request()" element="redis.server.netty.SimpleRedisServer::pexpire(byte[], byte[]):redis.netty4.IntegerReply" />
			<role name="Request()" element="redis.server.netty.SimpleRedisServer::pexpireat(byte[], byte[]):redis.netty4.IntegerReply" />
			<role name="Request()" element="redis.server.netty.SimpleRedisServer::pttl(byte[]):redis.netty4.IntegerReply" />
			<role name="Request()" element="redis.server.netty.SimpleRedisServer::randomkey():redis.netty4.BulkReply" />
			<role name="Request()" element="redis.server.netty.SimpleRedisServer::rename(byte[], byte[]):redis.netty4.StatusReply" />
			<role name="Request()" element="redis.server.netty.SimpleRedisServer::renamenx(byte[], byte[]):redis.netty4.IntegerReply" />
			<role name="Request()" element="redis.server.netty.SimpleRedisServer::ttl(byte[]):redis.netty4.IntegerReply" />
		</instance>
	</pattern>
	<pattern name="Command" />
	<pattern name="Composite" />
	<pattern name="Decorator" />
	<pattern name="Observer" />
	<pattern name="State" />
	<pattern name="Strategy" />
	<pattern name="Bridge" />
	<pattern name="Template Method" />
	<pattern name="Visitor" />
	<pattern name="Proxy" />
	<pattern name="Proxy2" />
	<pattern name="Chain of Responsibility" />
</system>

