<?xml version="1.0" encoding="UTF-8"?>
<system>
	<pattern name="Factory Method" />
	<pattern name="Prototype" />
	<pattern name="Singleton">
		<instance>
			<role name="Singleton" element="fjord.runtime.JiteClassLoader" />
			<role name="uniqueInstance" element="fjord.runtime.JiteClassLoader::INSTANCE:fjord.runtime.JiteClassLoader" />
		</instance>
	</pattern>
	<pattern name="(Object)Adapter" />
	<pattern name="Command" />
	<pattern name="Composite" />
	<pattern name="Decorator" />
	<pattern name="Observer" />
	<pattern name="State">
		<instance>
			<role name="State" element="fjord.types.TypeClass" />
			<role name="Context" element="fjord.ast.Const" />
			<role name="state" element="fjord.ast.Const::typeClass:fjord.types.TypeClass" />
			<role name="Request()" element="fjord.ast.Const::parseValue():java.lang.Object" />
		</instance>
	</pattern>
	<pattern name="Strategy" />
	<pattern name="Bridge" />
	<pattern name="Template Method" />
	<pattern name="Visitor">
		<instance>
			<role name="ConcreteElement" element="fjord.ast.expr.ApplicationExpression" />
			<role name="Visitor" element="fjord.ast.NodeVisitor" />
			<role name="Accept()" element="fjord.ast.expr.ApplicationExpression::accept(fjord.ast.NodeVisitor):void" />
		</instance>
		<instance>
			<role name="ConcreteElement" element="fjord.ast.expr.ArrayExpression" />
			<role name="Visitor" element="fjord.ast.NodeVisitor" />
			<role name="Accept()" element="fjord.ast.expr.ArrayExpression::accept(fjord.ast.NodeVisitor):void" />
		</instance>
		<instance>
			<role name="ConcreteElement" element="fjord.ast.expr.AssertExpression" />
			<role name="Visitor" element="fjord.ast.NodeVisitor" />
			<role name="Accept()" element="fjord.ast.expr.AssertExpression::accept(fjord.ast.NodeVisitor):void" />
		</instance>
		<instance>
			<role name="ConcreteElement" element="fjord.ast.expr.AssignmentExpression" />
			<role name="Visitor" element="fjord.ast.NodeVisitor" />
			<role name="Accept()" element="fjord.ast.expr.AssignmentExpression::accept(fjord.ast.NodeVisitor):void" />
		</instance>
		<instance>
			<role name="ConcreteElement" element="fjord.ast.expr.ConstantExpression" />
			<role name="Visitor" element="fjord.ast.NodeVisitor" />
			<role name="Accept()" element="fjord.ast.expr.ConstantExpression::accept(fjord.ast.NodeVisitor):void" />
		</instance>
		<instance>
			<role name="ConcreteElement" element="fjord.ast.expr.DeterministicDisposalExpression" />
			<role name="Visitor" element="fjord.ast.NodeVisitor" />
			<role name="Accept()" element="fjord.ast.expr.DeterministicDisposalExpression::accept(fjord.ast.NodeVisitor):void" />
		</instance>
		<instance>
			<role name="ConcreteElement" element="fjord.ast.expr.DotLookupExpression" />
			<role name="Visitor" element="fjord.ast.NodeVisitor" />
			<role name="Accept()" element="fjord.ast.expr.DotLookupExpression::accept(fjord.ast.NodeVisitor):void" />
		</instance>
		<instance>
			<role name="ConcreteElement" element="fjord.ast.expr.DowncastExpression" />
			<role name="Visitor" element="fjord.ast.NodeVisitor" />
			<role name="Accept()" element="fjord.ast.expr.DowncastExpression::accept(fjord.ast.NodeVisitor):void" />
		</instance>
		<instance>
			<role name="ConcreteElement" element="fjord.ast.expr.ElifBranch" />
			<role name="Visitor" element="fjord.ast.NodeVisitor" />
			<role name="Accept()" element="fjord.ast.expr.ElifBranch::accept(fjord.ast.NodeVisitor):void" />
		</instance>
		<instance>
			<role name="ConcreteElement" element="fjord.ast.expr.FieldInitializer" />
			<role name="Visitor" element="fjord.ast.NodeVisitor" />
			<role name="Accept()" element="fjord.ast.expr.FieldInitializer::accept(fjord.ast.NodeVisitor):void" />
		</instance>
		<instance>
			<role name="ConcreteElement" element="fjord.ast.expr.FunctionDefinitionExpression" />
			<role name="Visitor" element="fjord.ast.NodeVisitor" />
			<role name="Accept()" element="fjord.ast.expr.FunctionDefinitionExpression::accept(fjord.ast.NodeVisitor):void" />
		</instance>
		<instance>
			<role name="ConcreteElement" element="fjord.ast.expr.IfExpression" />
			<role name="Visitor" element="fjord.ast.NodeVisitor" />
			<role name="Accept()" element="fjord.ast.expr.IfExpression::accept(fjord.ast.NodeVisitor):void" />
		</instance>
		<instance>
			<role name="ConcreteElement" element="fjord.ast.expr.LazyExpression" />
			<role name="Visitor" element="fjord.ast.NodeVisitor" />
			<role name="Accept()" element="fjord.ast.expr.LazyExpression::accept(fjord.ast.NodeVisitor):void" />
		</instance>
		<instance>
			<role name="ConcreteElement" element="fjord.ast.expr.ListExpression" />
			<role name="Visitor" element="fjord.ast.NodeVisitor" />
			<role name="Accept()" element="fjord.ast.expr.ListExpression::accept(fjord.ast.NodeVisitor):void" />
		</instance>
		<instance>
			<role name="ConcreteElement" element="fjord.ast.expr.MatchExpression" />
			<role name="Visitor" element="fjord.ast.NodeVisitor" />
			<role name="Accept()" element="fjord.ast.expr.MatchExpression::accept(fjord.ast.NodeVisitor):void" />
		</instance>
		<instance>
			<role name="ConcreteElement" element="fjord.ast.expr.MatchingFunctionExpression" />
			<role name="Visitor" element="fjord.ast.NodeVisitor" />
			<role name="Accept()" element="fjord.ast.expr.MatchingFunctionExpression::accept(fjord.ast.NodeVisitor):void" />
		</instance>
		<instance>
			<role name="ConcreteElement" element="fjord.ast.expr.NullExpression" />
			<role name="Visitor" element="fjord.ast.NodeVisitor" />
			<role name="Accept()" element="fjord.ast.expr.NullExpression::accept(fjord.ast.NodeVisitor):void" />
		</instance>
		<instance>
			<role name="ConcreteElement" element="fjord.ast.expr.RecordCloningExpression" />
			<role name="Visitor" element="fjord.ast.NodeVisitor" />
			<role name="Accept()" element="fjord.ast.expr.RecordCloningExpression::accept(fjord.ast.NodeVisitor):void" />
		</instance>
		<instance>
			<role name="ConcreteElement" element="fjord.ast.expr.RecordExpression" />
			<role name="Visitor" element="fjord.ast.NodeVisitor" />
			<role name="Accept()" element="fjord.ast.expr.RecordExpression::accept(fjord.ast.NodeVisitor):void" />
		</instance>
		<instance>
			<role name="ConcreteElement" element="fjord.ast.expr.SimpleForLoop" />
			<role name="Visitor" element="fjord.ast.NodeVisitor" />
			<role name="Accept()" element="fjord.ast.expr.SimpleForLoop::accept(fjord.ast.NodeVisitor):void" />
		</instance>
		<instance>
			<role name="ConcreteElement" element="fjord.ast.expr.SimpleObjectExpression" />
			<role name="Visitor" element="fjord.ast.NodeVisitor" />
			<role name="Accept()" element="fjord.ast.expr.SimpleObjectExpression::accept(fjord.ast.NodeVisitor):void" />
		</instance>
		<instance>
			<role name="ConcreteElement" element="fjord.ast.expr.TryFinallyExpression" />
			<role name="Visitor" element="fjord.ast.NodeVisitor" />
			<role name="Accept()" element="fjord.ast.expr.TryFinallyExpression::accept(fjord.ast.NodeVisitor):void" />
		</instance>
		<instance>
			<role name="ConcreteElement" element="fjord.ast.expr.TryWithExpression" />
			<role name="Visitor" element="fjord.ast.NodeVisitor" />
			<role name="Accept()" element="fjord.ast.expr.TryWithExpression::accept(fjord.ast.NodeVisitor):void" />
		</instance>
		<instance>
			<role name="ConcreteElement" element="fjord.ast.expr.TupleExpression" />
			<role name="Visitor" element="fjord.ast.NodeVisitor" />
			<role name="Accept()" element="fjord.ast.expr.TupleExpression::accept(fjord.ast.NodeVisitor):void" />
		</instance>
		<instance>
			<role name="ConcreteElement" element="fjord.ast.expr.TypeAnnotationExpression" />
			<role name="Visitor" element="fjord.ast.NodeVisitor" />
			<role name="Accept()" element="fjord.ast.expr.TypeAnnotationExpression::accept(fjord.ast.NodeVisitor):void" />
		</instance>
		<instance>
			<role name="ConcreteElement" element="fjord.ast.expr.TypeApplicationExpression" />
			<role name="Visitor" element="fjord.ast.NodeVisitor" />
			<role name="Accept()" element="fjord.ast.expr.TypeApplicationExpression::accept(fjord.ast.NodeVisitor):void" />
		</instance>
		<instance>
			<role name="ConcreteElement" element="fjord.ast.expr.UpcastExpression" />
			<role name="Visitor" element="fjord.ast.NodeVisitor" />
			<role name="Accept()" element="fjord.ast.expr.UpcastExpression::accept(fjord.ast.NodeVisitor):void" />
		</instance>
		<instance>
			<role name="ConcreteElement" element="fjord.ast.expr.ValueDefinitionExpression" />
			<role name="Visitor" element="fjord.ast.NodeVisitor" />
			<role name="Accept()" element="fjord.ast.expr.ValueDefinitionExpression::accept(fjord.ast.NodeVisitor):void" />
		</instance>
		<instance>
			<role name="ConcreteElement" element="fjord.ast.expr.WhileExpression" />
			<role name="Visitor" element="fjord.ast.NodeVisitor" />
			<role name="Accept()" element="fjord.ast.expr.WhileExpression::accept(fjord.ast.NodeVisitor):void" />
		</instance>
		<instance>
			<role name="ConcreteElement" element="fjord.ast.AnonymousModule" />
			<role name="Visitor" element="fjord.ast.NodeVisitor" />
			<role name="Accept()" element="fjord.ast.AnonymousModule::accept(fjord.ast.NodeVisitor):void" />
		</instance>
		<instance>
			<role name="ConcreteElement" element="fjord.ast.Const" />
			<role name="Visitor" element="fjord.ast.NodeVisitor" />
			<role name="Accept()" element="fjord.ast.Const::accept(fjord.ast.NodeVisitor):void" />
		</instance>
		<instance>
			<role name="ConcreteElement" element="fjord.ast.Ident" />
			<role name="Visitor" element="fjord.ast.NodeVisitor" />
			<role name="Accept()" element="fjord.ast.Ident::accept(fjord.ast.NodeVisitor):void" />
		</instance>
		<instance>
			<role name="ConcreteElement" element="fjord.ast.ModuleFunctionDefinition" />
			<role name="Visitor" element="fjord.ast.NodeVisitor" />
			<role name="Accept()" element="fjord.ast.ModuleFunctionDefinition::accept(fjord.ast.NodeVisitor):void" />
		</instance>
		<instance>
			<role name="ConcreteElement" element="fjord.ast.ScriptFragment" />
			<role name="Visitor" element="fjord.ast.NodeVisitor" />
			<role name="Accept()" element="fjord.ast.ScriptFragment::accept(fjord.ast.NodeVisitor):void" />
		</instance>
		<instance>
			<role name="ConcreteElement" element="fjord.ast.expr.BaseCall" />
			<role name="Visitor" element="fjord.ast.NodeVisitor" />
			<role name="Accept()" element="fjord.ast.expr.BaseCall::accept(fjord.ast.NodeVisitor):void" />
		</instance>
		<instance>
			<role name="ConcreteElement" element="fjord.ast.expr.ObjectConstruction" />
			<role name="Visitor" element="fjord.ast.NodeVisitor" />
			<role name="Accept()" element="fjord.ast.expr.ObjectConstruction::accept(fjord.ast.NodeVisitor):void" />
		</instance>
		<instance>
			<role name="ConcreteElement" element="fjord.ast.pat.ArrayPattern" />
			<role name="Visitor" element="fjord.ast.NodeVisitor" />
			<role name="Accept()" element="fjord.ast.pat.ArrayPattern::accept(fjord.ast.NodeVisitor):void" />
		</instance>
		<instance>
			<role name="ConcreteElement" element="fjord.ast.pat.ListPattern" />
			<role name="Visitor" element="fjord.ast.NodeVisitor" />
			<role name="Accept()" element="fjord.ast.pat.ListPattern::accept(fjord.ast.NodeVisitor):void" />
		</instance>
		<instance>
			<role name="ConcreteElement" element="fjord.ast.pat.RecordPattern" />
			<role name="Visitor" element="fjord.ast.NodeVisitor" />
			<role name="Accept()" element="fjord.ast.pat.RecordPattern::accept(fjord.ast.NodeVisitor):void" />
		</instance>
		<instance>
			<role name="ConcreteElement" element="fjord.ast.pat.TuplePattern" />
			<role name="Visitor" element="fjord.ast.NodeVisitor" />
			<role name="Accept()" element="fjord.ast.pat.TuplePattern::accept(fjord.ast.NodeVisitor):void" />
		</instance>
		<instance>
			<role name="ConcreteElement" element="fjord.ast.patparam.ListPatParam" />
			<role name="Visitor" element="fjord.ast.NodeVisitor" />
			<role name="Accept()" element="fjord.ast.patparam.ListPatParam::accept(fjord.ast.NodeVisitor):void" />
		</instance>
		<instance>
			<role name="ConcreteElement" element="fjord.ast.patparam.TuplePatParam" />
			<role name="Visitor" element="fjord.ast.NodeVisitor" />
			<role name="Accept()" element="fjord.ast.patparam.TuplePatParam::accept(fjord.ast.NodeVisitor):void" />
		</instance>
		<instance>
			<role name="ConcreteElement" element="fjord.ast.typar.TyparDefns" />
			<role name="Visitor" element="fjord.ast.NodeVisitor" />
			<role name="Accept()" element="fjord.ast.typar.TyparDefns::accept(fjord.ast.NodeVisitor):void" />
		</instance>
		<instance>
			<role name="ConcreteElement" element="fjord.ast.type.TupleType" />
			<role name="Visitor" element="fjord.ast.NodeVisitor" />
			<role name="Accept()" element="fjord.ast.type.TupleType::accept(fjord.ast.NodeVisitor):void" />
		</instance>
		<instance>
			<role name="ConcreteElement" element="fjord.ast.typedefn.ArgSpec" />
			<role name="Visitor" element="fjord.ast.NodeVisitor" />
			<role name="Accept()" element="fjord.ast.typedefn.ArgSpec::accept(fjord.ast.NodeVisitor):void" />
		</instance>
		<instance>
			<role name="ConcreteElement" element="fjord.ast.typedefn.ClassInheritsDecl" />
			<role name="Visitor" element="fjord.ast.NodeVisitor" />
			<role name="Accept()" element="fjord.ast.typedefn.ClassInheritsDecl::accept(fjord.ast.NodeVisitor):void" />
		</instance>
		<instance>
			<role name="ConcreteElement" element="fjord.ast.typedefn.CurriedSig" />
			<role name="Visitor" element="fjord.ast.NodeVisitor" />
			<role name="Accept()" element="fjord.ast.typedefn.CurriedSig::accept(fjord.ast.NodeVisitor):void" />
		</instance>
		<instance>
			<role name="ConcreteElement" element="fjord.ast.typedefn.EnumTypeCase" />
			<role name="Visitor" element="fjord.ast.NodeVisitor" />
			<role name="Accept()" element="fjord.ast.typedefn.EnumTypeCase::accept(fjord.ast.NodeVisitor):void" />
		</instance>
		<instance>
			<role name="ConcreteElement" element="fjord.ast.typedefn.ExceptionAbbreviation" />
			<role name="Visitor" element="fjord.ast.NodeVisitor" />
			<role name="Accept()" element="fjord.ast.typedefn.ExceptionAbbreviation::accept(fjord.ast.NodeVisitor):void" />
		</instance>
		<instance>
			<role name="ConcreteElement" element="fjord.ast.typedefn.ExceptionDefinition" />
			<role name="Visitor" element="fjord.ast.NodeVisitor" />
			<role name="Accept()" element="fjord.ast.typedefn.ExceptionDefinition::accept(fjord.ast.NodeVisitor):void" />
		</instance>
		<instance>
			<role name="ConcreteElement" element="fjord.ast.typedefn.FunctionDefn" />
			<role name="Visitor" element="fjord.ast.NodeVisitor" />
			<role name="Accept()" element="fjord.ast.typedefn.FunctionDefn::accept(fjord.ast.NodeVisitor):void" />
		</instance>
		<instance>
			<role name="ConcreteElement" element="fjord.ast.typedefn.InterfaceSpec" />
			<role name="Visitor" element="fjord.ast.NodeVisitor" />
			<role name="Accept()" element="fjord.ast.typedefn.InterfaceSpec::accept(fjord.ast.NodeVisitor):void" />
		</instance>
		<instance>
			<role name="ConcreteElement" element="fjord.ast.typedefn.MemberSig" />
			<role name="Visitor" element="fjord.ast.NodeVisitor" />
			<role name="Accept()" element="fjord.ast.typedefn.MemberSig::accept(fjord.ast.NodeVisitor):void" />
		</instance>
		<instance>
			<role name="ConcreteElement" element="fjord.ast.typedefn.NAryUnionCase" />
			<role name="Visitor" element="fjord.ast.NodeVisitor" />
			<role name="Accept()" element="fjord.ast.typedefn.NAryUnionCase::accept(fjord.ast.NodeVisitor):void" />
		</instance>
		<instance>
			<role name="ConcreteElement" element="fjord.ast.typedefn.UncurriedSig" />
			<role name="Visitor" element="fjord.ast.NodeVisitor" />
			<role name="Accept()" element="fjord.ast.typedefn.UncurriedSig::accept(fjord.ast.NodeVisitor):void" />
		</instance>
		<instance>
			<role name="ConcreteElement" element="fjord.ast.typedefn.UnionTypeCase" />
			<role name="Visitor" element="fjord.ast.NodeVisitor" />
			<role name="Accept()" element="fjord.ast.typedefn.UnionTypeCase::accept(fjord.ast.NodeVisitor):void" />
		</instance>
		<instance>
			<role name="Visitor" element="fjord.ast.NodeVisitor" />
			<role name="ConcreteElement" element="fjord.ast.CompilerDirectiveDecl" />
			<role name="Accept()" element="fjord.ast.CompilerDirectiveDecl::accept(fjord.ast.NodeVisitor):void" />
		</instance>
		<instance>
			<role name="Visitor" element="fjord.ast.NodeVisitor" />
			<role name="ConcreteElement" element="fjord.ast.ImportDecl" />
			<role name="Accept()" element="fjord.ast.ImportDecl::accept(fjord.ast.NodeVisitor):void" />
		</instance>
		<instance>
			<role name="Visitor" element="fjord.ast.NodeVisitor" />
			<role name="ConcreteElement" element="fjord.ast.ModuleAbbrev" />
			<role name="Accept()" element="fjord.ast.ModuleAbbrev::accept(fjord.ast.NodeVisitor):void" />
		</instance>
		<instance>
			<role name="Visitor" element="fjord.ast.NodeVisitor" />
			<role name="ConcreteElement" element="fjord.ast.ValueDefn" />
			<role name="Accept()" element="fjord.ast.ValueDefn::accept(fjord.ast.NodeVisitor):void" />
		</instance>
		<instance>
			<role name="Visitor" element="fjord.ast.NodeVisitor" />
			<role name="ConcreteElement" element="fjord.ast.typedefn.AbbrevTypeDefn" />
			<role name="Accept()" element="fjord.ast.typedefn.AbbrevTypeDefn::accept(fjord.ast.NodeVisitor):void" />
		</instance>
		<instance>
			<role name="Visitor" element="fjord.ast.NodeVisitor" />
			<role name="ConcreteElement" element="fjord.ast.typedefn.DelegateTypeDefn" />
			<role name="Accept()" element="fjord.ast.typedefn.DelegateTypeDefn::accept(fjord.ast.NodeVisitor):void" />
		</instance>
		<instance>
			<role name="Visitor" element="fjord.ast.NodeVisitor" />
			<role name="ConcreteElement" element="fjord.ast.typedefn.EnumTypeDefn" />
			<role name="Accept()" element="fjord.ast.typedefn.EnumTypeDefn::accept(fjord.ast.NodeVisitor):void" />
		</instance>
		<instance>
			<role name="Visitor" element="fjord.ast.NodeVisitor" />
			<role name="ConcreteElement" element="fjord.ast.typedefn.InterfaceTypeDefn" />
			<role name="Accept()" element="fjord.ast.typedefn.InterfaceTypeDefn::accept(fjord.ast.NodeVisitor):void" />
		</instance>
		<instance>
			<role name="Visitor" element="fjord.ast.NodeVisitor" />
			<role name="ConcreteElement" element="fjord.ast.typedefn.RecordTypeDefn" />
			<role name="Accept()" element="fjord.ast.typedefn.RecordTypeDefn::accept(fjord.ast.NodeVisitor):void" />
		</instance>
		<instance>
			<role name="Visitor" element="fjord.ast.NodeVisitor" />
			<role name="ConcreteElement" element="fjord.ast.typedefn.TypeExtension" />
			<role name="Accept()" element="fjord.ast.typedefn.TypeExtension::accept(fjord.ast.NodeVisitor):void" />
		</instance>
		<instance>
			<role name="Visitor" element="fjord.ast.NodeVisitor" />
			<role name="ConcreteElement" element="fjord.ast.typedefn.UnionTypeDefn" />
			<role name="Accept()" element="fjord.ast.typedefn.UnionTypeDefn::accept(fjord.ast.NodeVisitor):void" />
		</instance>
		<instance>
			<role name="ConcreteElement" element="fjord.ast.pat.AsPattern" />
			<role name="Visitor" element="fjord.ast.NodeVisitor" />
			<role name="Accept()" element="fjord.ast.pat.AsPattern::accept(fjord.ast.NodeVisitor):void" />
		</instance>
		<instance>
			<role name="ConcreteElement" element="fjord.ast.pat.AttributedPattern" />
			<role name="Visitor" element="fjord.ast.NodeVisitor" />
			<role name="Accept()" element="fjord.ast.pat.AttributedPattern::accept(fjord.ast.NodeVisitor):void" />
		</instance>
		<instance>
			<role name="ConcreteElement" element="fjord.ast.pat.ConjunctivePattern" />
			<role name="Visitor" element="fjord.ast.NodeVisitor" />
			<role name="Accept()" element="fjord.ast.pat.ConjunctivePattern::accept(fjord.ast.NodeVisitor):void" />
		</instance>
		<instance>
			<role name="ConcreteElement" element="fjord.ast.pat.ConsPattern" />
			<role name="Visitor" element="fjord.ast.NodeVisitor" />
			<role name="Accept()" element="fjord.ast.pat.ConsPattern::accept(fjord.ast.NodeVisitor):void" />
		</instance>
		<instance>
			<role name="ConcreteElement" element="fjord.ast.pat.ConstantPattern" />
			<role name="Visitor" element="fjord.ast.NodeVisitor" />
			<role name="Accept()" element="fjord.ast.pat.ConstantPattern::accept(fjord.ast.NodeVisitor):void" />
		</instance>
		<instance>
			<role name="ConcreteElement" element="fjord.ast.pat.DisjunctivePattern" />
			<role name="Visitor" element="fjord.ast.NodeVisitor" />
			<role name="Accept()" element="fjord.ast.pat.DisjunctivePattern::accept(fjord.ast.NodeVisitor):void" />
		</instance>
		<instance>
			<role name="ConcreteElement" element="fjord.ast.pat.DynamicTypeTestPattern" />
			<role name="Visitor" element="fjord.ast.NodeVisitor" />
			<role name="Accept()" element="fjord.ast.pat.DynamicTypeTestPattern::accept(fjord.ast.NodeVisitor):void" />
		</instance>
		<instance>
			<role name="ConcreteElement" element="fjord.ast.pat.FieldPattern" />
			<role name="Visitor" element="fjord.ast.NodeVisitor" />
			<role name="Accept()" element="fjord.ast.pat.FieldPattern::accept(fjord.ast.NodeVisitor):void" />
		</instance>
		<instance>
			<role name="ConcreteElement" element="fjord.ast.pat.NamedPattern" />
			<role name="Visitor" element="fjord.ast.NodeVisitor" />
			<role name="Accept()" element="fjord.ast.pat.NamedPattern::accept(fjord.ast.NodeVisitor):void" />
		</instance>
		<instance>
			<role name="ConcreteElement" element="fjord.ast.pat.NullTestPattern" />
			<role name="Visitor" element="fjord.ast.NodeVisitor" />
			<role name="Accept()" element="fjord.ast.pat.NullTestPattern::accept(fjord.ast.NodeVisitor):void" />
		</instance>
		<instance>
			<role name="ConcreteElement" element="fjord.ast.pat.TypeConstrainedPattern" />
			<role name="Visitor" element="fjord.ast.NodeVisitor" />
			<role name="Accept()" element="fjord.ast.pat.TypeConstrainedPattern::accept(fjord.ast.NodeVisitor):void" />
		</instance>
		<instance>
			<role name="ConcreteElement" element="fjord.ast.pat.WildcardPattern" />
			<role name="Visitor" element="fjord.ast.NodeVisitor" />
			<role name="Accept()" element="fjord.ast.pat.WildcardPattern::accept(fjord.ast.NodeVisitor):void" />
		</instance>
		<instance>
			<role name="Visitor" element="fjord.ast.NodeVisitor" />
			<role name="ConcreteElement" element="fjord.ast.typar.Typar$AnonymousTypeVariable" />
			<role name="Accept()" element="fjord.ast.typar.Typar$AnonymousTypeVariable::accept(fjord.ast.NodeVisitor):void" />
		</instance>
		<instance>
			<role name="Visitor" element="fjord.ast.NodeVisitor" />
			<role name="ConcreteElement" element="fjord.ast.typar.Typar$StaticHeadTypeVariable" />
			<role name="Accept()" element="fjord.ast.typar.Typar$StaticHeadTypeVariable::accept(fjord.ast.NodeVisitor):void" />
		</instance>
		<instance>
			<role name="Visitor" element="fjord.ast.NodeVisitor" />
			<role name="ConcreteElement" element="fjord.ast.typar.Typar$TypeVariable" />
			<role name="Accept()" element="fjord.ast.typar.Typar$TypeVariable::accept(fjord.ast.NodeVisitor):void" />
		</instance>
		<instance>
			<role name="Visitor" element="fjord.ast.NodeVisitor" />
			<role name="ConcreteElement" element="fjord.ast.typar.TyparDefn" />
			<role name="Accept()" element="fjord.ast.typar.TyparDefn::accept(fjord.ast.NodeVisitor):void" />
		</instance>
		<instance>
			<role name="Visitor" element="fjord.ast.NodeVisitor" />
			<role name="ConcreteElement" element="fjord.ast.type.AnonymousTypeWithSubtypeConstraint" />
			<role name="Accept()" element="fjord.ast.type.AnonymousTypeWithSubtypeConstraint::accept(fjord.ast.NodeVisitor):void" />
		</instance>
		<instance>
			<role name="Visitor" element="fjord.ast.NodeVisitor" />
			<role name="ConcreteElement" element="fjord.ast.type.ArrayType" />
			<role name="Accept()" element="fjord.ast.type.ArrayType::accept(fjord.ast.NodeVisitor):void" />
		</instance>
		<instance>
			<role name="Visitor" element="fjord.ast.NodeVisitor" />
			<role name="ConcreteElement" element="fjord.ast.type.ConstrainedType" />
			<role name="Accept()" element="fjord.ast.type.ConstrainedType::accept(fjord.ast.NodeVisitor):void" />
		</instance>
		<instance>
			<role name="Visitor" element="fjord.ast.NodeVisitor" />
			<role name="ConcreteElement" element="fjord.ast.type.FunctionType" />
			<role name="Accept()" element="fjord.ast.type.FunctionType::accept(fjord.ast.NodeVisitor):void" />
		</instance>
		<instance>
			<role name="Visitor" element="fjord.ast.NodeVisitor" />
			<role name="ConcreteElement" element="fjord.ast.type.NamedType" />
			<role name="Accept()" element="fjord.ast.type.NamedType::accept(fjord.ast.NodeVisitor):void" />
		</instance>
		<instance>
			<role name="ConcreteElement" element="fjord.ast.type.constraint.CoercionConstraint" />
			<role name="Visitor" element="fjord.ast.NodeVisitor" />
			<role name="Accept()" element="fjord.ast.type.constraint.CoercionConstraint::accept(fjord.ast.NodeVisitor):void" />
		</instance>
		<instance>
			<role name="ConcreteElement" element="fjord.ast.type.constraint.ComparisonConstraint" />
			<role name="Visitor" element="fjord.ast.NodeVisitor" />
			<role name="Accept()" element="fjord.ast.type.constraint.ComparisonConstraint::accept(fjord.ast.NodeVisitor):void" />
		</instance>
		<instance>
			<role name="ConcreteElement" element="fjord.ast.type.constraint.DefaultConstructorConstraint" />
			<role name="Visitor" element="fjord.ast.NodeVisitor" />
			<role name="Accept()" element="fjord.ast.type.constraint.DefaultConstructorConstraint::accept(fjord.ast.NodeVisitor):void" />
		</instance>
		<instance>
			<role name="ConcreteElement" element="fjord.ast.type.constraint.DelegateDecompositionConstraint" />
			<role name="Visitor" element="fjord.ast.NodeVisitor" />
			<role name="Accept()" element="fjord.ast.type.constraint.DelegateDecompositionConstraint::accept(fjord.ast.NodeVisitor):void" />
		</instance>
		<instance>
			<role name="ConcreteElement" element="fjord.ast.type.constraint.EnumDecompositionConstraint" />
			<role name="Visitor" element="fjord.ast.NodeVisitor" />
			<role name="Accept()" element="fjord.ast.type.constraint.EnumDecompositionConstraint::accept(fjord.ast.NodeVisitor):void" />
		</instance>
		<instance>
			<role name="ConcreteElement" element="fjord.ast.type.constraint.EqualityConstraint" />
			<role name="Visitor" element="fjord.ast.NodeVisitor" />
			<role name="Accept()" element="fjord.ast.type.constraint.EqualityConstraint::accept(fjord.ast.NodeVisitor):void" />
		</instance>
		<instance>
			<role name="ConcreteElement" element="fjord.ast.type.constraint.NullnessConstraint" />
			<role name="Visitor" element="fjord.ast.NodeVisitor" />
			<role name="Accept()" element="fjord.ast.type.constraint.NullnessConstraint::accept(fjord.ast.NodeVisitor):void" />
		</instance>
		<instance>
			<role name="ConcreteElement" element="fjord.ast.type.constraint.ReferenceTypeConstraint" />
			<role name="Visitor" element="fjord.ast.NodeVisitor" />
			<role name="Accept()" element="fjord.ast.type.constraint.ReferenceTypeConstraint::accept(fjord.ast.NodeVisitor):void" />
		</instance>
		<instance>
			<role name="ConcreteElement" element="fjord.ast.type.constraint.StructConstraint" />
			<role name="Visitor" element="fjord.ast.NodeVisitor" />
			<role name="Accept()" element="fjord.ast.type.constraint.StructConstraint::accept(fjord.ast.NodeVisitor):void" />
		</instance>
		<instance>
			<role name="ConcreteElement" element="fjord.ast.type.constraint.UnmanagedConstraint" />
			<role name="Visitor" element="fjord.ast.NodeVisitor" />
			<role name="Accept()" element="fjord.ast.type.constraint.UnmanagedConstraint::accept(fjord.ast.NodeVisitor):void" />
		</instance>
		<instance>
			<role name="ConcreteElement" element="fjord.ast.patparam.ConstantPatParam" />
			<role name="Visitor" element="fjord.ast.NodeVisitor" />
			<role name="Accept()" element="fjord.ast.patparam.ConstantPatParam::accept(fjord.ast.NodeVisitor):void" />
		</instance>
		<instance>
			<role name="ConcreteElement" element="fjord.ast.patparam.IdentParamPatParam" />
			<role name="Visitor" element="fjord.ast.NodeVisitor" />
			<role name="Accept()" element="fjord.ast.patparam.IdentParamPatParam::accept(fjord.ast.NodeVisitor):void" />
		</instance>
		<instance>
			<role name="ConcreteElement" element="fjord.ast.patparam.IdentPatParam" />
			<role name="Visitor" element="fjord.ast.NodeVisitor" />
			<role name="Accept()" element="fjord.ast.patparam.IdentPatParam::accept(fjord.ast.NodeVisitor):void" />
		</instance>
		<instance>
			<role name="ConcreteElement" element="fjord.ast.patparam.NullPatParam" />
			<role name="Visitor" element="fjord.ast.NodeVisitor" />
			<role name="Accept()" element="fjord.ast.patparam.NullPatParam::accept(fjord.ast.NodeVisitor):void" />
		</instance>
		<instance>
			<role name="ConcreteElement" element="fjord.ast.patparam.TypedPatParam" />
			<role name="Visitor" element="fjord.ast.NodeVisitor" />
			<role name="Accept()" element="fjord.ast.patparam.TypedPatParam::accept(fjord.ast.NodeVisitor):void" />
		</instance>
		<instance>
			<role name="ConcreteElement" element="fjord.ast.type.atomic.AnoymousWithSubtypeConstraintAtomicType" />
			<role name="Visitor" element="fjord.ast.NodeVisitor" />
			<role name="Accept()" element="fjord.ast.type.atomic.AnoymousWithSubtypeConstraintAtomicType::accept(fjord.ast.NodeVisitor):void" />
		</instance>
		<instance>
			<role name="ConcreteElement" element="fjord.ast.type.atomic.TypeLongIdentAtomicType" />
			<role name="Visitor" element="fjord.ast.NodeVisitor" />
			<role name="Accept()" element="fjord.ast.type.atomic.TypeLongIdentAtomicType::accept(fjord.ast.NodeVisitor):void" />
		</instance>
		<instance>
			<role name="ConcreteElement" element="fjord.ast.type.atomic.TypeTypeAtomicType" />
			<role name="Visitor" element="fjord.ast.NodeVisitor" />
			<role name="Accept()" element="fjord.ast.type.atomic.TypeTypeAtomicType::accept(fjord.ast.NodeVisitor):void" />
		</instance>
		<instance>
			<role name="ConcreteElement" element="fjord.ast.typedefn.NullaryUnionCase" />
			<role name="Visitor" element="fjord.ast.NodeVisitor" />
			<role name="Accept()" element="fjord.ast.typedefn.NullaryUnionCase::accept(fjord.ast.NodeVisitor):void" />
		</instance>
		<instance>
			<role name="ConcreteElement" element="fjord.ast.typedefn.UncurriedSigUnionCase" />
			<role name="Visitor" element="fjord.ast.NodeVisitor" />
			<role name="Accept()" element="fjord.ast.typedefn.UncurriedSigUnionCase::accept(fjord.ast.NodeVisitor):void" />
		</instance>
	</pattern>
	<pattern name="Proxy" />
	<pattern name="Proxy2" />
	<pattern name="Chain of Responsibility" />
</system>

