<?xml version="1.0" encoding="UTF-8"?>
<system>
	<pattern name="Factory Method">
		<instance>
			<role name="Creator" element="org.surfnet.oaaas.auth.ResourceOwnerAuthenticator" />
			<role name="FactoryMethod()" element="org.surfnet.oaaas.auth.ResourceOwnerAuthenticator::authenticate(java.lang.String, java.lang.String):org.surfnet.oaaas.auth.principal.AuthenticatedPrincipal" />
		</instance>
	</pattern>
	<pattern name="Prototype" />
	<pattern name="Singleton" />
	<pattern name="(Object)Adapter">
		<instance>
			<role name="Adapter" element="org.surfnet.oaaas.conext.SAMLAuthenticator" />
			<role name="Adaptee" element="org.surfnet.oaaas.conext.OpenSAMLContext" />
			<role name="adaptee" element="org.surfnet.oaaas.conext.SAMLAuthenticator::openSAMLContext:org.surfnet.oaaas.conext.OpenSAMLContext" />
			<role name="Request()" element="org.surfnet.oaaas.conext.SAMLAuthenticator::authenticate(javax.servlet.http.HttpServletRequest, javax.servlet.http.HttpServletResponse, javax.servlet.FilterChain, java.lang.String, java.lang.String):void" />
		</instance>
		<instance>
			<role name="Adaptee" element="org.surfnet.oaaas.repository.ResourceOwnerRepository" />
			<role name="Adapter" element="org.surfnet.oaaas.auth.LocalResourceOwnerAuthenticator" />
			<role name="adaptee" element="org.surfnet.oaaas.auth.LocalResourceOwnerAuthenticator::resourceOwnerRepository:org.surfnet.oaaas.repository.ResourceOwnerRepository" />
			<role name="Request()" element="org.surfnet.oaaas.auth.LocalResourceOwnerAuthenticator::authenticate(java.lang.String, java.lang.String):org.surfnet.oaaas.auth.principal.AuthenticatedPrincipal" />
		</instance>
	</pattern>
	<pattern name="Command" />
	<pattern name="Composite" />
	<pattern name="Decorator" />
	<pattern name="Observer" />
	<pattern name="State">
		<instance>
			<role name="State" element="org.surfnet.oaaas.repository.AccessTokenRepository" />
			<role name="Context" element="org.surfnet.oaaas.resource.resourceserver.ResourceServerResource" />
			<role name="state" element="org.surfnet.oaaas.resource.resourceserver.ResourceServerResource::accessTokenRepository:org.surfnet.oaaas.repository.AccessTokenRepository" />
			<role name="Request()" element="org.surfnet.oaaas.resource.resourceserver.ResourceServerResource::stats(javax.servlet.http.HttpServletRequest):javax.ws.rs.core.Response" />
		</instance>
		<instance>
			<role name="State" element="org.surfnet.oaaas.repository.AccessTokenRepository" />
			<role name="Context" element="org.surfnet.oaaas.resource.VerifyResource" />
			<role name="state" element="org.surfnet.oaaas.resource.VerifyResource::accessTokenRepository:org.surfnet.oaaas.repository.AccessTokenRepository" />
			<role name="Request()" element="org.surfnet.oaaas.resource.VerifyResource::verifyToken(java.lang.String, java.lang.String):javax.ws.rs.core.Response" />
		</instance>
		<instance>
			<role name="State" element="org.surfnet.oaaas.repository.AccessTokenRepository" />
			<role name="Context" element="org.surfnet.oaaas.resource.RevokeResource" />
			<role name="state" element="org.surfnet.oaaas.resource.RevokeResource::accessTokenRepository:org.surfnet.oaaas.repository.AccessTokenRepository" />
			<role name="Request()" element="org.surfnet.oaaas.resource.RevokeResource::revokeAccessToken(java.lang.String, javax.ws.rs.core.MultivaluedMap):javax.ws.rs.core.Response" />
		</instance>
		<instance>
			<role name="State" element="org.surfnet.oaaas.repository.AccessTokenRepository" />
			<role name="Context" element="org.surfnet.oaaas.resource.TokenResource" />
			<role name="state" element="org.surfnet.oaaas.resource.TokenResource::accessTokenRepository:org.surfnet.oaaas.repository.AccessTokenRepository" />
			<role name="Request()" element="org.surfnet.oaaas.resource.TokenResource::refreshTokenToken(org.surfnet.oaaas.model.AccessTokenRequest):org.surfnet.oaaas.model.AuthorizationRequest" />
		</instance>
		<instance>
			<role name="State" element="org.surfnet.oaaas.repository.AccessTokenRepository" />
			<role name="Context" element="org.surfnet.oaaas.resource.resourceserver.AccessTokenResource" />
			<role name="state" element="org.surfnet.oaaas.resource.resourceserver.AccessTokenResource::accessTokenRepository:org.surfnet.oaaas.repository.AccessTokenRepository" />
			<role name="Request()" element="org.surfnet.oaaas.resource.resourceserver.AccessTokenResource::getAccessToken(javax.servlet.http.HttpServletRequest, java.lang.Long):org.surfnet.oaaas.model.AccessToken" />
			<role name="Request()" element="org.surfnet.oaaas.resource.resourceserver.AccessTokenResource::getAllAccessTokens(javax.servlet.http.HttpServletRequest):java.util.List" />
		</instance>
		<instance>
			<role name="State" element="org.surfnet.oaaas.repository.AccessTokenRepository" />
			<role name="Context" element="org.surfnet.oaaas.support.Cleaner" />
			<role name="state" element="org.surfnet.oaaas.support.Cleaner::accessTokenRepository:org.surfnet.oaaas.repository.AccessTokenRepository" />
			<role name="Request()" element="org.surfnet.oaaas.support.Cleaner::cleanupExpiredAccessTokens():void" />
		</instance>
		<instance>
			<role name="State" element="org.surfnet.oaaas.repository.ResourceServerRepository" />
			<role name="Context" element="org.surfnet.oaaas.resource.resourceserver.ResourceServerResource" />
			<role name="state" element="org.surfnet.oaaas.resource.resourceserver.ResourceServerResource::resourceServerRepository:org.surfnet.oaaas.repository.ResourceServerRepository" />
			<role name="Request()" element="org.surfnet.oaaas.resource.resourceserver.ResourceServerResource::getResourceServer(javax.servlet.http.HttpServletRequest, java.lang.Long):org.surfnet.oaaas.model.ResourceServer" />
			<role name="Request()" element="org.surfnet.oaaas.resource.resourceserver.ResourceServerResource::getAllResourceServers(javax.servlet.http.HttpServletRequest):java.util.List" />
		</instance>
		<instance>
			<role name="State" element="org.surfnet.oaaas.repository.ResourceServerRepository" />
			<role name="Context" element="org.surfnet.oaaas.resource.VerifyResource" />
			<role name="state" element="org.surfnet.oaaas.resource.VerifyResource::resourceServerRepository:org.surfnet.oaaas.repository.ResourceServerRepository" />
			<role name="Request()" element="org.surfnet.oaaas.resource.VerifyResource::getResourceServer(org.surfnet.oaaas.auth.principal.BasicAuthCredentials):org.surfnet.oaaas.model.ResourceServer" />
		</instance>
		<instance>
			<role name="State" element="org.surfnet.oaaas.repository.ResourceOwnerRepository" />
			<role name="Context" element="org.surfnet.oaaas.resource.resourceserver.ResourceOwnerResource" />
			<role name="state" element="org.surfnet.oaaas.resource.resourceserver.ResourceOwnerResource::resourceOwnerRepository:org.surfnet.oaaas.repository.ResourceOwnerRepository" />
			<role name="Request()" element="org.surfnet.oaaas.resource.resourceserver.ResourceOwnerResource::getResourceOwner(javax.servlet.http.HttpServletRequest, java.lang.Long):org.surfnet.oaaas.model.ResourceOwner" />
			<role name="Request()" element="org.surfnet.oaaas.resource.resourceserver.ResourceOwnerResource::getAllResourceOwners(javax.servlet.http.HttpServletRequest):java.util.List" />
		</instance>
		<instance>
			<role name="Context" element="org.surfnet.oaaas.consent.FormUserConsentHandler" />
			<role name="State" element="org.surfnet.oaaas.repository.AccessTokenRepository" />
			<role name="state" element="org.surfnet.oaaas.consent.FormUserConsentHandler::accessTokenRepository:org.surfnet.oaaas.repository.AccessTokenRepository" />
			<role name="Request()" element="org.surfnet.oaaas.consent.FormUserConsentHandler::processInitial(javax.servlet.http.HttpServletRequest, javax.servlet.ServletResponse, javax.servlet.FilterChain, java.lang.String, java.lang.String, org.surfnet.oaaas.model.Client):void" />
		</instance>
		<instance>
			<role name="Context" element="org.surfnet.oaaas.consent.FormUserConsentHandler" />
			<role name="State" element="org.surfnet.oaaas.repository.AuthorizationRequestRepository" />
			<role name="state" element="org.surfnet.oaaas.consent.FormUserConsentHandler::authorizationRequestRepository:org.surfnet.oaaas.repository.AuthorizationRequestRepository" />
			<role name="Request()" element="org.surfnet.oaaas.consent.FormUserConsentHandler::processInitial(javax.servlet.http.HttpServletRequest, javax.servlet.ServletResponse, javax.servlet.FilterChain, java.lang.String, java.lang.String, org.surfnet.oaaas.model.Client):void" />
		</instance>
		<instance>
			<role name="Context" element="org.surfnet.oaaas.resource.TokenResource" />
			<role name="State" element="org.surfnet.oaaas.repository.AuthorizationRequestRepository" />
			<role name="state" element="org.surfnet.oaaas.resource.TokenResource::authorizationRequestRepository:org.surfnet.oaaas.repository.AuthorizationRequestRepository" />
			<role name="Request()" element="org.surfnet.oaaas.resource.TokenResource::findAuthorizationRequest(javax.servlet.http.HttpServletRequest):org.surfnet.oaaas.model.AuthorizationRequest" />
			<role name="Request()" element="org.surfnet.oaaas.resource.TokenResource::authorizationCodeToken(org.surfnet.oaaas.model.AccessTokenRequest):org.surfnet.oaaas.model.AuthorizationRequest" />
		</instance>
		<instance>
			<role name="Context" element="org.surfnet.oaaas.auth.UserConsentFilter" />
			<role name="State" element="org.surfnet.oaaas.repository.AuthorizationRequestRepository" />
			<role name="state" element="org.surfnet.oaaas.auth.UserConsentFilter::authorizationRequestRepository:org.surfnet.oaaas.repository.AuthorizationRequestRepository" />
			<role name="Request()" element="org.surfnet.oaaas.auth.UserConsentFilter::findAuthorizationRequest(javax.servlet.http.HttpServletRequest):org.surfnet.oaaas.model.AuthorizationRequest" />
		</instance>
		<instance>
			<role name="Context" element="org.surfnet.oaaas.conext.SAMLAuthenticator" />
			<role name="State" element="org.surfnet.oaaas.repository.AuthorizationRequestRepository" />
			<role name="state" element="org.surfnet.oaaas.conext.SAMLAuthenticator::authorizationRequestRepository:org.surfnet.oaaas.repository.AuthorizationRequestRepository" />
			<role name="Request()" element="org.surfnet.oaaas.conext.SAMLAuthenticator::getClientByRequest(java.lang.String):org.surfnet.oaaas.model.Client" />
		</instance>
		<instance>
			<role name="State" element="org.surfnet.oaaas.model.TokenResponseCache" />
			<role name="Context" element="org.surfnet.oaaas.auth.AuthorizationServerFilter" />
			<role name="state" element="org.surfnet.oaaas.auth.AuthorizationServerFilter::cache:org.surfnet.oaaas.model.TokenResponseCache" />
			<role name="Request()" element="org.surfnet.oaaas.auth.AuthorizationServerFilter::getVerifyTokenResponse(java.lang.String):org.surfnet.oaaas.model.VerifyTokenResponse" />
		</instance>
		<instance>
			<role name="State" element="org.surfnet.oaaas.repository.ResourceOwnerRepository" />
			<role name="Context" element="org.surfnet.oaaas.auth.LocalResourceOwnerAuthenticator" />
			<role name="state" element="org.surfnet.oaaas.auth.LocalResourceOwnerAuthenticator::resourceOwnerRepository:org.surfnet.oaaas.repository.ResourceOwnerRepository" />
			<role name="Request()" element="org.surfnet.oaaas.auth.LocalResourceOwnerAuthenticator::authenticate(java.lang.String, java.lang.String):org.surfnet.oaaas.auth.principal.AuthenticatedPrincipal" />
		</instance>
		<instance>
			<role name="Context" element="org.surfnet.oaaas.resource.resourceserver.AbstractResource" />
			<role name="State" element="org.surfnet.oaaas.repository.ExceptionTranslator" />
			<role name="state" element="org.surfnet.oaaas.resource.resourceserver.AbstractResource::exceptionTranslator:org.surfnet.oaaas.repository.ExceptionTranslator" />
			<role name="Request()" element="org.surfnet.oaaas.resource.resourceserver.AbstractResource::buildErrorResponse(java.lang.Exception):javax.ws.rs.core.Response" />
		</instance>
	</pattern>
	<pattern name="Strategy" />
	<pattern name="Bridge" />
	<pattern name="Template Method">
		<instance>
			<role name="AbstractClass" element="org.surfnet.oaaas.auth.AbstractAuthenticator" />
			<role name="TemplateMethod()" element="org.surfnet.oaaas.auth.AbstractAuthenticator::doFilter(javax.servlet.ServletRequest, javax.servlet.ServletResponse, javax.servlet.FilterChain):void" />
		</instance>
		<instance>
			<role name="AbstractClass" element="org.surfnet.oaaas.auth.AbstractUserConsentHandler" />
			<role name="TemplateMethod()" element="org.surfnet.oaaas.auth.AbstractUserConsentHandler::doFilter(javax.servlet.ServletRequest, javax.servlet.ServletResponse, javax.servlet.FilterChain):void" />
		</instance>
	</pattern>
	<pattern name="Visitor" />
	<pattern name="Proxy" />
	<pattern name="Proxy2" />
	<pattern name="Chain of Responsibility" />
</system>

