<?xml version="1.0" encoding="UTF-8"?>
<system>
	<pattern name="Factory Method" />
	<pattern name="Prototype" />
	<pattern name="Singleton" />
	<pattern name="(Object)Adapter" />
	<pattern name="Command" />
	<pattern name="Composite" />
	<pattern name="Decorator" />
	<pattern name="Observer" />
	<pattern name="State">
		<instance>
			<role name="Context" element="org.neo4j.batchimport.Importer" />
			<role name="State" element="org.neo4j.batchimport.Report" />
			<role name="state" element="org.neo4j.batchimport.Importer::report:org.neo4j.batchimport.Report" />
			<role name="Request()" element="org.neo4j.batchimport.Importer::finish():void" />
			<role name="Request()" element="org.neo4j.batchimport.Importer::importNodes(java.io.Reader):void" />
			<role name="Request()" element="org.neo4j.batchimport.Importer::importRelationships(java.io.Reader):void" />
			<role name="Request()" element="org.neo4j.batchimport.Importer::importIndex(java.lang.String, org.neo4j.unsafe.batchinsert.BatchInserterIndex, java.io.Reader):void" />
		</instance>
	</pattern>
	<pattern name="Strategy" />
	<pattern name="Bridge" />
	<pattern name="Template Method">
		<instance>
			<role name="AbstractClass" element="org.neo4j.batchimport.importer.AbstractLineData" />
			<role name="TemplateMethod()" element="org.neo4j.batchimport.importer.AbstractLineData::parse():int" />
		</instance>
	</pattern>
	<pattern name="Visitor" />
	<pattern name="Proxy" />
	<pattern name="Proxy2" />
	<pattern name="Chain of Responsibility" />
</system>

