<?xml version="1.0" encoding="UTF-8"?>
<system>
	<pattern name="Factory Method" />
	<pattern name="Prototype" />
	<pattern name="Singleton" />
	<pattern name="(Object)Adapter">
		<instance>
			<role name="Adaptee" element="org.carrot2.labs.smartsprites.message.MessageLog" />
			<role name="Adapter" element="org.carrot2.labs.smartsprites.resource.FileSystemResourceHandler" />
			<role name="adaptee" element="org.carrot2.labs.smartsprites.resource.FileSystemResourceHandler::messageLog:org.carrot2.labs.smartsprites.message.MessageLog" />
			<role name="Request()" element="org.carrot2.labs.smartsprites.resource.FileSystemResourceHandler::getResourceAsOutputStream(java.lang.String):java.io.OutputStream" />
			<role name="Request()" element="org.carrot2.labs.smartsprites.resource.FileSystemResourceHandler::getResourcePath(java.lang.String, java.lang.String):java.lang.String" />
		</instance>
	</pattern>
	<pattern name="Command" />
	<pattern name="Composite" />
	<pattern name="Decorator" />
	<pattern name="Observer" />
	<pattern name="State">
		<instance>
			<role name="Context" element="org.carrot2.labs.smartsprites.SpriteBuilder" />
			<role name="State" element="org.carrot2.labs.smartsprites.resource.ResourceHandler" />
			<role name="state" element="org.carrot2.labs.smartsprites.SpriteBuilder::resourceHandler:org.carrot2.labs.smartsprites.resource.ResourceHandler" />
			<role name="Request()" element="org.carrot2.labs.smartsprites.SpriteBuilder::createProcessedCss(java.lang.String, java.util.Map, java.util.Map):void" />
		</instance>
		<instance>
			<role name="Context" element="org.carrot2.labs.smartsprites.SpriteImageBuilder" />
			<role name="State" element="org.carrot2.labs.smartsprites.resource.ResourceHandler" />
			<role name="state" element="org.carrot2.labs.smartsprites.SpriteImageBuilder::resourceHandler:org.carrot2.labs.smartsprites.resource.ResourceHandler" />
			<role name="Request()" element="org.carrot2.labs.smartsprites.SpriteImageBuilder::buildSpriteReplacements(org.carrot2.labs.smartsprites.SpriteImageOccurrence, java.util.Collection):java.util.Map" />
			<role name="Request()" element="org.carrot2.labs.smartsprites.SpriteImageBuilder::writeSprite(org.carrot2.labs.smartsprites.SpriteImage, java.awt.image.BufferedImage, boolean):void" />
			<role name="Request()" element="org.carrot2.labs.smartsprites.SpriteImageBuilder::getImageFile(java.lang.String, java.lang.String):java.lang.String" />
		</instance>
		<instance>
			<role name="Context" element="org.carrot2.labs.smartsprites.SpriteDirectiveOccurrenceCollector" />
			<role name="State" element="org.carrot2.labs.smartsprites.resource.ResourceHandler" />
			<role name="state" element="org.carrot2.labs.smartsprites.SpriteDirectiveOccurrenceCollector::resourceHandler:org.carrot2.labs.smartsprites.resource.ResourceHandler" />
			<role name="Request()" element="org.carrot2.labs.smartsprites.SpriteDirectiveOccurrenceCollector::collectSpriteImageOccurrences(java.lang.String):java.util.Collection" />
			<role name="Request()" element="org.carrot2.labs.smartsprites.SpriteDirectiveOccurrenceCollector::collectSpriteReferenceOccurrences(java.lang.String, java.util.Map):java.util.Collection" />
		</instance>
	</pattern>
	<pattern name="Strategy" />
	<pattern name="Bridge" />
	<pattern name="Template Method" />
	<pattern name="Visitor" />
	<pattern name="Proxy" />
	<pattern name="Proxy2" />
	<pattern name="Chain of Responsibility" />
</system>

